#include <pgmspace.h>

#define trans_W  240
#define trans_H 280

const uint16_t trans[] PROGMEM = {
	0x2145, 0x2145, 0x2145, 0x2125, 0x1925, 0x2125, 0x2125, 0x2145, 0x2145, 0x1925, 0x1925, 0x2145, 0x2146, 0x2145, 0x2125, 0x2145, 
	0x2145, 0x2145, 0x2145, 0x2145, 0x2145, 0x2145, 0x2145, 0x1925, 0x2145, 0x2145, 0x1925, 0x1945, 0x1945, 0x1945, 0x2145, 0x2145, 
	0x2145, 0x2145, 0x2145, 0x2145, 0x2145, 0x2145, 0x2145, 0x2145, 0x2145, 0x2145, 0x2145, 0x2145, 0x2145, 0x2145, 0x2145, 0x2145, 
	0x2145, 0x2145, 0x2165, 0x2145, 0x2145, 0x2145, 0x2145, 0x1945, 0x2145, 0x2145, 0x2145, 0x2145, 0x1925, 0x1925, 0x1925, 0x1925, 
	0x1925, 0x2145, 0x2145, 0x2145, 0x1925, 0x1925, 0x2145, 0x2145, 0x2145, 0x2145, 0x2145, 0x1925, 0x1925, 0x2145, 0x2145, 0x2145, 
	0x2145, 0x2145, 0x2145, 0x2145, 0x1925, 0x2145, 0x2145, 0x2145, 0x2145, 0x2145, 0x2145, 0x2145, 0x2145, 0x2145, 0x2145, 0x2145, 
	0x2145, 0x2145, 0x1945, 0x1945, 0x2145, 0x2145, 0x2145, 0x2145, 0x2145, 0x2145, 0x2145, 0x2145, 0x2145, 0x2145, 0x2145, 0x2145, 
	0x2145, 0x2145, 0x1925, 0x1945, 0x2145, 0x2145, 0x2145, 0x1945, 0x2145, 0x2145, 0x2145, 0x2145, 0x2145, 0x2145, 0x2145, 0x2145, 
	0x2145, 0x2145, 0x2145, 0x2145, 0x2145, 0x2145, 0x2145, 0x2145, 0x1925, 0x2145, 0x2125, 0x2125, 0x2125, 0x2125, 0x2125, 0x1925, 
	0x2125, 0x1925, 0x1925, 0x1925, 0x1925, 0x1925, 0x1925, 0x1925, 0x1925, 0x2145, 0x2145, 0x2145, 0x1945, 0x2145, 0x2145, 0x2145, 
	0x2165, 0x2145, 0x2145, 0x2145, 0x2145, 0x2165, 0x2145, 0x2145, 0x2145, 0x2145, 0x2145, 0x2145, 0x2145, 0x1945, 0x2145, 0x2145, 
	0x2145, 0x2145, 0x2145, 0x2145, 0x2145, 0x2145, 0x2145, 0x2145, 0x1925, 0x2125, 0x2125, 0x1925, 0x1925, 0x2125, 0x1925, 0x1925, 
	0x2125, 0x2125, 0x1925, 0x1925, 0x1925, 0x2125, 0x2145, 0x2145, 0x2145, 0x2145, 0x2145, 0x2145, 0x2145, 0x2145, 0x2145, 0x2145, 
	0x2145, 0x2145, 0x2145, 0x2145, 0x2145, 0x2145, 0x2145, 0x2145, 0x2145, 0x2145, 0x2145, 0x2145, 0x2145, 0x2145, 0x2145, 0x2145, 
	0x2145, 0x2145, 0x2145, 0x2145, 0x2145, 0x2145, 0x2145, 0x2145, 0x2145, 0x2145, 0x2145, 0x2145, 0x2145, 0x2145, 0x2125, 0x2125, 
	0x2145, 0x2145, 0x2145, 0x2145, 0x2145, 0x2125, 0x2125, 0x2145, 0x2145, 0x2125, 0x2125, 0x2145, 0x2146, 0x2145, 0x2125, 0x2145, 
	0x2145, 0x2145, 0x2145, 0x2145, 0x2145, 0x2145, 0x2145, 0x2145, 0x2145, 0x2145, 0x1945, 0x1945, 0x1945, 0x2145, 0x2145, 0x2145, 
	0x2145, 0x2145, 0x2145, 0x2145, 0x2145, 0x2145, 0x2145, 0x2145, 0x2145, 0x2145, 0x2145, 0x2145, 0x2145, 0x2145, 0x2145, 0x2145, 
	0x1945, 0x2145, 0x2145, 0x2145, 0x2145, 0x2145, 0x2145, 0x1945, 0x2145, 0x2145, 0x2145, 0x2145, 0x2145, 0x2145, 0x1925, 0x1925, 
	0x1925, 0x2145, 0x2145, 0x2145, 0x1925, 0x1925, 0x2145, 0x2145, 0x2145, 0x2145, 0x2145, 0x2145, 0x2145, 0x2145, 0x2145, 0x2145, 
	0x2145, 0x2145, 0x2145, 0x2145, 0x2145, 0x2145, 0x2145, 0x2145, 0x2145, 0x2145, 0x2145, 0x2145, 0x2145, 0x2145, 0x2145, 0x2145, 
	0x2145, 0x2145, 0x2145, 0x2145, 0x2145, 0x2145, 0x2145, 0x2145, 0x2145, 0x2145, 0x2145, 0x2145, 0x2145, 0x2145, 0x2145, 0x2145, 
	0x2145, 0x2145, 0x1945, 0x1945, 0x2145, 0x2145, 0x2145, 0x2145, 0x2145, 0x2145, 0x2145, 0x2145, 0x2145, 0x2145, 0x2145, 0x2145, 
	0x2145, 0x2145, 0x2145, 0x2145, 0x2145, 0x2145, 0x2145, 0x2145, 0x2145, 0x2145, 0x2145, 0x2125, 0x2125, 0x2125, 0x2125, 0x2125, 
	0x2125, 0x1925, 0x1925, 0x1925, 0x1925, 0x2145, 0x2145, 0x2145, 0x1925, 0x2145, 0x2145, 0x2145, 0x1945, 0x2145, 0x2145, 0x2145, 
	0x2165, 0x2145, 0x2145, 0x2145, 0x2145, 0x2165, 0x2145, 0x2145, 0x2145, 0x2145, 0x2145, 0x2145, 0x2145, 0x2145, 0x2145, 0x2145, 
	0x2145, 0x2145, 0x2145, 0x2145, 0x2145, 0x2145, 0x2145, 0x2145, 0x2145, 0x2145, 0x2145, 0x2125, 0x2125, 0x2125, 0x2125, 0x2125, 
	0x2125, 0x2125, 0x1925, 0x2125, 0x2125, 0x2145, 0x2145, 0x2145, 0x2145, 0x2145, 0x2145, 0x2145, 0x2145, 0x2145, 0x2145, 0x2145, 
	0x2145, 0x2145, 0x2145, 0x2145, 0x2145, 0x2145, 0x2145, 0x2145, 0x2145, 0x2145, 0x2145, 0x2145, 0x2145, 0x2145, 0x2145, 0x1945, 
	0x2145, 0x2125, 0x2145, 0x2145, 0x2145, 0x2145, 0x2145, 0x2145, 0x2145, 0x2145, 0x2145, 0x2145, 0x2145, 0x2145, 0x2145, 0x2125, 
	0x2145, 0x2145, 0x2145, 0x2145, 0x2145, 0x2145, 0x2145, 0x2145, 0x2145, 0x2145, 0x2145, 0x2145, 0x2146, 0x2145, 0x2145, 0x2145, 
	0x2145, 0x2145, 0x2145, 0x2145, 0x2145, 0x2145, 0x2145, 0x2145, 0x2145, 0x2145, 0x1945, 0x1945, 0x2145, 0x2145, 0x2145, 0x2145, 
	0x2145, 0x2145, 0x2145, 0x2145, 0x2145, 0x2145, 0x2145, 0x2145, 0x2145, 0x2145, 0x2145, 0x2145, 0x2145, 0x2145, 0x2145, 0x2145, 
	0x1945, 0x1945, 0x2145, 0x2145, 0x2145, 0x2145, 0x2145, 0x2145, 0x2145, 0x2145, 0x2145, 0x2145, 0x2145, 0x1925, 0x1925, 0x1925, 
	0x2145, 0x2145, 0x2145, 0x1925, 0x1925, 0x2145, 0x2145, 0x2145, 0x1925, 0x2145, 0x2145, 0x2145, 0x2145, 0x2145, 0x2145, 0x1925, 
	0x1925, 0x2145, 0x2145, 0x2145, 0x2145, 0x2145, 0x2145, 0x2145, 0x2145, 0x2145, 0x2145, 0x2145, 0x2145, 0x2145, 0x2145, 0x2145, 
	0x2145, 0x2145, 0x2145, 0x2145, 0x2165, 0x2165, 0x2145, 0x2145, 0x2145, 0x2145, 0x2145, 0x2145, 0x2145, 0x2145, 0x2145, 0x2145, 
	0x2145, 0x2145, 0x2145, 0x2145, 0x2145, 0x2145, 0x2145, 0x2145, 0x2145, 0x2145, 0x2145, 0x2145, 0x2145, 0x2145, 0x2145, 0x2145, 
	0x2145, 0x2145, 0x2145, 0x2145, 0x2145, 0x2145, 0x2145, 0x2145, 0x2145, 0x2145, 0x2145, 0x2145, 0x2125, 0x2145, 0x2145, 0x2145, 
	0x2125, 0x2125, 0x1925, 0x2145, 0x2145, 0x2145, 0x2145, 0x2145, 0x2145, 0x2145, 0x2145, 0x2145, 0x1945, 0x2145, 0x2145, 0x2145, 
	0x2165, 0x2145, 0x2145, 0x2145, 0x2145, 0x2145, 0x2145, 0x1945, 0x2145, 0x2145, 0x2145, 0x2145, 0x2145, 0x2145, 0x2145, 0x2145, 
	0x2145, 0x2145, 0x2145, 0x2145, 0x2145, 0x2145, 0x2145, 0x2145, 0x2145, 0x2145, 0x2125, 0x1925, 0x1925, 0x2125, 0x2125, 0x2125, 
	0x2125, 0x2125, 0x2125, 0x2145, 0x2145, 0x2145, 0x2145, 0x2145, 0x2145, 0x2145, 0x2145, 0x2145, 0x2145, 0x2145, 0x1945, 0x2145, 
	0x1945, 0x2145, 0x2145, 0x2145, 0x2145, 0x2145, 0x2145, 0x1945, 0x2145, 0x2145, 0x2145, 0x2145, 0x1945, 0x2145, 0x2145, 0x1945, 
	0x2145, 0x2125, 0x2145, 0x2145, 0x2145, 0x2145, 0x2145, 0x2145, 0x2145, 0x2145, 0x2145, 0x2145, 0x2146, 0x2145, 0x2145, 0x2125, 
	0x2125, 0x2145, 0x2145, 0x2146, 0x2145, 0x2145, 0x2145, 0x2125, 0x2145, 0x2145, 0x2145, 0x2145, 0x2146, 0x2145, 0x2145, 0x2145, 
	0x2145, 0x2145, 0x2145, 0x2145, 0x2145, 0x2145, 0x2145, 0x2145, 0x2145, 0x2145, 0x2145, 0x2145, 0x2145, 0x2145, 0x2145, 0x2145, 
	0x2145, 0x2145, 0x2145, 0x2145, 0x2145, 0x2145, 0x2145, 0x2145, 0x2145, 0x2145, 0x2145, 0x2145, 0x2145, 0x2145, 0x2145, 0x2145, 
	0x1945, 0x2145, 0x2145, 0x2145, 0x2145, 0x2145, 0x2145, 0x2145, 0x2145, 0x2145, 0x2145, 0x2145, 0x2145, 0x2145, 0x1925, 0x1925, 
	0x2145, 0x2145, 0x2145, 0x1925, 0x1925, 0x2145, 0x2145, 0x2145, 0x2145, 0x2145, 0x2145, 0x2145, 0x2145, 0x2145, 0x2145, 0x2145, 
	0x1925, 0x2145, 0x2145, 0x2145, 0x2145, 0x2145, 0x2145, 0x2145, 0x2145, 0x2145, 0x2145, 0x2145, 0x2145, 0x2145, 0x2145, 0x2145, 
	0x2145, 0x2145, 0x2145, 0x2145, 0x2165, 0x2165, 0x2145, 0x2145, 0x2145, 0x2145, 0x2145, 0x2145, 0x2145, 0x2145, 0x2145, 0x2145, 
	0x2145, 0x2145, 0x2145, 0x2145, 0x2145, 0x1945, 0x2145, 0x2145, 0x2145, 0x2145, 0x2145, 0x2145, 0x2145, 0x1945, 0x2145, 0x2145, 
	0x2145, 0x2145, 0x2145, 0x2145, 0x2145, 0x2145, 0x2145, 0x2145, 0x2145, 0x2145, 0x2145, 0x2145, 0x2145, 0x2145, 0x2145, 0x2145, 
	0x2145, 0x2145, 0x2145, 0x2145, 0x2145, 0x2145, 0x2145, 0x2145, 0x2145, 0x2145, 0x2145, 0x2145, 0x1945, 0x2145, 0x2145, 0x2145, 
	0x2165, 0x2145, 0x2145, 0x2145, 0x2145, 0x2145, 0x2145, 0x1945, 0x2145, 0x2145, 0x2145, 0x2145, 0x2145, 0x2145, 0x2145, 0x2145, 
	0x2145, 0x2145, 0x2145, 0x2145, 0x2145, 0x2145, 0x2145, 0x2145, 0x2145, 0x2145, 0x2125, 0x1925, 0x1925, 0x1925, 0x2125, 0x2125, 
	0x2125, 0x2125, 0x2145, 0x2145, 0x2145, 0x2146, 0x2146, 0x2146, 0x2145, 0x2145, 0x2145, 0x2145, 0x2145, 0x2145, 0x2145, 0x2145, 
	0x1945, 0x2145, 0x2145, 0x2145, 0x2145, 0x2145, 0x2145, 0x1945, 0x2145, 0x2145, 0x2145, 0x2145, 0x1945, 0x2145, 0x2145, 0x1945, 
	0x2145, 0x2145, 0x2145, 0x2145, 0x2145, 0x2145, 0x2145, 0x2145, 0x2145, 0x2145, 0x2145, 0x2145, 0x2146, 0x2145, 0x2145, 0x2125, 
	0x1925, 0x2145, 0x2145, 0x2145, 0x2145, 0x2145, 0x2125, 0x2125, 0x2145, 0x2145, 0x2145, 0x2145, 0x2145, 0x2145, 0x2145, 0x2145, 
	0x2145, 0x1945, 0x1945, 0x1945, 0x2145, 0x2145, 0x2145, 0x2145, 0x2145, 0x2145, 0x2145, 0x2145, 0x2145, 0x2145, 0x2145, 0x2145, 
	0x2145, 0x2145, 0x2145, 0x2145, 0x2145, 0x2145, 0x2145, 0x2145, 0x2165, 0x2145, 0x2145, 0x2145, 0x2145, 0x2145, 0x2145, 0x2145, 
	0x2145, 0x2145, 0x2145, 0x2145, 0x2145, 0x2145, 0x2145, 0x2145, 0x2145, 0x2145, 0x2145, 0x2145, 0x2145, 0x2145, 0x2145, 0x2145, 
	0x2145, 0x2145, 0x1925, 0x1925, 0x1925, 0x2145, 0x2145, 0x2145, 0x2145, 0x2145, 0x2145, 0x2145, 0x2145, 0x2145, 0x2145, 0x2145, 
	0x1925, 0x2145, 0x2145, 0x2145, 0x2145, 0x2145, 0x2145, 0x2145, 0x2145, 0x2145, 0x2145, 0x2145, 0x2145, 0x2145, 0x2145, 0x2165, 
	0x2165, 0x2145, 0x2145, 0x2145, 0x2145, 0x2165, 0x2165, 0x2145, 0x2145, 0x2145, 0x2145, 0x2145, 0x2145, 0x2145, 0x2145, 0x2145, 
	0x2145, 0x2145, 0x2145, 0x2145, 0x2145, 0x1945, 0x2145, 0x2145, 0x2145, 0x2145, 0x2145, 0x2145, 0x1945, 0x1945, 0x2145, 0x2145, 
	0x2145, 0x2145, 0x2145, 0x2145, 0x2145, 0x2145, 0x2145, 0x2145, 0x2145, 0x2145, 0x2145, 0x2145, 0x2145, 0x2145, 0x1945, 0x1945, 
	0x2145, 0x2145, 0x2145, 0x2145, 0x2145, 0x2145, 0x2145, 0x1945, 0x2145, 0x2145, 0x2145, 0x2145, 0x2145, 0x2145, 0x2145, 0x2145, 
	0x2145, 0x2145, 0x2145, 0x2145, 0x2145, 0x2145, 0x2145, 0x1945, 0x2145, 0x2145, 0x2145, 0x2145, 0x2145, 0x2145, 0x2145, 0x2146, 
	0x2145, 0x2145, 0x2145, 0x2145, 0x2145, 0x2145, 0x2145, 0x2145, 0x2145, 0x2145, 0x2145, 0x2125, 0x2125, 0x2125, 0x2145, 0x2145, 
	0x1925, 0x2125, 0x2125, 0x2145, 0x2145, 0x2145, 0x2145, 0x2145, 0x2166, 0x2145, 0x2145, 0x1945, 0x2145, 0x1945, 0x2145, 0x2145, 
	0x1945, 0x1945, 0x2145, 0x2145, 0x2145, 0x2145, 0x1945, 0x1945, 0x1945, 0x2145, 0x2145, 0x2145, 0x1945, 0x2145, 0x2145, 0x2145, 
	0x2145, 0x2145, 0x2145, 0x2145, 0x2145, 0x2145, 0x2125, 0x2125, 0x2145, 0x2145, 0x2145, 0x2145, 0x2145, 0x2145, 0x2125, 0x1925, 
	0x1925, 0x2125, 0x2145, 0x2145, 0x2145, 0x2125, 0x2125, 0x2125, 0x2145, 0x2145, 0x2145, 0x2145, 0x2145, 0x2145, 0x2125, 0x2145, 
	0x2145, 0x2145, 0x2145, 0x2145, 0x2145, 0x2145, 0x2145, 0x2145, 0x2145, 0x2145, 0x2145, 0x2145, 0x2145, 0x2145, 0x2145, 0x2145, 
	0x2145, 0x2145, 0x2145, 0x2145, 0x2145, 0x2145, 0x2145, 0x2145, 0x2145, 0x2145, 0x2145, 0x2145, 0x2145, 0x2145, 0x2145, 0x2145, 
	0x2145, 0x2145, 0x2145, 0x2145, 0x2145, 0x2145, 0x2145, 0x2145, 0x2145, 0x2145, 0x2145, 0x2145, 0x2145, 0x2145, 0x2145, 0x2145, 
	0x2145, 0x2145, 0x2145, 0x1925, 0x1925, 0x2145, 0x2145, 0x2145, 0x2145, 0x2145, 0x2145, 0x1925, 0x1925, 0x2145, 0x2145, 0x2145, 
	0x1925, 0x2145, 0x2145, 0x2145, 0x2145, 0x2145, 0x2145, 0x2145, 0x2145, 0x2145, 0x2145, 0x2145, 0x2145, 0x2145, 0x2145, 0x2145, 
	0x2165, 0x2145, 0x2145, 0x2145, 0x2145, 0x2145, 0x2145, 0x2145, 0x2146, 0x2146, 0x2145, 0x2145, 0x2145, 0x2145, 0x2145, 0x2145, 
	0x2125, 0x2145, 0x2145, 0x2145, 0x2145, 0x2145, 0x2145, 0x2145, 0x2145, 0x2145, 0x2145, 0x2145, 0x2145, 0x2145, 0x2145, 0x2145, 
	0x2125, 0x2125, 0x1925, 0x1925, 0x2145, 0x2145, 0x2145, 0x2145, 0x1945, 0x1945, 0x2145, 0x2145, 0x2145, 0x2145, 0x1945, 0x1945, 
	0x1945, 0x1945, 0x1945, 0x2145, 0x2145, 0x2145, 0x2145, 0x2145, 0x2145, 0x2145, 0x2145, 0x2145, 0x2145, 0x2145, 0x2145, 0x2145, 
	0x2145, 0x2145, 0x2145, 0x2145, 0x2145, 0x2145, 0x2145, 0x1945, 0x2145, 0x2145, 0x2146, 0x2145, 0x2145, 0x2125, 0x2145, 0x2146, 
	0x2145, 0x2145, 0x2145, 0x2145, 0x2145, 0x2145, 0x2145, 0x2145, 0x2145, 0x2145, 0x2125, 0x2145, 0x2125, 0x2145, 0x2145, 0x2145, 
	0x1925, 0x1925, 0x2145, 0x2145, 0x2145, 0x2145, 0x2145, 0x2145, 0x2145, 0x2145, 0x1945, 0x1945, 0x1945, 0x1945, 0x2145, 0x2145, 
	0x1945, 0x1945, 0x2145, 0x2145, 0x2145, 0x2145, 0x1945, 0x1945, 0x1945, 0x2145, 0x2145, 0x2145, 0x1945, 0x2145, 0x2145, 0x2145, 
	0x2145, 0x2145, 0x2145, 0x2145, 0x2145, 0x2145, 0x2145, 0x2125, 0x2145, 0x2145, 0x2145, 0x2145, 0x2145, 0x2145, 0x2125, 0x1925, 
	0x2125, 0x2125, 0x2145, 0x2145, 0x2125, 0x2125, 0x2125, 0x2145, 0x2145, 0x2145, 0x2145, 0x2145, 0x2125, 0x2125, 0x2125, 0x2145, 
	0x2145, 0x2145, 0x2145, 0x2145, 0x2145, 0x2145, 0x2145, 0x2145, 0x2145, 0x2145, 0x2145, 0x2145, 0x2145, 0x2145, 0x2145, 0x2145, 
	0x1945, 0x1945, 0x2145, 0x2145, 0x2145, 0x2145, 0x2145, 0x2145, 0x2145, 0x2145, 0x2145, 0x2145, 0x2145, 0x2145, 0x2145, 0x2145, 
	0x2145, 0x2145, 0x2145, 0x2145, 0x2145, 0x2145, 0x2145, 0x2145, 0x2145, 0x2145, 0x2145, 0x1945, 0x1945, 0x1945, 0x1925, 0x1925, 
	0x1925, 0x2145, 0x2145, 0x1925, 0x1925, 0x2145, 0x2145, 0x2145, 0x2145, 0x2145, 0x2145, 0x2145, 0x2145, 0x2145, 0x2145, 0x2145, 
	0x2145, 0x2145, 0x2145, 0x2145, 0x2145, 0x2145, 0x2145, 0x1945, 0x2145, 0x2145, 0x2145, 0x1945, 0x1945, 0x1945, 0x2145, 0x2145, 
	0x2145, 0x2145, 0x2145, 0x2145, 0x2145, 0x2146, 0x2145, 0x2145, 0x2146, 0x2145, 0x2145, 0x2145, 0x2145, 0x2145, 0x2145, 0x2145, 
	0x2145, 0x2145, 0x2145, 0x2145, 0x2145, 0x2145, 0x2145, 0x2145, 0x2145, 0x2145, 0x2145, 0x2145, 0x2145, 0x2145, 0x2145, 0x2125, 
	0x2125, 0x2125, 0x2125, 0x2145, 0x2145, 0x1945, 0x1945, 0x1945, 0x1925, 0x1945, 0x1945, 0x2145, 0x2145, 0x1945, 0x1945, 0x1945, 
	0x2145, 0x1945, 0x2145, 0x2145, 0x2145, 0x2145, 0x2145, 0x2145, 0x2145, 0x2145, 0x2145, 0x2145, 0x2145, 0x1945, 0x1945, 0x1945, 
	0x2145, 0x2145, 0x2145, 0x2145, 0x2145, 0x2145, 0x2145, 0x2145, 0x2145, 0x2145, 0x2145, 0x2145, 0x2145, 0x2145, 0x2145, 0x2146, 
	0x2145, 0x2145, 0x2145, 0x2145, 0x2145, 0x2145, 0x2145, 0x2145, 0x2145, 0x2125, 0x2125, 0x2145, 0x2125, 0x1925, 0x1925, 0x2145, 
	0x1925, 0x1925, 0x1945, 0x1945, 0x2145, 0x2145, 0x2145, 0x2145, 0x2145, 0x2145, 0x1945, 0x2145, 0x2145, 0x1945, 0x1945, 0x2145, 
	0x1945, 0x1945, 0x2145, 0x2145, 0x2145, 0x2145, 0x1945, 0x1945, 0x1945, 0x2145, 0x2145, 0x2145, 0x1945, 0x2145, 0x2145, 0x2145, 
	0x2145, 0x2145, 0x2145, 0x2145, 0x2145, 0x2145, 0x2145, 0x2145, 0x2145, 0x2145, 0x2145, 0x2145, 0x2145, 0x2145, 0x2125, 0x2125, 
	0x2145, 0x2145, 0x2145, 0x2125, 0x2125, 0x2125, 0x2145, 0x2145, 0x2145, 0x2145, 0x2145, 0x2145, 0x2125, 0x2145, 0x2145, 0x2145, 
	0x2145, 0x2145, 0x2145, 0x2145, 0x2145, 0x2145, 0x2145, 0x2145, 0x2145, 0x2145, 0x2145, 0x2145, 0x2145, 0x2145, 0x2145, 0x2145, 
	0x2145, 0x2145, 0x2145, 0x2145, 0x2145, 0x2145, 0x2145, 0x2145, 0x2145, 0x2145, 0x2145, 0x2145, 0x2145, 0x2145, 0x2145, 0x2145, 
	0x2145, 0x2145, 0x2145, 0x2145, 0x2145, 0x2145, 0x2145, 0x2145, 0x2145, 0x2145, 0x2145, 0x2145, 0x2145, 0x1945, 0x1945, 0x1945, 
	0x1925, 0x2145, 0x2145, 0x2145, 0x1925, 0x2145, 0x2145, 0x2145, 0x2145, 0x2145, 0x2145, 0x2145, 0x2145, 0x2145, 0x1945, 0x1945, 
	0x2145, 0x2145, 0x2145, 0x2145, 0x2145, 0x2145, 0x1945, 0x1945, 0x2145, 0x2145, 0x2145, 0x1945, 0x1945, 0x1945, 0x2145, 0x2145, 
	0x2145, 0x2145, 0x2145, 0x2145, 0x2146, 0x2146, 0x2145, 0x2145, 0x2146, 0x2145, 0x2145, 0x2145, 0x2145, 0x2145, 0x2145, 0x2145, 
	0x2145, 0x2145, 0x2145, 0x2145, 0x2145, 0x2145, 0x2145, 0x2145, 0x2145, 0x2145, 0x2145, 0x1945, 0x1945, 0x1945, 0x2145, 0x2125, 
	0x2145, 0x2125, 0x2125, 0x2145, 0x1945, 0x1945, 0x1945, 0x1945, 0x1945, 0x2145, 0x2145, 0x2145, 0x2145, 0x1945, 0x1945, 0x1945, 
	0x2145, 0x2145, 0x2145, 0x2145, 0x2145, 0x2145, 0x2145, 0x1945, 0x2145, 0x2145, 0x2145, 0x2146, 0x2146, 0x1945, 0x1945, 0x1945, 
	0x1945, 0x1945, 0x2145, 0x2145, 0x2145, 0x2145, 0x2145, 0x2145, 0x2145, 0x2145, 0x2145, 0x2145, 0x2145, 0x2146, 0x2146, 0x2145, 
	0x2145, 0x2145, 0x2145, 0x2145, 0x2145, 0x2145, 0x2145, 0x2145, 0x2145, 0x2145, 0x2145, 0x2145, 0x2145, 0x2145, 0x2145, 0x2145, 
	0x1945, 0x1945, 0x2145, 0x2145, 0x2145, 0x2145, 0x2145, 0x2145, 0x1945, 0x1945, 0x1945, 0x2145, 0x2145, 0x2145, 0x1945, 0x1945, 
	0x1945, 0x1945, 0x1945, 0x1945, 0x1945, 0x1945, 0x1945, 0x1945, 0x1945, 0x2145, 0x2165, 0x2145, 0x1945, 0x1945, 0x2145, 0x2145, 
	0x2145, 0x2145, 0x2145, 0x2145, 0x2145, 0x2145, 0x2145, 0x2145, 0x2145, 0x2145, 0x2145, 0x2145, 0x2145, 0x2145, 0x2125, 0x2125, 
	0x2146, 0x2145, 0x2145, 0x2145, 0x2145, 0x2145, 0x2145, 0x2145, 0x2145, 0x2145, 0x2145, 0x2145, 0x2145, 0x2145, 0x2145, 0x2145, 
	0x2145, 0x2145, 0x2145, 0x2145, 0x2145, 0x2145, 0x2145, 0x2145, 0x2145, 0x2145, 0x2145, 0x2145, 0x2145, 0x2145, 0x2145, 0x2145, 
	0x2145, 0x2145, 0x2145, 0x2145, 0x2145, 0x2145, 0x2145, 0x2145, 0x2145, 0x2145, 0x2145, 0x2145, 0x2145, 0x2145, 0x2145, 0x2145, 
	0x2145, 0x2145, 0x2145, 0x2145, 0x2145, 0x2145, 0x2145, 0x2145, 0x2145, 0x2145, 0x2145, 0x2145, 0x2145, 0x2145, 0x2145, 0x2145, 
	0x2145, 0x2145, 0x2145, 0x2145, 0x2145, 0x2145, 0x2145, 0x2145, 0x1925, 0x1925, 0x1925, 0x1945, 0x2145, 0x1945, 0x1945, 0x2145, 
	0x2145, 0x2145, 0x1925, 0x1925, 0x1925, 0x1925, 0x1925, 0x1925, 0x2145, 0x2145, 0x2145, 0x1945, 0x1945, 0x2145, 0x2165, 0x2165, 
	0x2165, 0x2145, 0x2145, 0x2145, 0x2166, 0x2166, 0x2146, 0x2145, 0x2145, 0x2145, 0x2145, 0x2145, 0x2145, 0x2125, 0x2145, 0x2145, 
	0x2145, 0x2145, 0x2145, 0x2145, 0x2145, 0x1945, 0x2145, 0x2145, 0x1945, 0x1945, 0x1945, 0x1945, 0x2145, 0x2145, 0x2145, 0x2145, 
	0x2125, 0x2125, 0x1925, 0x2145, 0x1945, 0x1945, 0x1945, 0x1945, 0x2145, 0x1945, 0x1945, 0x1945, 0x1945, 0x1945, 0x1945, 0x1945, 
	0x2145, 0x2145, 0x2145, 0x2145, 0x2145, 0x2145, 0x2145, 0x1945, 0x2145, 0x2145, 0x2146, 0x2146, 0x2146, 0x1945, 0x1945, 0x1945, 
	0x2145, 0x2145, 0x2145, 0x2145, 0x2145, 0x2145, 0x2145, 0x2145, 0x2145, 0x2145, 0x2145, 0x2145, 0x2145, 0x2146, 0x2146, 0x2145, 
	0x2145, 0x2145, 0x2145, 0x2145, 0x2145, 0x2145, 0x2145, 0x2125, 0x2145, 0x2145, 0x2145, 0x2145, 0x2145, 0x2145, 0x2145, 0x1925, 
	0x1945, 0x2145, 0x2145, 0x2145, 0x1945, 0x1945, 0x2145, 0x2145, 0x2145, 0x1945, 0x1945, 0x2145, 0x2145, 0x1945, 0x1945, 0x2145, 
	0x2145, 0x2145, 0x2145, 0x1945, 0x1945, 0x2145, 0x2145, 0x2145, 0x2145, 0x2145, 0x2145, 0x2145, 0x2145, 0x2145, 0x2145, 0x2145, 
	0x2145, 0x2125, 0x2145, 0x2145, 0x2145, 0x2145, 0x2145, 0x2145, 0x2145, 0x2145, 0x2145, 0x2145, 0x2145, 0x2125, 0x2125, 0x2125, 
	0x2145, 0x2145, 0x2145, 0x2145, 0x2145, 0x2145, 0x2125, 0x2125, 0x2145, 0x2145, 0x2145, 0x2145, 0x2145, 0x2145, 0x2145, 0x2145, 
	0x2145, 0x2145, 0x1945, 0x2145, 0x2145, 0x2145, 0x2145, 0x2145, 0x2145, 0x2145, 0x2145, 0x2145, 0x2145, 0x2145, 0x2145, 0x2145, 
	0x2145, 0x2145, 0x2145, 0x2145, 0x2145, 0x2145, 0x2145, 0x2145, 0x2145, 0x2145, 0x2145, 0x2145, 0x2145, 0x2145, 0x2145, 0x2145, 
	0x2145, 0x2145, 0x2145, 0x2145, 0x2145, 0x2145, 0x2145, 0x2145, 0x2145, 0x2145, 0x1945, 0x1945, 0x1945, 0x1945, 0x1945, 0x1925, 
	0x2145, 0x2145, 0x2145, 0x2145, 0x2145, 0x2145, 0x2145, 0x2145, 0x2145, 0x1925, 0x1925, 0x1945, 0x1945, 0x1945, 0x1945, 0x1945, 
	0x2145, 0x2145, 0x1925, 0x1945, 0x1945, 0x1945, 0x1945, 0x1945, 0x1945, 0x2145, 0x2145, 0x1945, 0x1945, 0x2145, 0x2145, 0x2145, 
	0x2165, 0x2145, 0x2145, 0x2145, 0x2145, 0x2146, 0x2145, 0x2145, 0x2145, 0x2145, 0x2145, 0x2145, 0x2145, 0x2125, 0x2145, 0x2145, 
	0x2125, 0x2145, 0x2145, 0x2145, 0x1945, 0x1945, 0x2145, 0x2145, 0x2145, 0x2145, 0x2145, 0x2145, 0x2145, 0x1945, 0x2145, 0x1925, 
	0x2145, 0x2145, 0x2145, 0x2145, 0x1945, 0x1945, 0x1945, 0x1945, 0x2145, 0x2145, 0x2145, 0x2145, 0x1945, 0x1945, 0x1945, 0x1945, 
	0x2145, 0x2145, 0x1945, 0x1945, 0x2145, 0x2145, 0x2145, 0x2145, 0x2145, 0x2145, 0x2145, 0x2145, 0x1945, 0x1946, 0x1945, 0x1945, 
	0x2145, 0x2145, 0x1945, 0x2145, 0x2145, 0x2145, 0x2145, 0x2145, 0x2145, 0x2145, 0x2145, 0x2145, 0x2145, 0x2145, 0x2145, 0x2145, 
	0x1925, 0x1925, 0x2125, 0x2125, 0x2145, 0x2145, 0x2145, 0x2145, 0x2145, 0x2145, 0x2145, 0x2145, 0x2145, 0x2145, 0x2145, 0x2145, 
	0x2145, 0x2145, 0x2145, 0x2145, 0x1945, 0x1945, 0x1945, 0x1945, 0x2145, 0x1945, 0x1945, 0x2145, 0x2145, 0x1945, 0x1945, 0x2145, 
	0x1945, 0x2145, 0x2145, 0x1945, 0x1945, 0x2145, 0x2145, 0x1945, 0x1945, 0x2145, 0x2145, 0x1945, 0x1945, 0x2145, 0x2145, 0x2145, 
	0x2145, 0x2145, 0x2145, 0x2145, 0x2145, 0x2145, 0x2145, 0x2145, 0x2145, 0x2145, 0x2145, 0x2145, 0x2145, 0x2145, 0x2145, 0x2145, 
	0x2145, 0x2145, 0x2145, 0x2145, 0x2145, 0x2145, 0x2125, 0x2125, 0x2145, 0x2145, 0x2145, 0x2145, 0x2145, 0x2145, 0x2145, 0x2145, 
	0x2145, 0x1945, 0x1945, 0x2145, 0x2145, 0x2146, 0x2145, 0x2145, 0x2145, 0x2145, 0x2145, 0x2145, 0x2145, 0x2145, 0x2145, 0x2145, 
	0x2145, 0x2145, 0x2145, 0x2145, 0x1945, 0x1945, 0x2145, 0x2145, 0x2145, 0x2145, 0x2145, 0x2145, 0x2145, 0x2145, 0x2145, 0x2145, 
	0x2145, 0x2145, 0x2145, 0x2145, 0x2145, 0x2145, 0x2145, 0x2145, 0x2145, 0x2145, 0x1945, 0x1945, 0x1945, 0x1945, 0x1945, 0x1945, 
	0x1925, 0x2145, 0x2145, 0x2145, 0x2145, 0x2145, 0x2145, 0x2145, 0x2145, 0x1945, 0x1945, 0x1945, 0x1945, 0x1945, 0x1945, 0x1945, 
	0x2145, 0x1945, 0x1945, 0x1945, 0x1945, 0x1945, 0x1945, 0x1945, 0x1945, 0x1945, 0x1945, 0x1945, 0x1945, 0x1945, 0x1945, 0x1945, 
	0x2145, 0x2145, 0x2145, 0x2145, 0x2145, 0x2145, 0x1945, 0x1945, 0x2145, 0x2145, 0x2145, 0x2145, 0x2145, 0x2145, 0x2145, 0x2145, 
	0x2125, 0x2145, 0x2145, 0x2145, 0x1945, 0x1945, 0x2145, 0x2145, 0x2145, 0x2145, 0x2145, 0x2145, 0x2145, 0x2145, 0x2145, 0x2145, 
	0x2145, 0x2145, 0x2145, 0x2145, 0x2145, 0x2145, 0x2145, 0x2145, 0x2145, 0x2145, 0x2145, 0x1945, 0x2145, 0x2145, 0x2145, 0x2145, 
	0x2145, 0x2145, 0x1945, 0x1945, 0x2145, 0x2145, 0x2145, 0x2145, 0x2145, 0x1945, 0x1945, 0x1945, 0x2145, 0x2145, 0x1945, 0x1925, 
	0x2145, 0x2145, 0x1945, 0x1945, 0x1945, 0x2145, 0x2145, 0x2145, 0x2145, 0x2145, 0x2145, 0x2145, 0x2145, 0x2125, 0x2145, 0x2145, 
	0x2125, 0x2125, 0x2125, 0x2145, 0x2145, 0x2145, 0x2145, 0x2145, 0x2145, 0x2145, 0x2145, 0x2145, 0x2145, 0x2145, 0x2145, 0x2145, 
	0x2145, 0x2145, 0x2145, 0x2145, 0x2145, 0x2145, 0x1945, 0x1945, 0x2145, 0x1945, 0x1945, 0x2145, 0x2145, 0x1945, 0x1945, 0x1945, 
	0x1945, 0x2145, 0x1945, 0x1945, 0x1945, 0x1945, 0x2145, 0x1945, 0x1925, 0x1945, 0x1945, 0x1945, 0x1945, 0x2145, 0x2145, 0x2145, 
	0x2145, 0x2145, 0x2145, 0x2145, 0x2145, 0x2145, 0x2145, 0x2125, 0x2145, 0x2145, 0x2145, 0x2145, 0x2145, 0x2145, 0x2145, 0x2145, 
	0x2145, 0x2145, 0x2145, 0x2145, 0x2145, 0x2145, 0x2145, 0x2145, 0x2145, 0x2145, 0x2145, 0x2145, 0x2145, 0x2145, 0x2145, 0x2145, 
	0x2145, 0x2145, 0x2145, 0x2145, 0x2145, 0x2145, 0x2145, 0x2145, 0x2145, 0x2145, 0x2145, 0x2145, 0x2145, 0x2145, 0x2145, 0x2145, 
	0x2145, 0x2145, 0x2145, 0x2145, 0x2145, 0x2145, 0x2145, 0x2125, 0x2145, 0x2145, 0x2145, 0x2145, 0x2145, 0x2145, 0x2145, 0x2145, 
	0x2145, 0x2125, 0x2125, 0x2145, 0x2145, 0x2145, 0x2145, 0x2145, 0x2145, 0x2145, 0x2145, 0x2145, 0x2145, 0x2145, 0x2145, 0x2145, 
	0x1925, 0x2145, 0x2145, 0x2145, 0x2145, 0x2145, 0x2145, 0x2145, 0x2145, 0x2145, 0x2145, 0x2145, 0x2145, 0x1945, 0x1945, 0x2145, 
	0x2145, 0x2145, 0x1945, 0x1945, 0x2145, 0x2145, 0x1945, 0x1945, 0x1945, 0x1945, 0x2145, 0x2145, 0x1945, 0x1945, 0x1945, 0x1945, 
	0x1945, 0x1945, 0x2145, 0x1945, 0x1945, 0x1945, 0x1945, 0x1945, 0x2145, 0x2145, 0x2145, 0x2145, 0x2145, 0x2145, 0x2145, 0x2145, 
	0x2145, 0x2145, 0x2145, 0x2145, 0x2145, 0x2145, 0x2145, 0x2145, 0x1925, 0x1925, 0x1945, 0x2145, 0x2145, 0x2146, 0x2146, 0x2145, 
	0x2145, 0x2145, 0x2145, 0x2145, 0x2145, 0x2145, 0x2145, 0x2145, 0x2145, 0x2145, 0x1945, 0x1945, 0x1945, 0x1945, 0x2145, 0x2145, 
	0x2145, 0x2145, 0x1945, 0x1945, 0x2145, 0x2145, 0x2145, 0x2145, 0x2145, 0x2145, 0x1945, 0x2145, 0x2145, 0x2145, 0x2145, 0x1945, 
	0x2145, 0x2145, 0x1945, 0x1945, 0x1945, 0x2145, 0x2145, 0x1925, 0x2145, 0x2145, 0x2145, 0x2145, 0x2145, 0x2125, 0x2145, 0x2145, 
	0x2145, 0x2145, 0x2145, 0x2145, 0x2145, 0x2145, 0x2145, 0x2145, 0x2145, 0x2145, 0x2145, 0x2145, 0x2145, 0x2145, 0x2145, 0x2145, 
	0x2145, 0x2145, 0x2145, 0x2145, 0x2145, 0x2145, 0x2145, 0x1945, 0x2145, 0x2145, 0x1945, 0x2145, 0x2145, 0x1945, 0x1945, 0x2145, 
	0x2145, 0x2145, 0x2145, 0x2145, 0x2145, 0x2145, 0x2145, 0x2145, 0x1945, 0x2145, 0x2145, 0x1945, 0x2145, 0x2145, 0x2145, 0x2145, 
	0x2145, 0x2145, 0x2145, 0x2145, 0x2145, 0x2145, 0x2145, 0x2145, 0x2145, 0x2145, 0x2145, 0x2145, 0x2145, 0x2145, 0x2145, 0x2145, 
	0x2145, 0x2145, 0x2145, 0x2145, 0x2145, 0x2145, 0x2145, 0x2145, 0x2145, 0x2145, 0x2145, 0x2145, 0x2145, 0x2145, 0x2145, 0x2145, 
	0x2145, 0x2145, 0x2145, 0x2145, 0x2145, 0x2145, 0x2145, 0x1945, 0x2145, 0x2145, 0x2145, 0x2145, 0x2145, 0x2145, 0x2145, 0x2145, 
	0x2145, 0x2145, 0x2145, 0x2145, 0x2145, 0x2145, 0x2145, 0x2125, 0x2145, 0x2145, 0x2145, 0x2145, 0x2145, 0x2145, 0x2145, 0x2145, 
	0x2145, 0x2145, 0x2145, 0x2145, 0x2145, 0x2145, 0x2145, 0x2145, 0x1945, 0x1945, 0x1945, 0x1945, 0x1945, 0x2145, 0x2145, 0x2145, 
	0x1925, 0x2145, 0x2145, 0x2145, 0x2145, 0x2145, 0x2145, 0x2145, 0x2145, 0x2145, 0x2145, 0x2145, 0x2145, 0x2145, 0x2145, 0x2145, 
	0x2145, 0x2145, 0x2145, 0x2145, 0x2145, 0x2145, 0x2145, 0x2145, 0x2145, 0x2145, 0x2165, 0x2165, 0x2145, 0x2145, 0x2145, 0x2145, 
	0x1945, 0x1945, 0x2145, 0x2145, 0x1945, 0x1945, 0x2145, 0x2145, 0x2145, 0x2145, 0x2145, 0x2145, 0x2145, 0x2145, 0x2145, 0x2145, 
	0x2145, 0x2145, 0x2145, 0x2145, 0x2145, 0x2145, 0x2145, 0x2145, 0x1945, 0x1945, 0x2145, 0x2145, 0x2145, 0x2145, 0x2145, 0x2145, 
	0x1945, 0x1945, 0x1945, 0x1945, 0x1945, 0x1945, 0x1945, 0x1945, 0x2145, 0x1945, 0x2145, 0x2145, 0x1925, 0x2145, 0x2145, 0x2145, 
	0x2145, 0x2145, 0x2145, 0x2145, 0x2145, 0x2145, 0x2145, 0x2145, 0x2145, 0x2145, 0x2145, 0x2145, 0x2145, 0x2145, 0x2145, 0x2145, 
	0x2145, 0x2145, 0x2145, 0x2145, 0x2145, 0x2145, 0x2145, 0x1925, 0x2145, 0x2145, 0x2145, 0x2145, 0x2145, 0x2125, 0x2145, 0x2145, 
	0x2125, 0x2145, 0x2145, 0x2145, 0x2145, 0x2125, 0x2125, 0x1925, 0x2145, 0x2145, 0x2145, 0x1925, 0x1925, 0x2145, 0x2145, 0x1925, 
	0x2145, 0x2145, 0x2145, 0x2145, 0x2145, 0x2145, 0x2145, 0x2145, 0x2145, 0x2145, 0x2145, 0x2145, 0x2145, 0x1945, 0x2145, 0x2145, 
	0x2146, 0x2145, 0x2145, 0x2146, 0x2146, 0x2145, 0x2145, 0x2146, 0x2145, 0x2145, 0x2145, 0x2145, 0x2145, 0x2145, 0x2145, 0x2145, 
	0x2145, 0x2145, 0x2145, 0x2145, 0x2145, 0x2145, 0x2145, 0x2145, 0x1945, 0x2145, 0x2145, 0x2145, 0x2145, 0x2145, 0x2145, 0x1945, 
	0x2145, 0x2145, 0x2145, 0x2145, 0x2145, 0x2145, 0x2145, 0x2145, 0x2145, 0x2145, 0x2145, 0x2145, 0x2145, 0x2145, 0x2145, 0x2145, 
	0x2145, 0x2145, 0x2145, 0x2145, 0x2145, 0x2145, 0x2145, 0x2145, 0x2145, 0x2145, 0x2145, 0x2125, 0x2125, 0x2125, 0x2125, 0x2125, 
	0x2145, 0x2145, 0x2145, 0x2145, 0x2145, 0x2145, 0x2145, 0x2145, 0x2145, 0x2145, 0x2145, 0x2145, 0x2145, 0x2145, 0x2145, 0x2145, 
	0x2145, 0x2145, 0x2145, 0x2145, 0x2145, 0x2145, 0x2145, 0x2145, 0x1945, 0x1945, 0x1945, 0x1945, 0x2145, 0x2145, 0x2145, 0x2145, 
	0x2145, 0x2145, 0x2145, 0x2145, 0x2145, 0x2145, 0x2145, 0x2145, 0x2145, 0x2145, 0x2145, 0x2145, 0x2145, 0x2145, 0x2145, 0x2145, 
	0x2145, 0x2145, 0x2145, 0x2145, 0x2145, 0x2145, 0x2145, 0x2145, 0x2145, 0x2145, 0x2145, 0x2145, 0x2145, 0x2145, 0x1945, 0x2145, 
	0x1945, 0x1945, 0x1945, 0x2145, 0x2145, 0x2145, 0x2145, 0x2145, 0x2145, 0x2145, 0x2145, 0x2145, 0x2145, 0x2145, 0x2145, 0x2145, 
	0x2145, 0x2145, 0x2145, 0x2145, 0x2145, 0x2145, 0x2145, 0x2145, 0x2145, 0x2145, 0x2145, 0x2145, 0x2145, 0x2145, 0x2145, 0x2145, 
	0x1945, 0x2145, 0x2145, 0x2145, 0x1945, 0x1945, 0x1945, 0x2145, 0x2145, 0x2145, 0x2145, 0x2145, 0x2145, 0x2145, 0x2145, 0x2145, 
	0x2145, 0x2145, 0x2145, 0x2145, 0x2145, 0x2145, 0x2145, 0x2145, 0x2145, 0x2145, 0x2145, 0x2145, 0x2145, 0x2145, 0x2145, 0x2145, 
	0x2145, 0x2145, 0x2145, 0x2145, 0x2145, 0x2145, 0x2145, 0x1925, 0x2145, 0x2145, 0x2145, 0x2145, 0x2145, 0x2145, 0x2125, 0x2125, 
	0x2125, 0x2125, 0x2145, 0x2145, 0x2145, 0x2145, 0x2145, 0x2145, 0x2145, 0x2145, 0x2145, 0x1925, 0x1925, 0x2145, 0x2145, 0x2145, 
	0x2145, 0x2145, 0x2145, 0x2145, 0x2145, 0x2145, 0x2145, 0x2145, 0x2145, 0x2145, 0x2145, 0x2145, 0x2145, 0x2145, 0x2145, 0x2145, 
	0x2145, 0x1945, 0x2145, 0x2145, 0x2145, 0x2145, 0x1945, 0x2145, 0x2145, 0x2145, 0x2145, 0x2145, 0x2145, 0x2145, 0x2145, 0x2145, 
	0x2145, 0x2145, 0x1945, 0x1945, 0x2145, 0x2145, 0x2145, 0x2145, 0x1945, 0x2145, 0x2145, 0x2145, 0x2145, 0x2145, 0x2145, 0x2145, 
	0x2145, 0x2145, 0x2145, 0x2145, 0x2145, 0x2145, 0x2145, 0x2145, 0x2145, 0x2145, 0x2145, 0x2145, 0x2145, 0x2145, 0x2145, 0x2146, 
	0x2145, 0x2145, 0x2145, 0x2145, 0x2145, 0x2145, 0x2145, 0x2145, 0x2145, 0x2145, 0x2145, 0x2145, 0x2145, 0x2125, 0x2125, 0x2125, 
	0x2125, 0x2145, 0x2145, 0x2145, 0x2145, 0x2145, 0x2145, 0x2145, 0x2145, 0x2145, 0x2125, 0x2145, 0x2145, 0x2145, 0x2145, 0x2145, 
	0x2125, 0x2125, 0x2125, 0x2145, 0x2145, 0x2145, 0x2145, 0x2145, 0x2145, 0x2145, 0x2145, 0x2145, 0x2145, 0x2145, 0x1945, 0x2145, 
	0x2145, 0x2145, 0x2145, 0x2145, 0x2145, 0x2145, 0x2145, 0x2145, 0x2145, 0x1945, 0x1945, 0x2145, 0x2145, 0x1945, 0x1945, 0x2145, 
	0x2145, 0x2145, 0x1945, 0x1945, 0x2145, 0x2145, 0x1945, 0x1945, 0x1945, 0x1945, 0x1945, 0x2145, 0x2145, 0x1945, 0x1945, 0x2145, 
	0x1945, 0x1945, 0x1945, 0x2145, 0x2145, 0x2145, 0x2145, 0x2145, 0x1945, 0x1945, 0x1945, 0x2145, 0x2145, 0x2145, 0x2145, 0x2145, 
	0x2145, 0x2145, 0x2145, 0x2145, 0x2145, 0x2145, 0x2145, 0x2145, 0x2145, 0x2145, 0x2145, 0x2145, 0x2145, 0x2145, 0x2145, 0x2145, 
	0x2145, 0x2145, 0x2145, 0x2145, 0x2145, 0x2145, 0x2145, 0x2145, 0x2145, 0x2145, 0x2145, 0x2145, 0x2145, 0x2145, 0x2145, 0x2145, 
	0x2145, 0x2145, 0x2145, 0x2145, 0x2145, 0x2145, 0x2145, 0x2145, 0x2145, 0x2145, 0x2145, 0x2145, 0x1945, 0x1945, 0x2145, 0x2145, 
	0x2145, 0x2145, 0x2145, 0x2145, 0x2145, 0x2145, 0x2145, 0x1925, 0x2145, 0x2145, 0x2145, 0x2145, 0x2145, 0x2145, 0x2145, 0x2125, 
	0x2145, 0x2145, 0x2145, 0x2145, 0x2145, 0x2145, 0x2145, 0x2145, 0x2145, 0x2145, 0x2145, 0x1925, 0x1925, 0x2145, 0x2145, 0x1925, 
	0x2145, 0x2145, 0x1925, 0x2145, 0x2145, 0x2145, 0x2145, 0x2145, 0x1925, 0x2145, 0x2145, 0x2145, 0x2145, 0x2145, 0x2145, 0x2145, 
	0x1925, 0x1925, 0x1925, 0x1945, 0x1945, 0x1925, 0x1925, 0x1925, 0x2145, 0x2145, 0x2145, 0x1945, 0x1945, 0x2145, 0x2145, 0x2145, 
	0x2145, 0x2145, 0x1945, 0x1945, 0x1945, 0x2145, 0x2145, 0x2145, 0x1945, 0x2145, 0x2145, 0x2145, 0x2145, 0x2145, 0x2145, 0x2145, 
	0x2145, 0x2145, 0x2145, 0x2145, 0x2145, 0x2145, 0x2145, 0x2145, 0x2145, 0x2145, 0x1945, 0x1945, 0x2145, 0x2145, 0x2146, 0x2146, 
	0x2145, 0x2145, 0x2145, 0x2145, 0x2145, 0x2145, 0x2145, 0x2145, 0x2145, 0x2145, 0x2145, 0x2145, 0x2145, 0x2145, 0x2145, 0x2145, 
	0x2145, 0x2145, 0x2145, 0x2145, 0x2145, 0x2145, 0x2145, 0x2145, 0x2145, 0x2145, 0x2145, 0x2145, 0x2145, 0x2145, 0x2145, 0x2145, 
	0x2125, 0x2125, 0x2125, 0x2145, 0x2145, 0x2145, 0x2145, 0x2145, 0x2145, 0x2145, 0x2145, 0x2145, 0x2145, 0x1945, 0x1945, 0x1945, 
	0x2145, 0x2145, 0x2145, 0x2145, 0x2145, 0x2145, 0x2145, 0x1945, 0x1945, 0x1945, 0x1945, 0x2145, 0x2145, 0x1945, 0x1925, 0x1945, 
	0x1945, 0x1945, 0x1945, 0x1945, 0x1945, 0x1945, 0x1945, 0x1925, 0x1945, 0x1945, 0x1945, 0x2145, 0x2145, 0x1945, 0x1945, 0x2145, 
	0x2145, 0x2145, 0x1945, 0x1945, 0x2145, 0x2145, 0x2145, 0x1945, 0x1945, 0x1945, 0x1945, 0x2145, 0x2145, 0x2145, 0x2145, 0x2145, 
	0x2145, 0x2145, 0x2145, 0x2145, 0x2145, 0x2145, 0x2145, 0x2145, 0x2145, 0x2145, 0x2145, 0x2145, 0x2145, 0x2145, 0x2145, 0x2145, 
	0x2145, 0x2145, 0x2145, 0x2145, 0x2145, 0x2145, 0x2145, 0x2145, 0x2145, 0x2145, 0x2145, 0x2145, 0x2145, 0x2145, 0x2145, 0x2145, 
	0x2145, 0x2145, 0x2145, 0x2145, 0x2145, 0x2145, 0x2145, 0x2145, 0x2145, 0x2145, 0x2145, 0x2145, 0x2145, 0x1945, 0x2145, 0x2145, 
	0x2145, 0x2145, 0x2145, 0x2145, 0x2145, 0x2145, 0x2145, 0x1925, 0x2145, 0x2145, 0x1925, 0x2145, 0x2145, 0x2145, 0x2145, 0x1925, 
	0x2145, 0x2145, 0x2145, 0x2145, 0x1925, 0x1925, 0x2145, 0x2145, 0x2145, 0x2145, 0x2145, 0x1925, 0x1925, 0x1925, 0x1925, 0x1925, 
	0x2145, 0x1925, 0x1925, 0x1925, 0x2145, 0x2145, 0x1925, 0x1925, 0x1925, 0x1925, 0x2145, 0x1925, 0x1925, 0x2145, 0x2145, 0x2145, 
	0x2145, 0x1945, 0x1945, 0x2145, 0x2145, 0x1945, 0x1945, 0x2145, 0x1945, 0x2145, 0x2145, 0x1945, 0x2145, 0x2145, 0x2145, 0x2145, 
	0x2145, 0x2145, 0x1945, 0x1945, 0x1945, 0x2145, 0x2145, 0x2145, 0x2145, 0x2145, 0x2145, 0x2145, 0x2145, 0x2145, 0x2146, 0x2146, 
	0x2145, 0x2145, 0x2145, 0x2145, 0x2145, 0x2145, 0x2145, 0x2145, 0x2145, 0x2145, 0x2145, 0x2145, 0x2145, 0x2145, 0x2145, 0x2145, 
	0x1925, 0x1925, 0x2145, 0x2145, 0x2145, 0x2145, 0x2145, 0x2145, 0x2145, 0x2145, 0x2145, 0x2145, 0x2145, 0x1925, 0x1925, 0x1925, 
	0x1925, 0x1925, 0x1925, 0x1925, 0x2145, 0x2145, 0x2145, 0x1925, 0x2145, 0x2145, 0x2145, 0x2145, 0x2145, 0x2145, 0x2145, 0x2145, 
	0x2145, 0x2145, 0x2145, 0x2145, 0x2145, 0x2145, 0x1925, 0x2145, 0x2145, 0x2145, 0x2145, 0x2145, 0x1945, 0x1945, 0x1945, 0x1945, 
	0x2145, 0x2145, 0x2145, 0x1925, 0x2145, 0x2145, 0x2145, 0x2145, 0x2145, 0x2145, 0x2145, 0x2145, 0x2145, 0x2145, 0x2145, 0x2145, 
	0x2146, 0x2145, 0x2145, 0x2145, 0x2145, 0x2145, 0x2145, 0x2145, 0x1945, 0x1945, 0x1945, 0x1945, 0x2145, 0x2145, 0x1945, 0x2145, 
	0x2145, 0x2145, 0x2145, 0x2145, 0x2145, 0x2145, 0x2145, 0x2145, 0x2145, 0x2145, 0x2145, 0x2145, 0x2145, 0x2145, 0x2145, 0x2145, 
	0x2145, 0x2145, 0x2145, 0x2145, 0x2145, 0x2145, 0x2145, 0x2145, 0x2145, 0x2145, 0x2145, 0x2145, 0x2145, 0x2145, 0x2145, 0x2145, 
	0x2125, 0x2145, 0x2145, 0x2145, 0x2125, 0x2125, 0x2125, 0x2145, 0x2145, 0x2145, 0x2145, 0x2145, 0x2145, 0x2145, 0x2145, 0x2145, 
	0x2145, 0x2145, 0x2145, 0x2145, 0x2145, 0x2145, 0x2145, 0x2145, 0x2145, 0x2145, 0x2145, 0x2145, 0x2145, 0x2145, 0x2145, 0x2145, 
	0x2145, 0x2145, 0x2145, 0x2145, 0x2145, 0x2145, 0x2145, 0x2145, 0x2145, 0x1925, 0x1925, 0x1925, 0x2145, 0x2145, 0x2145, 0x2145, 
	0x2145, 0x2145, 0x2145, 0x2145, 0x2145, 0x2145, 0x2145, 0x2145, 0x2145, 0x2145, 0x2145, 0x2145, 0x1925, 0x1925, 0x2145, 0x2145, 
	0x2145, 0x2145, 0x2145, 0x2145, 0x2145, 0x2145, 0x2145, 0x2145, 0x2145, 0x2145, 0x2145, 0x2145, 0x2145, 0x2145, 0x2145, 0x2145, 
	0x2145, 0x2145, 0x2145, 0x2145, 0x2145, 0x2145, 0x2145, 0x2145, 0x1945, 0x2145, 0x2145, 0x2145, 0x1945, 0x1945, 0x2145, 0x2145, 
	0x2145, 0x2145, 0x2166, 0x2145, 0x2145, 0x2145, 0x2145, 0x2145, 0x2145, 0x2145, 0x2145, 0x2145, 0x2145, 0x2145, 0x2145, 0x2145, 
	0x2145, 0x2145, 0x2145, 0x2145, 0x2145, 0x2145, 0x2145, 0x2145, 0x2145, 0x2145, 0x2145, 0x2145, 0x2145, 0x2145, 0x2145, 0x2145, 
	0x2145, 0x2145, 0x2145, 0x2145, 0x2145, 0x2145, 0x2145, 0x2145, 0x2145, 0x2145, 0x2145, 0x2145, 0x2145, 0x2145, 0x2145, 0x2145, 
	0x2145, 0x2145, 0x2145, 0x2145, 0x2145, 0x2145, 0x2145, 0x2145, 0x2145, 0x2145, 0x2145, 0x2145, 0x2145, 0x2145, 0x2145, 0x2145, 
	0x2145, 0x2145, 0x2145, 0x2145, 0x2145, 0x2145, 0x2145, 0x2145, 0x2145, 0x2145, 0x2145, 0x2145, 0x2145, 0x1945, 0x1945, 0x1945, 
	0x2145, 0x2125, 0x1925, 0x1925, 0x2125, 0x2145, 0x2145, 0x2145, 0x2125, 0x2125, 0x2145, 0x2145, 0x2145, 0x2145, 0x2125, 0x2125, 
	0x2145, 0x2145, 0x2125, 0x2125, 0x2125, 0x2145, 0x1945, 0x1945, 0x1945, 0x1945, 0x1945, 0x1945, 0x1945, 0x1945, 0x1945, 0x1945, 
	0x2145, 0x2145, 0x2145, 0x1945, 0x1945, 0x1945, 0x1945, 0x1945, 0x1945, 0x1945, 0x2145, 0x2145, 0x2145, 0x2145, 0x2145, 0x2145, 
	0x2145, 0x2145, 0x2145, 0x2145, 0x2145, 0x2145, 0x2145, 0x2145, 0x2145, 0x2145, 0x2145, 0x2145, 0x2145, 0x2145, 0x2145, 0x2125, 
	0x2125, 0x2145, 0x2145, 0x2145, 0x2145, 0x2145, 0x2145, 0x2145, 0x2145, 0x2145, 0x2145, 0x2145, 0x2145, 0x2145, 0x2145, 0x2145, 
	0x2145, 0x2145, 0x2145, 0x2145, 0x2145, 0x2145, 0x2145, 0x2145, 0x2145, 0x2145, 0x2145, 0x2145, 0x2145, 0x2145, 0x2145, 0x2145, 
	0x2145, 0x2145, 0x2145, 0x2145, 0x2145, 0x2145, 0x2145, 0x1925, 0x2145, 0x1925, 0x1925, 0x1925, 0x2145, 0x2145, 0x2145, 0x2145, 
	0x1925, 0x2145, 0x2145, 0x2145, 0x2145, 0x2145, 0x2145, 0x2145, 0x2145, 0x2145, 0x2145, 0x2125, 0x2125, 0x2125, 0x2125, 0x2145, 
	0x2145, 0x2145, 0x2145, 0x2145, 0x2145, 0x2145, 0x2145, 0x2145, 0x2145, 0x2145, 0x2145, 0x2145, 0x2145, 0x2145, 0x2145, 0x2145, 
	0x2145, 0x2145, 0x1945, 0x2145, 0x2145, 0x2145, 0x1945, 0x1945, 0x2145, 0x2145, 0x2145, 0x2145, 0x2146, 0x2146, 0x2146, 0x2146, 
	0x1925, 0x2145, 0x2145, 0x2145, 0x2145, 0x2145, 0x2165, 0x2145, 0x2145, 0x2145, 0x2145, 0x2145, 0x2145, 0x2145, 0x2145, 0x2145, 
	0x2145, 0x2145, 0x2145, 0x2145, 0x2145, 0x2145, 0x2145, 0x2145, 0x2145, 0x2145, 0x2145, 0x2145, 0x2145, 0x2145, 0x2145, 0x1925, 
	0x2145, 0x2145, 0x2145, 0x2145, 0x2145, 0x2145, 0x2145, 0x2145, 0x2145, 0x2145, 0x2145, 0x2145, 0x2145, 0x2145, 0x2145, 0x2145, 
	0x2145, 0x2145, 0x2145, 0x2145, 0x2145, 0x2145, 0x2145, 0x2145, 0x2145, 0x2145, 0x2145, 0x2145, 0x2145, 0x2145, 0x2145, 0x2145, 
	0x2145, 0x2145, 0x2145, 0x2145, 0x2145, 0x2145, 0x2145, 0x2145, 0x1945, 0x2145, 0x2145, 0x2145, 0x2145, 0x2145, 0x1945, 0x1925, 
	0x2145, 0x2125, 0x1925, 0x2125, 0x2125, 0x2145, 0x2145, 0x2145, 0x2125, 0x2125, 0x2125, 0x2145, 0x2145, 0x2145, 0x2125, 0x2125, 
	0x2145, 0x2145, 0x2145, 0x2125, 0x2125, 0x1925, 0x1945, 0x1945, 0x1945, 0x1945, 0x1945, 0x1945, 0x1945, 0x1945, 0x2145, 0x2145, 
	0x1945, 0x1945, 0x1945, 0x1945, 0x1945, 0x1945, 0x1945, 0x1945, 0x1945, 0x1945, 0x1945, 0x2145, 0x2145, 0x2145, 0x2145, 0x2145, 
	0x2145, 0x2145, 0x2145, 0x2145, 0x2145, 0x2145, 0x2145, 0x2145, 0x2145, 0x2145, 0x2145, 0x2145, 0x2145, 0x2145, 0x2145, 0x2145, 
	0x2145, 0x2145, 0x2145, 0x2145, 0x2145, 0x2145, 0x2145, 0x2145, 0x2145, 0x2145, 0x2145, 0x2145, 0x2145, 0x2145, 0x2145, 0x2165, 
	0x2145, 0x2145, 0x2145, 0x2145, 0x2145, 0x2145, 0x2145, 0x2145, 0x2145, 0x2145, 0x2145, 0x2145, 0x2145, 0x2145, 0x2145, 0x2145, 
	0x2145, 0x2145, 0x2145, 0x2145, 0x2145, 0x2145, 0x1925, 0x1925, 0x2145, 0x2145, 0x1925, 0x1925, 0x2145, 0x2145, 0x2145, 0x2145, 
	0x1925, 0x1925, 0x1925, 0x2145, 0x2145, 0x2145, 0x2145, 0x2145, 0x1925, 0x1925, 0x1925, 0x2125, 0x2125, 0x2145, 0x2145, 0x2145, 
	0x1925, 0x2145, 0x2145, 0x2145, 0x2145, 0x2145, 0x2145, 0x2145, 0x2145, 0x2145, 0x2145, 0x2145, 0x2145, 0x2145, 0x2145, 0x2145, 
	0x2146, 0x2145, 0x1945, 0x2145, 0x2145, 0x2145, 0x1945, 0x1945, 0x1925, 0x1945, 0x1945, 0x1945, 0x1925, 0x1925, 0x1945, 0x1945, 
	0x2145, 0x2145, 0x2145, 0x2145, 0x2145, 0x2145, 0x2145, 0x2145, 0x2145, 0x2145, 0x2145, 0x2145, 0x2145, 0x2145, 0x1925, 0x1925, 
	0x2145, 0x2145, 0x2145, 0x2145, 0x2145, 0x2145, 0x2145, 0x2145, 0x2145, 0x2145, 0x2145, 0x2145, 0x2145, 0x2145, 0x2145, 0x1925, 
	0x2145, 0x2145, 0x2145, 0x2145, 0x2145, 0x2145, 0x2145, 0x2145, 0x2145, 0x2145, 0x2145, 0x2145, 0x2145, 0x2145, 0x2145, 0x2145, 
	0x2145, 0x2145, 0x2145, 0x2145, 0x2145, 0x2145, 0x2145, 0x2145, 0x2145, 0x2145, 0x2145, 0x2145, 0x2145, 0x2145, 0x2145, 0x2145, 
	0x2145, 0x2145, 0x2145, 0x2145, 0x2145, 0x2145, 0x2145, 0x2145, 0x2145, 0x2145, 0x2145, 0x2145, 0x2145, 0x2145, 0x2145, 0x2145, 
	0x1925, 0x1925, 0x2145, 0x2145, 0x2145, 0x2145, 0x2145, 0x2145, 0x2145, 0x2145, 0x2145, 0x2145, 0x2145, 0x2145, 0x2145, 0x2145, 
	0x2145, 0x2145, 0x2145, 0x2145, 0x2125, 0x1925, 0x1925, 0x1945, 0x2145, 0x2145, 0x2145, 0x2145, 0x2145, 0x2145, 0x2145, 0x2145, 
	0x2145, 0x1945, 0x1945, 0x1945, 0x1945, 0x1945, 0x1945, 0x1945, 0x1925, 0x1945, 0x1945, 0x2145, 0x2145, 0x2145, 0x2145, 0x2145, 
	0x2145, 0x2145, 0x2145, 0x2145, 0x2145, 0x2145, 0x2145, 0x2145, 0x2145, 0x2145, 0x2145, 0x2145, 0x2145, 0x2145, 0x2145, 0x2145, 
	0x2145, 0x2145, 0x2145, 0x2145, 0x2145, 0x2145, 0x2145, 0x2145, 0x2145, 0x2145, 0x2145, 0x2145, 0x2145, 0x2145, 0x2145, 0x2145, 
	0x2145, 0x2145, 0x2145, 0x2145, 0x1925, 0x2145, 0x2145, 0x2145, 0x2146, 0x2146, 0x2145, 0x2145, 0x2145, 0x2145, 0x2145, 0x2145, 
	0x2145, 0x2145, 0x2145, 0x2145, 0x2145, 0x2125, 0x1925, 0x1925, 0x2145, 0x2145, 0x2145, 0x1925, 0x2145, 0x2145, 0x2145, 0x2145, 
	0x1925, 0x1925, 0x1925, 0x2145, 0x2145, 0x2145, 0x2145, 0x1925, 0x1925, 0x1925, 0x1925, 0x1925, 0x2125, 0x2145, 0x2145, 0x2145, 
	0x1925, 0x1925, 0x1925, 0x2145, 0x2145, 0x2145, 0x2145, 0x2145, 0x2145, 0x2145, 0x2145, 0x2145, 0x2145, 0x2146, 0x2145, 0x2145, 
	0x2146, 0x2146, 0x2145, 0x2146, 0x2146, 0x2145, 0x2145, 0x2145, 0x2145, 0x2145, 0x2145, 0x2145, 0x2145, 0x2145, 0x2145, 0x2145, 
	0x2145, 0x2145, 0x2145, 0x2145, 0x2145, 0x2145, 0x2145, 0x2145, 0x2145, 0x2145, 0x2145, 0x2145, 0x2145, 0x1925, 0x1925, 0x1925, 
	0x2145, 0x2145, 0x2145, 0x2145, 0x2145, 0x2145, 0x2145, 0x2145, 0x2145, 0x2145, 0x2145, 0x2145, 0x2145, 0x2145, 0x1925, 0x1925, 
	0x1925, 0x1925, 0x2145, 0x2145, 0x2145, 0x2145, 0x2145, 0x2145, 0x2145, 0x2145, 0x2145, 0x2145, 0x2145, 0x2145, 0x2145, 0x2145, 
	0x2145, 0x2145, 0x2145, 0x1925, 0x1925, 0x1925, 0x1925, 0x1925, 0x2145, 0x2145, 0x2145, 0x2145, 0x2145, 0x2145, 0x2145, 0x2145, 
	0x2145, 0x2145, 0x2145, 0x2145, 0x2145, 0x2145, 0x2145, 0x2145, 0x2145, 0x2145, 0x1945, 0x1945, 0x1945, 0x1945, 0x2145, 0x2145, 
	0x1925, 0x1925, 0x1945, 0x1945, 0x1945, 0x1925, 0x1925, 0x1925, 0x1945, 0x1945, 0x1945, 0x1945, 0x1945, 0x1945, 0x1945, 0x2145, 
	0x2145, 0x2125, 0x2145, 0x2145, 0x2125, 0x1925, 0x1925, 0x1925, 0x1945, 0x1945, 0x1945, 0x1945, 0x1945, 0x1945, 0x2145, 0x2145, 
	0x1945, 0x1945, 0x1945, 0x1925, 0x1925, 0x1945, 0x1945, 0x1945, 0x1925, 0x1925, 0x2145, 0x2145, 0x2145, 0x2145, 0x2145, 0x2145, 
	0x2145, 0x2145, 0x2145, 0x2145, 0x2145, 0x2145, 0x2145, 0x2145, 0x2145, 0x2145, 0x2145, 0x2145, 0x2145, 0x2145, 0x2145, 0x2145, 
	0x2145, 0x2145, 0x2145, 0x2125, 0x2145, 0x2145, 0x2145, 0x2145, 0x2125, 0x2145, 0x2145, 0x2145, 0x2145, 0x2145, 0x2145, 0x2145, 
	0x2145, 0x2145, 0x2145, 0x2145, 0x2145, 0x2145, 0x2145, 0x2145, 0x2145, 0x2145, 0x2145, 0x2145, 0x2125, 0x2125, 0x2125, 0x2145, 
	0x2125, 0x2125, 0x2145, 0x2145, 0x2125, 0x2125, 0x2125, 0x2145, 0x2145, 0x2145, 0x2145, 0x1925, 0x1925, 0x1925, 0x1925, 0x2145, 
	0x1925, 0x1925, 0x1925, 0x1925, 0x2145, 0x2145, 0x1925, 0x1925, 0x1925, 0x1925, 0x1925, 0x1925, 0x2125, 0x2125, 0x2125, 0x1925, 
	0x2145, 0x2145, 0x2145, 0x2145, 0x2145, 0x2145, 0x2145, 0x2145, 0x2145, 0x2125, 0x2145, 0x2145, 0x2145, 0x2145, 0x2145, 0x2125, 
	0x2145, 0x2145, 0x2145, 0x2146, 0x2145, 0x2125, 0x2145, 0x2145, 0x2145, 0x2145, 0x2145, 0x2145, 0x2145, 0x2145, 0x2145, 0x2145, 
	0x2145, 0x2145, 0x2145, 0x2145, 0x2145, 0x2146, 0x2146, 0x2145, 0x1925, 0x2145, 0x2145, 0x2145, 0x2145, 0x2145, 0x2145, 0x2145, 
	0x2125, 0x2125, 0x2125, 0x2125, 0x2125, 0x1925, 0x1925, 0x1925, 0x2125, 0x2145, 0x2145, 0x2145, 0x2145, 0x1925, 0x1925, 0x1925, 
	0x1925, 0x1925, 0x1925, 0x1925, 0x1925, 0x1925, 0x1925, 0x1925, 0x2125, 0x2125, 0x2125, 0x2125, 0x2125, 0x1925, 0x1925, 0x1925, 
	0x1925, 0x1925, 0x1925, 0x1925, 0x1925, 0x1925, 0x1925, 0x1925, 0x1925, 0x1925, 0x1925, 0x1925, 0x1925, 0x1925, 0x1925, 0x1925, 
	0x1925, 0x1925, 0x1925, 0x1925, 0x1925, 0x1925, 0x1925, 0x1925, 0x1925, 0x1925, 0x1925, 0x1925, 0x1925, 0x1925, 0x1945, 0x1945, 
	0x1945, 0x1945, 0x1945, 0x1945, 0x1945, 0x1925, 0x1925, 0x1925, 0x1945, 0x1945, 0x1945, 0x1945, 0x1945, 0x1945, 0x1945, 0x1925, 
	0x1925, 0x2145, 0x2145, 0x2145, 0x1925, 0x1925, 0x1925, 0x1925, 0x1925, 0x1925, 0x1925, 0x1925, 0x1925, 0x1945, 0x1945, 0x1945, 
	0x1925, 0x1925, 0x1925, 0x1925, 0x1925, 0x1925, 0x1925, 0x1945, 0x1925, 0x1925, 0x1925, 0x1925, 0x1925, 0x1925, 0x1925, 0x1925, 
	0x2125, 0x2125, 0x1925, 0x1925, 0x1925, 0x1925, 0x1925, 0x1925, 0x1925, 0x1925, 0x1925, 0x1925, 0x1925, 0x1925, 0x2125, 0x2145, 
	0x1925, 0x1925, 0x1925, 0x1925, 0x1925, 0x2145, 0x1925, 0x1925, 0x1925, 0x1925, 0x2145, 0x2145, 0x2145, 0x1925, 0x1925, 0x1925, 
	0x2145, 0x2145, 0x2145, 0x2145, 0x2145, 0x2145, 0x2145, 0x2145, 0x2145, 0x2125, 0x2125, 0x2125, 0x1925, 0x1925, 0x2125, 0x2125, 
	0x1925, 0x1925, 0x1925, 0x1925, 0x1925, 0x1925, 0x1925, 0x2125, 0x1925, 0x1925, 0x1925, 0x1925, 0x1925, 0x1925, 0x1925, 0x1925, 
	0x1925, 0x1925, 0x1925, 0x1925, 0x1925, 0x1925, 0x1925, 0x1925, 0x1925, 0x1925, 0x1925, 0x1925, 0x1925, 0x1925, 0x1925, 0x1925, 
	0x2145, 0x2145, 0x2145, 0x2145, 0x2145, 0x2125, 0x2125, 0x2125, 0x1925, 0x1925, 0x2125, 0x2125, 0x2125, 0x2125, 0x2125, 0x1925, 
	0x1925, 0x1925, 0x2125, 0x2146, 0x2125, 0x1925, 0x1925, 0x2145, 0x1925, 0x1925, 0x1925, 0x1925, 0x1925, 0x1925, 0x1925, 0x1925, 
	0x2145, 0x1925, 0x1925, 0x1925, 0x2125, 0x2145, 0x2125, 0x2125, 0x1925, 0x1925, 0x1925, 0x1925, 0x1925, 0x1925, 0x1925, 0x1925, 
	0x1925, 0x1925, 0x1925, 0x1925, 0x1925, 0x1925, 0x1925, 0x1925, 0x2125, 0x2145, 0x1925, 0x1925, 0x1925, 0x1925, 0x1925, 0x2145, 
	0x1925, 0x1925, 0x1925, 0x1925, 0x1925, 0x1925, 0x1925, 0x1925, 0x1925, 0x1925, 0x1925, 0x1925, 0x1925, 0x1925, 0x1925, 0x1925, 
	0x1925, 0x1925, 0x1925, 0x1925, 0x1925, 0x1925, 0x1905, 0x1905, 0x1905, 0x1925, 0x1925, 0x1925, 0x1905, 0x1905, 0x1925, 0x1925, 
	0x1925, 0x1924, 0x1925, 0x1925, 0x1925, 0x1924, 0x1924, 0x1924, 0x1925, 0x1925, 0x1925, 0x1924, 0x1924, 0x1924, 0x1925, 0x1925, 
	0x1945, 0x1945, 0x1945, 0x1945, 0x1925, 0x1925, 0x1925, 0x1925, 0x1945, 0x1945, 0x1925, 0x1925, 0x1925, 0x1925, 0x1925, 0x1925, 
	0x2145, 0x1925, 0x1925, 0x1925, 0x1925, 0x1925, 0x1925, 0x1925, 0x1925, 0x1925, 0x1925, 0x1925, 0x1925, 0x1925, 0x1945, 0x1945, 
	0x1925, 0x1925, 0x1925, 0x1925, 0x1925, 0x1925, 0x1925, 0x1945, 0x1925, 0x1925, 0x1925, 0x1925, 0x1925, 0x1925, 0x1925, 0x1925, 
	0x1925, 0x1925, 0x1925, 0x1925, 0x1925, 0x1925, 0x1925, 0x1925, 0x1925, 0x1925, 0x1925, 0x1925, 0x1925, 0x1925, 0x1925, 0x1925, 
	0x1925, 0x1925, 0x1925, 0x1925, 0x1925, 0x1925, 0x1925, 0x1925, 0x1925, 0x1925, 0x1925, 0x1925, 0x1925, 0x1925, 0x1925, 0x1925, 
	0x2145, 0x2145, 0x2145, 0x2145, 0x2145, 0x1925, 0x1925, 0x1925, 0x1925, 0x1925, 0x1925, 0x1925, 0x1925, 0x1925, 0x1925, 0x1925, 
	0x1925, 0x1925, 0x1925, 0x1925, 0x1925, 0x1925, 0x1925, 0x1925, 0x1925, 0x1925, 0x1925, 0x1925, 0x1925, 0x1925, 0x1925, 0x1925, 
	0x1925, 0x1925, 0x1925, 0x1925, 0x1925, 0x1925, 0x1925, 0x1925, 0x1925, 0x1925, 0x1925, 0x1925, 0x1925, 0x1925, 0x1925, 0x1925, 
	0x1925, 0x1925, 0x1925, 0x1925, 0x1925, 0x1925, 0x1925, 0x1925, 0x1925, 0x1925, 0x1925, 0x1925, 0x1925, 0x1925, 0x1925, 0x1925, 
	0x1925, 0x1925, 0x1925, 0x2125, 0x1925, 0x1925, 0x1925, 0x2125, 0x1925, 0x1925, 0x1925, 0x1925, 0x1925, 0x1925, 0x1925, 0x1925, 
	0x2145, 0x1925, 0x1925, 0x1925, 0x1925, 0x1925, 0x1925, 0x1925, 0x1925, 0x1925, 0x1925, 0x1925, 0x1925, 0x1925, 0x1925, 0x1925, 
	0x1925, 0x1925, 0x1925, 0x1925, 0x1925, 0x1925, 0x1925, 0x1925, 0x2125, 0x2145, 0x1925, 0x1925, 0x1925, 0x1925, 0x1925, 0x2145, 
	0x1925, 0x1925, 0x1925, 0x1925, 0x2125, 0x2125, 0x2125, 0x2125, 0x2125, 0x2125, 0x2125, 0x1925, 0x1925, 0x1925, 0x1925, 0x1925, 
	0x2125, 0x2125, 0x2125, 0x2125, 0x1925, 0x1925, 0x1925, 0x1925, 0x1925, 0x1925, 0x1925, 0x1925, 0x1925, 0x1925, 0x1925, 0x1925, 
	0x1925, 0x1925, 0x1925, 0x2145, 0x1925, 0x1925, 0x1925, 0x1925, 0x1925, 0x1925, 0x1925, 0x1925, 0x1925, 0x1925, 0x1925, 0x1925, 
	0x1925, 0x1945, 0x1945, 0x1945, 0x1925, 0x1925, 0x1925, 0x1945, 0x1945, 0x1945, 0x1945, 0x1925, 0x1925, 0x1925, 0x1925, 0x1925, 
	0x2145, 0x2145, 0x1925, 0x1925, 0x1925, 0x1925, 0x1925, 0x1925, 0x1925, 0x1925, 0x1925, 0x1925, 0x1925, 0x1945, 0x1945, 0x2145, 
	0x1925, 0x1925, 0x1925, 0x1925, 0x1925, 0x1925, 0x1945, 0x1945, 0x1925, 0x1925, 0x1925, 0x1925, 0x1925, 0x1925, 0x1925, 0x1925, 
	0x1925, 0x1925, 0x1925, 0x1925, 0x1925, 0x1925, 0x1925, 0x1925, 0x1925, 0x1925, 0x1925, 0x1925, 0x1925, 0x1925, 0x1925, 0x1925, 
	0x1925, 0x1925, 0x1925, 0x1925, 0x1925, 0x1925, 0x1925, 0x1925, 0x1925, 0x1925, 0x1925, 0x1925, 0x1925, 0x1925, 0x1945, 0x1945, 
	0x2145, 0x2145, 0x2145, 0x2145, 0x1925, 0x1925, 0x1925, 0x1925, 0x1925, 0x1925, 0x2125, 0x2125, 0x1925, 0x1925, 0x1925, 0x1925, 
	0x1925, 0x2125, 0x2125, 0x1925, 0x1925, 0x1925, 0x1925, 0x1925, 0x1925, 0x1925, 0x1925, 0x1925, 0x1925, 0x1925, 0x1925, 0x1925, 
	0x1925, 0x1925, 0x1925, 0x1925, 0x1925, 0x1925, 0x1925, 0x2125, 0x1925, 0x1925, 0x1925, 0x1925, 0x1925, 0x1925, 0x1925, 0x2145, 
	0x2145, 0x2145, 0x2145, 0x2125, 0x2125, 0x1925, 0x1925, 0x1925, 0x2125, 0x2125, 0x2125, 0x2125, 0x2125, 0x2125, 0x2125, 0x2125, 
	0x2125, 0x1925, 0x1925, 0x1925, 0x1925, 0x1925, 0x1925, 0x1925, 0x1925, 0x1925, 0x1925, 0x1925, 0x1925, 0x1925, 0x1925, 0x1925, 
	0x1925, 0x1925, 0x1925, 0x1925, 0x1925, 0x1925, 0x2145, 0x2145, 0x1925, 0x1925, 0x1925, 0x1925, 0x1925, 0x1925, 0x1925, 0x1925, 
	0x1925, 0x1925, 0x1925, 0x1925, 0x2125, 0x1925, 0x1925, 0x1925, 0x1925, 0x1925, 0x1925, 0x1925, 0x1925, 0x1925, 0x2145, 0x2145, 
	0x1925, 0x1925, 0x1925, 0x1925, 0x1925, 0x2125, 0x2125, 0x2125, 0x2125, 0x1925, 0x1925, 0x2125, 0x2125, 0x1925, 0x1925, 0x1925, 
	0x1925, 0x1925, 0x1925, 0x1925, 0x1925, 0x1925, 0x1925, 0x1905, 0x1925, 0x1925, 0x1925, 0x1905, 0x1925, 0x1925, 0x1925, 0x1925, 
	0x1925, 0x1925, 0x1925, 0x1925, 0x1925, 0x1925, 0x1925, 0x2145, 0x1925, 0x1925, 0x1925, 0x1925, 0x1925, 0x1925, 0x1925, 0x1925, 
	0x1945, 0x1945, 0x1945, 0x1945, 0x1945, 0x1945, 0x1945, 0x1945, 0x1945, 0x1945, 0x1925, 0x1925, 0x1945, 0x1945, 0x1945, 0x1945, 
	0x1945, 0x1945, 0x1945, 0x1945, 0x1925, 0x1925, 0x1925, 0x1925, 0x1925, 0x1925, 0x1925, 0x1925, 0x1925, 0x1925, 0x1925, 0x1925, 
	0x1945, 0x1945, 0x1925, 0x1925, 0x1925, 0x1925, 0x1925, 0x1945, 0x1925, 0x2125, 0x2125, 0x1925, 0x1925, 0x1925, 0x1925, 0x1925, 
	0x1925, 0x1925, 0x1925, 0x1925, 0x1925, 0x1925, 0x1925, 0x1925, 0x1925, 0x1925, 0x1925, 0x1925, 0x1925, 0x1925, 0x1925, 0x1925, 
	0x1925, 0x1925, 0x1925, 0x1925, 0x1925, 0x1925, 0x1925, 0x1925, 0x1925, 0x1925, 0x1925, 0x1925, 0x1945, 0x1945, 0x1945, 0x1925, 
	0x2145, 0x1925, 0x1925, 0x1925, 0x1925, 0x1925, 0x1925, 0x1925, 0x1925, 0x1925, 0x1925, 0x1925, 0x2125, 0x2125, 0x1925, 0x1925, 
	0x2125, 0x1925, 0x1925, 0x1925, 0x2125, 0x2125, 0x1925, 0x1925, 0x2125, 0x1925, 0x1925, 0x1925, 0x1925, 0x1925, 0x1925, 0x1925, 
	0x1925, 0x1925, 0x1925, 0x1925, 0x1925, 0x1925, 0x1925, 0x1925, 0x1925, 0x1925, 0x1925, 0x1925, 0x1945, 0x1945, 0x1925, 0x1925, 
	0x1925, 0x1925, 0x1925, 0x1925, 0x1925, 0x1925, 0x1925, 0x1925, 0x2145, 0x1925, 0x1925, 0x1925, 0x1925, 0x1925, 0x1925, 0x2126, 
	0x1925, 0x1925, 0x1925, 0x1925, 0x1925, 0x1925, 0x1925, 0x2125, 0x1925, 0x1925, 0x1925, 0x1925, 0x1925, 0x1925, 0x1925, 0x1925, 
	0x1925, 0x1925, 0x1925, 0x1925, 0x1945, 0x2145, 0x2145, 0x2145, 0x1925, 0x1925, 0x1925, 0x1925, 0x1925, 0x1925, 0x1925, 0x2125, 
	0x2126, 0x1925, 0x1925, 0x1925, 0x1925, 0x1925, 0x2125, 0x2125, 0x2125, 0x1925, 0x1925, 0x1925, 0x1925, 0x1925, 0x2145, 0x2145, 
	0x1925, 0x1925, 0x1925, 0x1925, 0x1925, 0x1925, 0x1925, 0x2125, 0x2125, 0x1925, 0x1925, 0x2125, 0x2125, 0x1925, 0x1925, 0x1925, 
	0x1925, 0x1925, 0x1925, 0x1925, 0x1925, 0x1925, 0x1925, 0x1905, 0x1925, 0x1925, 0x1925, 0x1905, 0x1905, 0x1925, 0x1925, 0x1925, 
	0x1925, 0x1925, 0x1925, 0x1925, 0x1925, 0x1924, 0x1925, 0x1925, 0x1925, 0x1925, 0x1925, 0x1925, 0x1925, 0x1925, 0x1925, 0x1925, 
	0x1925, 0x1945, 0x1945, 0x1945, 0x1945, 0x1945, 0x1945, 0x1945, 0x1945, 0x1945, 0x1925, 0x1925, 0x1945, 0x1945, 0x1945, 0x1945, 
	0x1945, 0x1945, 0x1945, 0x1945, 0x1945, 0x1925, 0x1925, 0x1925, 0x1925, 0x1925, 0x1925, 0x1925, 0x1925, 0x1925, 0x1925, 0x1925, 
	0x1925, 0x1925, 0x1925, 0x1925, 0x1925, 0x1925, 0x1925, 0x1925, 0x1925, 0x1925, 0x1925, 0x1925, 0x1925, 0x1925, 0x1925, 0x1925, 
	0x1925, 0x1925, 0x1925, 0x1925, 0x1925, 0x1925, 0x1925, 0x1925, 0x1925, 0x1925, 0x1925, 0x1925, 0x1925, 0x1925, 0x1925, 0x1925, 
	0x1925, 0x1925, 0x1925, 0x1925, 0x1945, 0x1925, 0x1925, 0x1945, 0x1945, 0x1925, 0x1925, 0x1925, 0x1945, 0x1945, 0x1925, 0x1925, 
	0x2145, 0x1925, 0x1925, 0x1925, 0x1925, 0x1925, 0x1925, 0x1925, 0x2125, 0x1925, 0x1925, 0x1925, 0x2125, 0x2125, 0x1925, 0x1925, 
	0x2125, 0x1925, 0x1925, 0x1925, 0x1925, 0x1925, 0x1925, 0x1925, 0x1925, 0x1925, 0x1925, 0x1925, 0x1925, 0x1925, 0x1925, 0x1925, 
	0x1925, 0x1925, 0x1925, 0x1925, 0x1925, 0x1925, 0x1925, 0x1925, 0x1925, 0x1925, 0x1925, 0x1925, 0x1925, 0x1925, 0x1925, 0x1925, 
	0x2145, 0x1925, 0x1925, 0x1925, 0x1925, 0x1925, 0x1925, 0x1925, 0x1925, 0x1925, 0x1925, 0x2146, 0x2146, 0x2125, 0x1925, 0x1925, 
	0x2125, 0x2125, 0x2125, 0x2125, 0x1925, 0x1925, 0x1925, 0x1925, 0x1925, 0x1925, 0x1925, 0x1925, 0x1925, 0x1925, 0x1925, 0x1925, 
	0x1925, 0x1925, 0x1925, 0x1925, 0x1945, 0x1945, 0x2145, 0x2145, 0x1925, 0x1925, 0x1925, 0x2125, 0x2125, 0x2125, 0x2125, 0x2125, 
	0x2125, 0x2125, 0x1925, 0x1925, 0x1925, 0x1925, 0x2125, 0x2146, 0x2125, 0x2125, 0x1925, 0x1925, 0x1925, 0x2145, 0x2145, 0x2145, 
	0x2145, 0x2125, 0x1925, 0x1925, 0x1925, 0x1925, 0x1925, 0x1925, 0x2125, 0x1925, 0x1925, 0x2125, 0x2125, 0x1925, 0x1925, 0x1925, 
	0x1925, 0x1925, 0x1925, 0x1925, 0x1925, 0x1925, 0x1925, 0x1925, 0x1905, 0x1925, 0x1925, 0x1925, 0x1905, 0x1905, 0x1925, 0x1925, 
	0x1925, 0x1925, 0x1925, 0x1925, 0x1925, 0x1924, 0x1924, 0x1925, 0x1925, 0x1925, 0x1925, 0x1925, 0x1925, 0x1925, 0x1925, 0x1925, 
	0x1925, 0x1945, 0x1945, 0x2145, 0x1945, 0x1945, 0x1945, 0x1945, 0x1945, 0x1945, 0x1925, 0x1925, 0x1925, 0x1945, 0x1945, 0x1945, 
	0x1945, 0x1945, 0x1945, 0x1945, 0x1945, 0x1925, 0x1925, 0x1925, 0x1925, 0x1925, 0x1925, 0x1925, 0x1925, 0x1925, 0x1925, 0x1925, 
	0x1925, 0x1925, 0x1925, 0x1925, 0x1925, 0x1925, 0x1925, 0x1925, 0x1925, 0x1925, 0x1925, 0x1925, 0x1925, 0x1925, 0x1925, 0x1925, 
	0x1925, 0x1925, 0x1925, 0x1925, 0x1925, 0x1925, 0x1925, 0x1925, 0x1925, 0x1925, 0x1925, 0x1925, 0x1925, 0x1925, 0x1925, 0x1925, 
	0x1925, 0x1925, 0x1925, 0x1925, 0x1925, 0x1925, 0x1925, 0x1945, 0x1945, 0x1925, 0x1925, 0x1925, 0x1945, 0x1925, 0x1925, 0x1925, 
	0x2145, 0x1925, 0x1925, 0x1925, 0x1925, 0x1925, 0x1925, 0x1925, 0x1925, 0x2125, 0x2125, 0x1925, 0x1925, 0x1925, 0x1925, 0x1925, 
	0x2125, 0x1925, 0x1925, 0x1925, 0x1925, 0x1925, 0x1925, 0x2125, 0x1925, 0x1925, 0x1925, 0x1925, 0x1925, 0x2125, 0x1925, 0x1925, 
	0x1925, 0x1925, 0x1925, 0x1925, 0x1925, 0x1925, 0x1925, 0x1925, 0x1925, 0x1925, 0x1925, 0x1925, 0x1925, 0x1925, 0x1925, 0x1925, 
	0x1925, 0x1925, 0x1925, 0x1925, 0x1925, 0x1925, 0x1925, 0x1925, 0x1925, 0x1925, 0x2125, 0x2146, 0x2146, 0x2125, 0x1925, 0x1925, 
	0x1925, 0x1925, 0x1925, 0x2125, 0x1925, 0x1925, 0x1925, 0x1925, 0x1925, 0x1925, 0x1925, 0x1925, 0x1925, 0x1925, 0x1925, 0x2145, 
	0x1945, 0x1945, 0x1945, 0x1925, 0x1925, 0x1925, 0x1945, 0x2145, 0x2145, 0x2125, 0x2125, 0x2125, 0x2125, 0x2125, 0x2125, 0x2125, 
	0x2125, 0x2125, 0x1925, 0x1925, 0x1925, 0x1925, 0x2125, 0x2125, 0x1925, 0x1925, 0x1925, 0x1925, 0x1925, 0x1925, 0x2125, 0x2125, 
	0x2125, 0x1925, 0x1925, 0x1925, 0x1925, 0x1925, 0x1925, 0x1925, 0x2125, 0x2125, 0x2125, 0x2125, 0x2125, 0x1925, 0x1925, 0x1925, 
	0x1925, 0x1925, 0x1925, 0x1925, 0x2125, 0x1925, 0x1925, 0x1925, 0x1925, 0x1925, 0x1925, 0x1925, 0x1925, 0x1925, 0x1925, 0x2145, 
	0x1925, 0x1924, 0x1925, 0x1925, 0x1925, 0x1925, 0x1925, 0x1925, 0x1925, 0x1925, 0x1925, 0x1925, 0x1925, 0x1925, 0x1925, 0x1925, 
	0x1925, 0x1945, 0x1945, 0x1945, 0x1945, 0x1945, 0x1945, 0x1945, 0x1945, 0x1945, 0x1925, 0x1925, 0x1925, 0x1925, 0x1925, 0x1925, 
	0x2145, 0x1945, 0x1925, 0x1925, 0x1945, 0x1945, 0x1925, 0x1925, 0x1925, 0x1925, 0x1925, 0x1925, 0x1925, 0x1925, 0x1925, 0x1925, 
	0x1925, 0x1925, 0x1925, 0x1945, 0x1945, 0x2145, 0x1925, 0x1925, 0x2125, 0x1925, 0x1925, 0x1925, 0x1925, 0x1925, 0x1925, 0x1925, 
	0x1925, 0x1925, 0x1925, 0x1925, 0x1925, 0x1925, 0x1925, 0x1925, 0x1925, 0x1925, 0x1925, 0x1925, 0x1925, 0x1925, 0x1925, 0x1925, 
	0x1925, 0x1925, 0x1925, 0x1925, 0x1925, 0x1925, 0x1925, 0x1945, 0x1945, 0x1945, 0x1945, 0x1925, 0x1925, 0x1925, 0x1925, 0x1925, 
	0x1925, 0x1925, 0x1925, 0x1925, 0x1925, 0x1925, 0x1925, 0x1925, 0x1925, 0x2125, 0x2125, 0x2125, 0x1925, 0x1925, 0x1925, 0x2125, 
	0x1925, 0x2125, 0x2125, 0x1925, 0x1925, 0x1925, 0x2125, 0x2125, 0x1925, 0x1925, 0x1925, 0x1925, 0x2125, 0x2125, 0x2125, 0x1925, 
	0x1925, 0x1925, 0x1925, 0x1925, 0x1925, 0x1925, 0x1925, 0x1925, 0x1925, 0x1925, 0x1925, 0x1925, 0x1925, 0x1925, 0x1925, 0x1925, 
	0x1925, 0x1925, 0x1925, 0x1925, 0x1925, 0x1925, 0x1925, 0x1925, 0x1925, 0x1925, 0x1925, 0x2125, 0x1925, 0x1925, 0x1925, 0x1925, 
	0x1925, 0x1925, 0x1925, 0x1925, 0x1925, 0x1925, 0x1925, 0x1925, 0x1925, 0x1925, 0x1925, 0x1925, 0x2125, 0x1925, 0x1925, 0x2145, 
	0x1945, 0x1945, 0x1945, 0x1925, 0x1925, 0x1925, 0x1925, 0x1925, 0x1925, 0x1925, 0x1925, 0x1925, 0x1925, 0x1925, 0x1925, 0x1925, 
	0x1925, 0x1925, 0x1925, 0x1925, 0x1925, 0x1925, 0x1925, 0x1925, 0x1925, 0x1925, 0x1925, 0x1925, 0x1925, 0x1925, 0x1925, 0x1925, 
	0x1925, 0x1925, 0x1925, 0x1925, 0x1925, 0x1925, 0x2125, 0x2125, 0x1925, 0x2125, 0x2125, 0x1925, 0x1925, 0x1925, 0x1925, 0x1925, 
	0x1925, 0x1925, 0x1925, 0x1925, 0x1925, 0x1925, 0x1925, 0x1925, 0x1925, 0x1925, 0x1925, 0x1925, 0x1925, 0x1925, 0x1925, 0x1925, 
	0x1925, 0x1925, 0x1925, 0x1925, 0x1925, 0x1925, 0x1925, 0x1925, 0x1925, 0x1925, 0x1925, 0x1925, 0x1925, 0x1925, 0x1925, 0x1925, 
	0x1945, 0x1945, 0x1945, 0x1925, 0x1925, 0x1925, 0x1945, 0x1945, 0x1945, 0x1945, 0x1925, 0x1925, 0x1925, 0x1925, 0x1925, 0x1925, 
	0x1945, 0x1945, 0x1925, 0x1925, 0x1945, 0x1925, 0x1925, 0x1925, 0x1925, 0x1925, 0x1925, 0x1925, 0x1925, 0x1925, 0x1925, 0x1925, 
	0x1925, 0x1925, 0x1945, 0x1945, 0x2125, 0x1925, 0x1925, 0x1925, 0x2125, 0x1925, 0x1925, 0x1925, 0x1925, 0x1925, 0x1925, 0x1925, 
	0x1925, 0x1925, 0x1925, 0x1925, 0x1925, 0x1925, 0x1925, 0x1925, 0x1925, 0x1925, 0x1925, 0x1925, 0x1925, 0x1925, 0x1925, 0x1925, 
	0x1925, 0x1925, 0x1925, 0x1925, 0x1925, 0x1925, 0x1945, 0x1945, 0x1945, 0x1945, 0x1945, 0x1945, 0x1925, 0x1925, 0x1925, 0x1925, 
	0x1925, 0x1925, 0x1925, 0x1925, 0x1925, 0x1925, 0x2125, 0x1925, 0x1925, 0x2125, 0x2145, 0x2125, 0x1925, 0x1925, 0x2125, 0x2145, 
	0x1925, 0x1925, 0x2125, 0x1925, 0x1925, 0x1925, 0x1925, 0x2125, 0x1925, 0x1925, 0x1925, 0x1925, 0x1925, 0x1925, 0x1925, 0x1925, 
	0x1925, 0x1925, 0x2145, 0x2145, 0x2145, 0x1925, 0x1925, 0x1925, 0x1925, 0x1925, 0x1925, 0x1925, 0x1925, 0x1925, 0x1925, 0x1925, 
	0x1925, 0x1925, 0x1925, 0x1925, 0x1925, 0x1925, 0x1925, 0x1925, 0x2125, 0x2125, 0x2125, 0x1925, 0x1925, 0x1925, 0x1925, 0x1925, 
	0x1925, 0x1925, 0x1925, 0x1925, 0x1925, 0x1925, 0x1925, 0x1925, 0x1925, 0x1925, 0x1925, 0x1925, 0x1925, 0x1925, 0x1925, 0x2145, 
	0x1945, 0x1945, 0x1945, 0x1925, 0x1925, 0x1925, 0x1925, 0x1925, 0x1925, 0x1925, 0x1925, 0x1925, 0x1925, 0x1925, 0x1925, 0x1925, 
	0x1925, 0x1925, 0x1925, 0x1925, 0x1925, 0x1925, 0x1925, 0x1925, 0x1925, 0x1925, 0x1925, 0x1925, 0x1925, 0x1925, 0x1925, 0x1925, 
	0x1925, 0x1925, 0x1925, 0x1925, 0x1925, 0x2125, 0x2125, 0x2125, 0x1925, 0x1925, 0x1925, 0x1925, 0x1925, 0x1925, 0x1925, 0x1925, 
	0x1925, 0x1925, 0x1925, 0x1925, 0x1925, 0x1925, 0x1925, 0x1925, 0x1925, 0x1925, 0x1925, 0x1925, 0x1925, 0x1925, 0x1925, 0x1925, 
	0x1925, 0x1925, 0x1925, 0x1925, 0x1925, 0x1924, 0x1924, 0x1925, 0x2145, 0x1925, 0x1925, 0x1925, 0x2145, 0x2145, 0x2145, 0x1925, 
	0x2145, 0x1945, 0x1945, 0x1925, 0x1925, 0x1925, 0x1945, 0x1945, 0x1945, 0x1945, 0x1925, 0x1925, 0x1925, 0x1925, 0x1925, 0x1925, 
	0x1945, 0x1925, 0x1925, 0x1925, 0x1925, 0x1925, 0x1925, 0x1925, 0x1925, 0x1925, 0x1925, 0x1925, 0x1925, 0x1925, 0x2125, 0x1925, 
	0x1925, 0x1925, 0x1925, 0x1925, 0x1925, 0x1925, 0x1925, 0x1925, 0x1925, 0x1925, 0x1925, 0x1925, 0x1925, 0x1925, 0x1925, 0x1925, 
	0x1925, 0x1925, 0x1925, 0x1925, 0x1925, 0x1925, 0x1925, 0x1925, 0x1925, 0x1925, 0x1925, 0x1925, 0x1925, 0x1925, 0x1925, 0x1925, 
	0x1925, 0x1925, 0x1925, 0x1925, 0x1925, 0x1945, 0x1945, 0x1945, 0x1945, 0x1945, 0x1945, 0x1945, 0x1925, 0x1925, 0x1925, 0x1925, 
	0x1925, 0x1925, 0x1925, 0x1925, 0x1925, 0x1925, 0x1925, 0x1925, 0x1925, 0x1925, 0x1925, 0x1925, 0x1925, 0x1925, 0x1925, 0x2125, 
	0x1925, 0x1925, 0x1925, 0x1925, 0x1925, 0x1925, 0x1925, 0x1925, 0x1925, 0x1925, 0x1925, 0x1925, 0x1925, 0x1925, 0x1925, 0x1925, 
	0x1925, 0x1925, 0x2145, 0x2145, 0x2145, 0x1925, 0x1925, 0x1925, 0x1925, 0x1925, 0x1925, 0x1925, 0x1925, 0x1925, 0x1945, 0x1945, 
	0x1925, 0x1925, 0x1925, 0x1925, 0x1925, 0x1925, 0x1925, 0x1925, 0x1925, 0x2125, 0x2125, 0x1925, 0x1925, 0x1925, 0x1925, 0x1925, 
	0x1925, 0x1925, 0x1925, 0x1925, 0x1925, 0x1925, 0x1925, 0x1925, 0x1925, 0x1925, 0x1925, 0x1925, 0x1925, 0x1925, 0x1925, 0x1925, 
	0x1945, 0x1945, 0x1945, 0x1925, 0x1925, 0x1925, 0x1925, 0x1925, 0x1925, 0x1925, 0x1925, 0x1925, 0x1925, 0x1925, 0x1925, 0x1925, 
	0x2125, 0x2125, 0x1925, 0x1925, 0x1925, 0x1925, 0x1925, 0x1925, 0x1925, 0x1925, 0x1925, 0x1925, 0x1925, 0x1925, 0x1925, 0x1925, 
	0x1925, 0x1925, 0x1925, 0x1925, 0x1925, 0x1925, 0x2125, 0x2125, 0x1925, 0x2125, 0x2125, 0x1925, 0x1925, 0x1925, 0x1925, 0x1925, 
	0x1925, 0x1925, 0x1925, 0x1925, 0x1925, 0x1925, 0x1925, 0x1925, 0x1925, 0x1925, 0x1925, 0x1925, 0x1925, 0x1925, 0x1925, 0x1925, 
	0x2145, 0x1925, 0x1925, 0x1925, 0x1925, 0x1925, 0x1925, 0x1925, 0x2145, 0x1925, 0x1925, 0x1925, 0x2145, 0x2145, 0x2145, 0x1925, 
	0x1945, 0x1945, 0x1945, 0x1945, 0x1925, 0x1925, 0x1945, 0x1945, 0x1945, 0x1945, 0x1925, 0x1925, 0x1925, 0x1925, 0x1925, 0x1925, 
	0x1925, 0x1925, 0x1925, 0x1925, 0x1945, 0x1925, 0x1925, 0x1925, 0x1925, 0x1925, 0x1925, 0x1925, 0x1925, 0x1925, 0x1925, 0x1925, 
	0x1925, 0x1925, 0x1925, 0x1925, 0x1925, 0x1925, 0x1925, 0x1925, 0x1925, 0x1925, 0x1925, 0x1925, 0x1925, 0x1925, 0x1925, 0x1925, 
	0x1925, 0x1925, 0x1925, 0x1925, 0x1925, 0x1925, 0x1925, 0x1925, 0x1925, 0x1925, 0x1925, 0x1925, 0x1925, 0x1925, 0x1925, 0x1925, 
	0x1925, 0x1925, 0x1925, 0x1925, 0x1925, 0x1945, 0x1945, 0x1945, 0x1925, 0x1945, 0x1945, 0x1945, 0x1925, 0x1925, 0x1925, 0x1925, 
	0x1925, 0x1925, 0x1925, 0x1925, 0x1925, 0x1925, 0x1925, 0x1925, 0x1905, 0x1925, 0x1925, 0x1925, 0x1925, 0x1925, 0x1925, 0x1925, 
	0x1925, 0x1925, 0x1925, 0x1925, 0x1925, 0x1925, 0x1925, 0x1925, 0x2125, 0x1925, 0x1925, 0x1925, 0x1925, 0x1925, 0x1925, 0x1925, 
	0x1925, 0x1925, 0x2145, 0x2145, 0x2145, 0x2145, 0x1925, 0x1925, 0x1945, 0x1945, 0x1945, 0x1945, 0x1945, 0x1945, 0x1945, 0x2145, 
	0x1925, 0x1925, 0x2125, 0x2125, 0x2125, 0x2125, 0x2125, 0x1925, 0x1925, 0x1925, 0x2125, 0x1925, 0x1925, 0x1925, 0x1925, 0x1925, 
	0x1925, 0x1925, 0x1925, 0x1925, 0x1925, 0x1925, 0x1925, 0x1925, 0x1925, 0x1925, 0x1925, 0x2125, 0x1925, 0x1925, 0x1925, 0x2145, 
	0x1945, 0x1945, 0x1945, 0x1945, 0x1925, 0x1925, 0x1925, 0x1925, 0x1925, 0x1925, 0x1925, 0x1925, 0x1925, 0x1925, 0x1925, 0x1925, 
	0x2146, 0x2125, 0x1925, 0x1925, 0x1925, 0x1925, 0x1925, 0x1925, 0x1925, 0x1925, 0x2125, 0x2125, 0x2126, 0x1926, 0x1926, 0x1925, 
	0x2126, 0x2125, 0x1925, 0x1925, 0x1925, 0x1925, 0x1925, 0x1925, 0x1925, 0x2145, 0x2145, 0x1925, 0x1925, 0x2125, 0x2125, 0x1925, 
	0x2125, 0x2125, 0x1925, 0x1925, 0x1925, 0x1925, 0x2125, 0x2125, 0x1925, 0x1925, 0x2125, 0x2125, 0x1925, 0x1925, 0x1925, 0x2145, 
	0x1925, 0x1925, 0x1925, 0x1925, 0x1925, 0x1925, 0x2145, 0x2145, 0x1925, 0x1925, 0x1925, 0x1925, 0x2145, 0x2145, 0x2145, 0x1925, 
	0x1925, 0x1945, 0x1945, 0x1945, 0x1925, 0x1925, 0x1925, 0x1945, 0x1945, 0x1945, 0x1925, 0x1925, 0x1925, 0x1925, 0x1925, 0x1924, 
	0x1925, 0x1925, 0x1945, 0x1925, 0x1945, 0x2145, 0x2145, 0x2145, 0x2145, 0x1925, 0x1925, 0x1925, 0x1925, 0x2125, 0x2125, 0x2125, 
	0x1925, 0x1925, 0x1925, 0x1925, 0x1925, 0x1925, 0x1925, 0x2125, 0x2125, 0x2125, 0x2125, 0x2125, 0x1925, 0x1925, 0x1925, 0x2125, 
	0x2125, 0x2125, 0x2125, 0x1925, 0x1925, 0x1925, 0x1925, 0x1925, 0x1925, 0x1925, 0x1925, 0x1925, 0x1925, 0x1925, 0x1925, 0x1925, 
	0x1925, 0x1925, 0x1925, 0x1925, 0x1925, 0x1945, 0x1945, 0x1945, 0x1925, 0x1925, 0x1945, 0x1925, 0x1925, 0x1925, 0x1925, 0x1925, 
	0x1925, 0x1925, 0x1925, 0x1925, 0x1925, 0x1925, 0x1925, 0x1925, 0x1925, 0x1925, 0x1925, 0x1925, 0x2145, 0x2145, 0x2145, 0x2125, 
	0x1925, 0x1925, 0x2125, 0x2125, 0x2146, 0x2125, 0x1925, 0x1925, 0x2125, 0x2125, 0x2125, 0x2145, 0x2145, 0x2145, 0x1925, 0x1925, 
	0x1925, 0x1925, 0x1925, 0x2145, 0x2145, 0x2145, 0x1925, 0x1925, 0x1925, 0x1925, 0x1925, 0x1925, 0x1925, 0x1945, 0x1945, 0x2145, 
	0x1925, 0x2125, 0x2125, 0x2145, 0x2145, 0x2145, 0x2125, 0x2125, 0x1925, 0x2125, 0x2125, 0x1925, 0x1925, 0x2145, 0x2145, 0x2145, 
	0x1925, 0x1925, 0x1925, 0x1925, 0x1925, 0x1925, 0x1925, 0x1925, 0x1925, 0x1925, 0x2145, 0x2145, 0x2125, 0x1925, 0x1925, 0x2146, 
	0x1945, 0x1945, 0x1945, 0x1925, 0x1925, 0x1925, 0x1925, 0x1925, 0x1925, 0x1925, 0x1925, 0x1925, 0x1925, 0x1925, 0x1925, 0x1925, 
	0x2125, 0x2125, 0x2125, 0x2125, 0x1925, 0x1925, 0x2125, 0x2146, 0x2125, 0x2125, 0x2125, 0x2125, 0x2126, 0x2126, 0x2126, 0x2126, 
	0x2126, 0x2126, 0x1925, 0x1925, 0x1925, 0x1925, 0x2125, 0x2125, 0x2125, 0x2125, 0x2125, 0x2125, 0x2125, 0x2125, 0x1925, 0x1925, 
	0x1925, 0x1925, 0x1925, 0x1925, 0x1925, 0x1925, 0x1925, 0x1925, 0x1905, 0x1925, 0x2125, 0x1925, 0x1925, 0x1925, 0x1925, 0x2145, 
	0x1925, 0x1925, 0x1925, 0x1925, 0x1925, 0x1925, 0x1925, 0x2145, 0x1925, 0x1925, 0x1925, 0x2145, 0x2145, 0x2145, 0x2145, 0x1925, 
	0x1925, 0x1945, 0x1945, 0x1925, 0x1925, 0x1925, 0x1925, 0x1945, 0x1945, 0x1945, 0x1925, 0x1925, 0x1924, 0x1925, 0x1925, 0x1925, 
	0x1925, 0x1925, 0x1945, 0x1945, 0x2145, 0x2145, 0x2145, 0x2145, 0x2145, 0x2125, 0x2125, 0x2125, 0x2125, 0x2125, 0x2125, 0x2145, 
	0x1925, 0x1925, 0x1925, 0x1925, 0x1925, 0x1925, 0x1925, 0x1925, 0x2125, 0x2125, 0x1925, 0x1925, 0x1925, 0x1925, 0x1925, 0x1925, 
	0x2125, 0x2125, 0x2125, 0x1925, 0x1925, 0x1925, 0x1925, 0x1925, 0x1925, 0x1925, 0x1925, 0x1925, 0x1925, 0x1925, 0x1925, 0x1925, 
	0x1925, 0x1945, 0x1925, 0x1925, 0x1925, 0x1945, 0x1945, 0x1945, 0x1945, 0x1945, 0x1945, 0x1945, 0x1925, 0x1925, 0x1925, 0x1925, 
	0x1925, 0x1925, 0x1925, 0x1925, 0x1925, 0x1925, 0x1925, 0x1925, 0x1925, 0x1925, 0x1925, 0x2145, 0x2145, 0x1925, 0x2145, 0x2145, 
	0x2125, 0x2126, 0x1925, 0x1925, 0x1925, 0x2125, 0x2125, 0x2125, 0x1925, 0x1925, 0x2125, 0x2145, 0x2145, 0x1945, 0x1925, 0x1925, 
	0x1925, 0x1925, 0x1925, 0x1925, 0x1925, 0x1925, 0x1925, 0x1925, 0x1925, 0x1925, 0x1925, 0x1925, 0x1925, 0x1925, 0x1925, 0x1945, 
	0x1925, 0x1925, 0x2125, 0x2145, 0x2145, 0x2125, 0x2125, 0x1925, 0x2125, 0x1925, 0x1925, 0x1925, 0x1925, 0x1925, 0x1925, 0x1925, 
	0x1925, 0x1925, 0x1925, 0x1925, 0x1925, 0x1925, 0x1925, 0x1925, 0x1925, 0x1925, 0x1925, 0x1925, 0x1925, 0x1925, 0x1925, 0x1945, 
	0x1925, 0x1925, 0x1925, 0x1925, 0x1925, 0x1925, 0x1925, 0x2145, 0x1925, 0x1925, 0x2125, 0x2145, 0x2125, 0x2125, 0x2125, 0x2125, 
	0x1925, 0x2125, 0x2125, 0x2125, 0x2125, 0x1925, 0x2125, 0x2125, 0x2125, 0x2125, 0x2125, 0x2125, 0x2126, 0x2126, 0x2126, 0x2126, 
	0x2146, 0x2146, 0x2125, 0x1925, 0x1925, 0x1925, 0x1925, 0x1925, 0x1925, 0x1925, 0x1925, 0x1925, 0x1925, 0x1925, 0x1925, 0x1925, 
	0x1925, 0x1925, 0x1925, 0x1925, 0x1925, 0x1925, 0x1925, 0x1925, 0x1905, 0x1925, 0x2125, 0x1925, 0x1925, 0x1925, 0x1925, 0x2145, 
	0x1925, 0x1925, 0x1925, 0x1925, 0x1925, 0x1925, 0x1925, 0x1925, 0x1925, 0x1925, 0x2125, 0x2145, 0x2145, 0x2145, 0x2145, 0x2145, 
	0x1925, 0x1945, 0x1945, 0x1945, 0x1945, 0x1945, 0x1945, 0x1945, 0x1945, 0x1945, 0x1945, 0x1925, 0x1925, 0x1925, 0x1925, 0x1925, 
	0x1925, 0x1925, 0x1925, 0x1925, 0x2145, 0x2125, 0x1925, 0x1925, 0x1925, 0x1925, 0x2125, 0x2125, 0x2125, 0x2125, 0x2125, 0x2125, 
	0x1925, 0x1925, 0x1925, 0x1925, 0x1925, 0x1925, 0x1925, 0x1925, 0x2125, 0x1925, 0x1925, 0x1925, 0x1925, 0x1925, 0x1925, 0x1925, 
	0x2125, 0x2125, 0x1925, 0x1925, 0x1925, 0x1925, 0x1925, 0x1925, 0x1925, 0x1925, 0x1925, 0x1925, 0x1925, 0x1925, 0x1925, 0x1925, 
	0x1925, 0x1925, 0x1925, 0x1925, 0x1925, 0x1945, 0x1945, 0x1925, 0x1945, 0x1945, 0x1945, 0x1925, 0x1925, 0x1925, 0x1925, 0x1925, 
	0x1925, 0x1925, 0x1925, 0x1925, 0x1925, 0x1925, 0x1925, 0x1925, 0x1925, 0x1925, 0x1925, 0x1925, 0x1925, 0x1925, 0x1925, 0x1925, 
	0x1925, 0x1925, 0x1925, 0x1925, 0x1925, 0x1925, 0x1925, 0x1925, 0x1925, 0x1925, 0x1925, 0x1925, 0x1925, 0x1925, 0x1925, 0x1925, 
	0x1925, 0x1925, 0x1925, 0x1925, 0x1925, 0x1925, 0x1925, 0x1925, 0x1925, 0x1925, 0x1925, 0x1925, 0x1925, 0x1925, 0x1925, 0x1945, 
	0x1925, 0x1925, 0x2125, 0x2125, 0x2125, 0x2125, 0x1925, 0x1925, 0x1925, 0x1925, 0x1925, 0x1925, 0x1925, 0x1905, 0x1905, 0x1925, 
	0x1925, 0x1925, 0x1925, 0x1925, 0x1925, 0x1925, 0x1925, 0x1925, 0x1925, 0x1925, 0x1925, 0x1925, 0x1925, 0x1925, 0x1925, 0x1945, 
	0x2145, 0x2145, 0x2145, 0x2145, 0x2145, 0x2125, 0x2125, 0x2125, 0x1925, 0x2125, 0x2125, 0x2145, 0x2125, 0x2125, 0x2125, 0x2125, 
	0x1925, 0x1925, 0x2125, 0x2125, 0x1925, 0x1925, 0x1925, 0x1925, 0x1925, 0x1925, 0x1925, 0x1925, 0x1925, 0x1925, 0x1925, 0x1925, 
	0x2125, 0x1925, 0x1925, 0x1925, 0x1925, 0x1925, 0x1925, 0x1925, 0x1925, 0x1925, 0x1925, 0x1925, 0x1925, 0x1925, 0x1925, 0x1925, 
	0x1925, 0x1925, 0x1925, 0x1925, 0x1925, 0x1925, 0x1925, 0x1925, 0x1925, 0x1925, 0x1925, 0x1925, 0x1925, 0x1925, 0x1925, 0x1925, 
	0x1945, 0x1945, 0x1925, 0x1925, 0x1925, 0x1925, 0x1925, 0x1925, 0x1925, 0x1925, 0x1925, 0x1925, 0x2125, 0x2145, 0x2145, 0x2145, 
	0x1925, 0x1945, 0x1925, 0x1945, 0x1945, 0x1945, 0x1945, 0x1945, 0x1945, 0x1945, 0x1945, 0x1945, 0x1945, 0x1945, 0x1925, 0x1925, 
	0x1925, 0x1925, 0x1925, 0x1925, 0x1925, 0x2125, 0x1925, 0x1925, 0x1925, 0x1925, 0x1925, 0x2125, 0x2125, 0x1925, 0x1925, 0x1925, 
	0x1925, 0x1925, 0x1925, 0x1925, 0x1925, 0x1925, 0x1925, 0x1925, 0x1925, 0x1925, 0x1925, 0x1925, 0x1925, 0x1925, 0x1925, 0x1925, 
	0x1925, 0x1925, 0x1925, 0x1925, 0x1925, 0x1925, 0x1925, 0x1925, 0x1925, 0x1925, 0x1925, 0x1925, 0x1925, 0x1925, 0x1925, 0x1925, 
	0x1925, 0x1945, 0x1925, 0x1925, 0x1925, 0x1925, 0x1925, 0x1925, 0x1925, 0x1945, 0x1945, 0x1925, 0x1925, 0x1925, 0x1925, 0x1925, 
	0x1925, 0x1925, 0x1925, 0x1925, 0x1925, 0x1925, 0x1925, 0x1925, 0x1925, 0x1925, 0x1925, 0x1925, 0x1925, 0x1925, 0x1925, 0x2125, 
	0x2125, 0x1925, 0x1925, 0x1925, 0x1925, 0x1925, 0x1925, 0x1925, 0x1925, 0x1925, 0x1925, 0x1925, 0x1925, 0x1925, 0x1925, 0x1925, 
	0x1925, 0x1925, 0x1925, 0x1925, 0x1925, 0x1925, 0x1925, 0x1925, 0x1925, 0x1925, 0x1925, 0x1925, 0x1925, 0x1925, 0x1925, 0x1945, 
	0x1925, 0x1925, 0x1925, 0x2125, 0x2125, 0x2125, 0x1925, 0x1925, 0x2125, 0x1925, 0x1925, 0x1925, 0x1925, 0x1925, 0x1925, 0x1925, 
	0x1925, 0x1925, 0x1925, 0x1925, 0x1925, 0x1925, 0x1925, 0x1925, 0x1925, 0x1925, 0x1925, 0x1925, 0x1925, 0x1925, 0x1925, 0x1925, 
	0x1925, 0x1925, 0x1925, 0x1925, 0x1925, 0x1925, 0x1925, 0x1925, 0x1925, 0x1925, 0x1925, 0x1925, 0x1925, 0x1925, 0x1925, 0x1925, 
	0x1925, 0x1925, 0x1925, 0x1925, 0x1925, 0x1925, 0x1925, 0x1925, 0x1925, 0x1925, 0x1925, 0x1925, 0x1925, 0x1925, 0x1925, 0x1925, 
	0x1925, 0x1925, 0x1925, 0x1925, 0x1925, 0x2125, 0x2125, 0x2145, 0x1925, 0x1925, 0x1925, 0x1925, 0x1925, 0x1925, 0x1925, 0x1925, 
	0x1925, 0x1925, 0x1925, 0x1925, 0x1925, 0x1925, 0x1925, 0x1925, 0x1925, 0x1925, 0x1925, 0x1925, 0x1925, 0x1925, 0x1925, 0x1925, 
	0x1925, 0x1925, 0x1925, 0x1925, 0x1925, 0x1925, 0x1925, 0x1925, 0x1925, 0x1905, 0x1905, 0x1925, 0x1925, 0x1925, 0x1925, 0x1925, 
	0x1925, 0x1945, 0x1925, 0x1925, 0x1945, 0x1945, 0x1925, 0x1925, 0x1945, 0x1945, 0x1945, 0x1945, 0x1945, 0x1945, 0x1945, 0x1945, 
	0x1945, 0x1945, 0x1925, 0x1925, 0x1925, 0x1925, 0x1925, 0x1925, 0x1925, 0x1925, 0x1925, 0x2125, 0x2125, 0x1925, 0x1925, 0x1925, 
	0x1925, 0x1925, 0x1925, 0x1925, 0x1925, 0x1925, 0x1925, 0x1925, 0x1925, 0x1925, 0x1925, 0x1925, 0x1925, 0x1925, 0x1925, 0x1925, 
	0x1925, 0x1925, 0x1925, 0x1925, 0x1925, 0x1925, 0x1925, 0x1925, 0x1925, 0x1925, 0x1925, 0x1925, 0x1925, 0x1925, 0x1925, 0x1925, 
	0x2145, 0x1945, 0x1925, 0x1925, 0x1925, 0x1925, 0x1945, 0x1945, 0x1945, 0x1945, 0x1945, 0x1925, 0x1925, 0x2145, 0x2145, 0x2145, 
	0x2145, 0x2125, 0x2125, 0x2125, 0x2125, 0x2145, 0x2145, 0x2125, 0x1925, 0x1925, 0x1925, 0x1925, 0x1925, 0x1925, 0x2125, 0x2145, 
	0x2125, 0x2125, 0x2125, 0x2125, 0x2125, 0x2125, 0x1925, 0x1925, 0x1925, 0x1925, 0x1925, 0x1925, 0x1925, 0x1925, 0x1925, 0x1925, 
	0x1925, 0x1925, 0x1925, 0x1925, 0x1925, 0x1925, 0x1925, 0x1925, 0x1925, 0x1925, 0x1925, 0x1925, 0x1925, 0x1925, 0x1925, 0x2145, 
	0x2145, 0x2125, 0x2125, 0x2125, 0x2125, 0x2125, 0x2125, 0x2125, 0x2125, 0x1925, 0x1925, 0x1925, 0x2125, 0x2125, 0x2125, 0x2145, 
	0x2145, 0x1945, 0x1925, 0x1925, 0x1925, 0x1925, 0x1925, 0x1925, 0x1925, 0x1925, 0x1925, 0x1925, 0x1925, 0x1925, 0x1925, 0x1925, 
	0x1925, 0x1925, 0x1925, 0x1925, 0x1925, 0x1925, 0x1925, 0x1925, 0x1925, 0x1925, 0x1925, 0x1925, 0x1925, 0x1925, 0x1925, 0x1925, 
	0x2125, 0x1925, 0x1925, 0x1925, 0x1925, 0x1925, 0x1925, 0x2125, 0x1925, 0x1925, 0x1925, 0x1925, 0x1925, 0x1925, 0x1925, 0x1925, 
	0x2125, 0x1925, 0x1925, 0x1925, 0x1925, 0x1925, 0x2125, 0x2125, 0x1925, 0x1925, 0x1925, 0x1925, 0x1925, 0x1925, 0x1925, 0x1925, 
	0x1925, 0x1925, 0x1925, 0x1925, 0x1925, 0x1925, 0x1925, 0x1925, 0x1925, 0x1925, 0x1925, 0x1925, 0x1925, 0x1925, 0x1925, 0x1925, 
	0x1925, 0x1925, 0x1925, 0x1925, 0x1925, 0x1925, 0x1925, 0x1925, 0x1925, 0x1925, 0x1925, 0x1925, 0x1925, 0x1925, 0x1925, 0x1925, 
	0x1925, 0x1925, 0x1925, 0x1925, 0x1925, 0x1945, 0x1925, 0x1925, 0x1925, 0x1925, 0x1925, 0x1925, 0x1925, 0x1945, 0x1945, 0x1945, 
	0x1945, 0x1925, 0x1925, 0x1925, 0x1925, 0x1925, 0x1925, 0x1925, 0x1925, 0x1925, 0x1925, 0x2125, 0x2125, 0x1925, 0x1925, 0x1925, 
	0x1925, 0x1925, 0x1925, 0x1925, 0x1925, 0x1925, 0x2125, 0x2125, 0x1925, 0x1925, 0x1925, 0x1925, 0x1925, 0x1925, 0x1925, 0x1925, 
	0x1925, 0x1925, 0x1925, 0x1925, 0x1925, 0x1925, 0x1925, 0x1925, 0x1925, 0x1925, 0x1925, 0x1925, 0x1925, 0x1925, 0x1925, 0x1925, 
	0x1925, 0x1925, 0x1925, 0x1925, 0x1925, 0x1925, 0x1925, 0x1945, 0x1925, 0x1925, 0x1945, 0x1925, 0x1925, 0x1945, 0x1945, 0x2145, 
	0x2145, 0x2125, 0x2125, 0x2125, 0x2125, 0x2125, 0x1925, 0x1925, 0x1925, 0x1925, 0x1925, 0x1925, 0x1925, 0x1925, 0x1925, 0x1925, 
	0x1925, 0x1925, 0x1925, 0x1925, 0x1925, 0x1925, 0x1925, 0x1925, 0x2125, 0x1925, 0x1925, 0x1925, 0x1925, 0x1925, 0x1925, 0x1925, 
	0x1925, 0x1925, 0x1925, 0x1925, 0x1925, 0x1925, 0x1925, 0x1945, 0x1925, 0x1925, 0x1925, 0x1925, 0x1925, 0x1925, 0x1925, 0x2125, 
	0x2125, 0x2125, 0x1925, 0x1925, 0x1925, 0x2125, 0x2125, 0x2125, 0x1925, 0x1925, 0x1925, 0x1925, 0x1925, 0x1925, 0x2125, 0x2145, 
	0x2145, 0x1925, 0x1925, 0x1925, 0x1925, 0x1925, 0x1925, 0x1925, 0x1925, 0x1925, 0x1925, 0x1925, 0x1925, 0x1925, 0x1925, 0x1925, 
	0x1925, 0x1925, 0x1925, 0x1925, 0x1925, 0x1925, 0x1925, 0x1925, 0x2125, 0x2125, 0x2125, 0x2125, 0x1925, 0x1925, 0x1925, 0x2125, 
	0x2125, 0x1925, 0x1925, 0x1925, 0x1925, 0x1925, 0x1925, 0x2125, 0x1925, 0x1925, 0x1925, 0x1925, 0x1925, 0x1925, 0x1925, 0x1925, 
	0x2125, 0x2125, 0x2125, 0x2125, 0x1925, 0x1925, 0x1925, 0x1925, 0x1925, 0x1925, 0x1925, 0x1925, 0x1925, 0x1925, 0x1925, 0x1925, 
	0x1925, 0x1925, 0x1925, 0x1925, 0x1925, 0x1925, 0x1925, 0x1925, 0x1925, 0x1925, 0x1905, 0x1905, 0x1925, 0x1925, 0x1925, 0x1925, 
	0x1925, 0x1925, 0x1925, 0x1925, 0x1925, 0x1925, 0x1925, 0x1925, 0x1925, 0x1925, 0x1925, 0x1925, 0x1925, 0x1925, 0x1925, 0x1925, 
	0x1925, 0x1925, 0x1925, 0x1945, 0x1945, 0x1945, 0x1945, 0x1945, 0x1925, 0x1925, 0x1925, 0x1925, 0x1925, 0x1945, 0x1945, 0x2145, 
	0x1945, 0x1925, 0x1925, 0x1925, 0x1925, 0x1925, 0x1925, 0x1925, 0x1925, 0x1925, 0x1925, 0x1925, 0x1925, 0x1925, 0x1925, 0x1925, 
	0x1925, 0x1925, 0x1925, 0x1925, 0x1925, 0x1925, 0x2125, 0x2146, 0x1925, 0x1925, 0x1925, 0x2125, 0x2125, 0x1925, 0x1925, 0x1925, 
	0x2125, 0x1925, 0x1925, 0x1925, 0x1925, 0x1925, 0x1925, 0x1925, 0x1925, 0x1925, 0x1925, 0x1925, 0x1925, 0x1925, 0x1925, 0x1925, 
	0x1925, 0x1925, 0x1925, 0x1925, 0x1925, 0x1925, 0x1925, 0x1945, 0x1925, 0x1925, 0x1925, 0x1945, 0x1945, 0x1945, 0x1925, 0x1925, 
	0x2145, 0x2145, 0x2125, 0x1925, 0x1925, 0x1925, 0x1925, 0x1925, 0x1925, 0x1925, 0x1925, 0x1925, 0x1925, 0x1925, 0x1925, 0x1925, 
	0x1925, 0x1925, 0x1925, 0x1925, 0x1925, 0x1925, 0x1925, 0x1925, 0x2125, 0x1925, 0x1925, 0x1925, 0x1925, 0x1925, 0x1925, 0x1925, 
	0x1925, 0x1925, 0x1925, 0x1925, 0x1925, 0x1925, 0x1925, 0x1925, 0x1925, 0x1925, 0x1925, 0x1925, 0x1925, 0x1925, 0x1925, 0x2125, 
	0x1925, 0x1925, 0x1925, 0x1925, 0x1925, 0x1925, 0x1925, 0x2125, 0x1925, 0x1925, 0x1925, 0x1925, 0x1925, 0x1925, 0x1925, 0x1925, 
	0x1925, 0x1925, 0x1925, 0x1925, 0x1925, 0x1925, 0x1925, 0x1925, 0x1925, 0x1925, 0x2125, 0x1925, 0x1925, 0x1925, 0x1925, 0x1925, 
	0x2125, 0x2125, 0x2125, 0x1925, 0x1925, 0x1925, 0x1925, 0x1925, 0x1925, 0x1925, 0x2125, 0x2125, 0x1925, 0x1925, 0x1925, 0x2145, 
	0x1925, 0x1925, 0x1925, 0x1925, 0x1925, 0x1925, 0x1925, 0x2125, 0x1925, 0x1925, 0x1925, 0x1925, 0x1925, 0x1925, 0x1925, 0x1925, 
	0x1925, 0x1925, 0x1925, 0x1925, 0x1925, 0x2125, 0x2125, 0x2125, 0x2125, 0x2125, 0x1925, 0x1925, 0x1925, 0x1925, 0x1925, 0x1925, 
	0x1925, 0x1925, 0x1925, 0x1925, 0x1925, 0x1925, 0x1925, 0x1925, 0x1925, 0x1925, 0x1925, 0x1925, 0x1925, 0x1925, 0x1925, 0x1925, 
	0x2145, 0x1925, 0x1925, 0x1925, 0x1925, 0x1925, 0x1925, 0x1925, 0x1925, 0x1925, 0x1925, 0x1925, 0x1925, 0x1925, 0x1925, 0x1925, 
	0x1925, 0x1925, 0x1945, 0x1945, 0x1945, 0x1945, 0x1945, 0x1945, 0x1925, 0x1925, 0x1925, 0x1925, 0x1925, 0x1945, 0x1945, 0x1945, 
	0x1945, 0x1945, 0x1925, 0x1925, 0x1925, 0x1925, 0x1925, 0x1925, 0x1925, 0x1925, 0x1925, 0x1925, 0x1925, 0x1925, 0x1925, 0x1925, 
	0x1925, 0x1925, 0x2125, 0x1925, 0x1925, 0x1925, 0x1925, 0x2125, 0x1925, 0x1925, 0x1925, 0x1925, 0x1925, 0x1925, 0x1925, 0x1925, 
	0x1925, 0x1925, 0x1925, 0x1925, 0x1925, 0x1925, 0x1925, 0x1925, 0x1925, 0x1925, 0x1925, 0x1925, 0x1925, 0x1925, 0x1925, 0x1925, 
	0x1925, 0x1925, 0x1925, 0x1925, 0x1925, 0x1925, 0x1925, 0x1925, 0x1925, 0x1925, 0x1925, 0x1945, 0x1945, 0x1945, 0x1925, 0x1925, 
	0x2145, 0x2125, 0x1925, 0x1925, 0x1925, 0x1925, 0x1925, 0x1925, 0x1925, 0x1925, 0x2125, 0x1925, 0x1925, 0x1925, 0x1925, 0x1925, 
	0x1925, 0x1925, 0x1925, 0x1925, 0x2125, 0x2125, 0x2125, 0x1925, 0x1925, 0x1925, 0x1925, 0x1925, 0x1925, 0x1925, 0x1925, 0x1925, 
	0x1925, 0x1925, 0x1925, 0x1925, 0x1925, 0x1925, 0x1925, 0x1925, 0x1925, 0x1925, 0x1925, 0x1925, 0x1925, 0x1925, 0x1925, 0x2125, 
	0x1925, 0x1925, 0x1925, 0x1925, 0x1925, 0x1925, 0x1925, 0x1925, 0x2125, 0x1925, 0x1925, 0x2125, 0x2125, 0x1925, 0x1925, 0x1925, 
	0x2125, 0x1925, 0x1925, 0x1925, 0x2125, 0x2125, 0x1925, 0x1925, 0x1925, 0x1925, 0x1925, 0x1925, 0x1925, 0x1925, 0x1925, 0x1925, 
	0x1925, 0x1925, 0x1925, 0x1925, 0x1925, 0x1925, 0x1925, 0x1925, 0x1925, 0x1925, 0x1925, 0x1925, 0x1925, 0x1925, 0x1925, 0x1925, 
	0x1925, 0x1925, 0x2125, 0x2125, 0x2125, 0x1925, 0x1925, 0x1925, 0x1925, 0x1925, 0x1925, 0x1925, 0x1925, 0x1925, 0x1925, 0x1925, 
	0x1925, 0x1925, 0x1925, 0x1925, 0x1925, 0x1925, 0x1925, 0x1925, 0x1925, 0x1925, 0x1925, 0x1925, 0x1925, 0x1925, 0x1925, 0x1925, 
	0x1925, 0x1925, 0x1925, 0x1925, 0x1925, 0x1925, 0x1925, 0x1925, 0x1905, 0x1925, 0x1925, 0x1925, 0x1925, 0x1925, 0x1925, 0x1925, 
	0x1925, 0x1925, 0x1924, 0x1924, 0x1925, 0x1925, 0x1925, 0x2145, 0x1925, 0x1925, 0x1925, 0x1925, 0x1925, 0x1925, 0x1925, 0x1925, 
	0x1925, 0x1945, 0x1945, 0x1945, 0x1945, 0x1945, 0x1945, 0x1945, 0x1925, 0x1925, 0x1945, 0x1945, 0x1945, 0x1945, 0x1945, 0x1945, 
	0x1945, 0x1945, 0x1925, 0x1925, 0x1925, 0x1925, 0x1925, 0x1925, 0x1925, 0x1925, 0x1925, 0x1925, 0x1925, 0x1925, 0x1925, 0x1925, 
	0x1925, 0x1925, 0x2125, 0x1925, 0x1925, 0x1925, 0x1925, 0x1925, 0x1925, 0x1925, 0x1925, 0x1925, 0x1925, 0x1925, 0x1925, 0x1925, 
	0x1925, 0x1925, 0x1925, 0x1925, 0x1925, 0x1925, 0x1925, 0x1925, 0x1925, 0x1925, 0x1925, 0x1925, 0x1925, 0x1925, 0x1925, 0x1925, 
	0x2145, 0x1925, 0x1925, 0x1925, 0x1925, 0x1925, 0x1925, 0x1925, 0x1925, 0x1925, 0x1925, 0x1945, 0x2145, 0x1945, 0x1945, 0x1925, 
	0x1925, 0x1925, 0x1925, 0x1925, 0x1925, 0x2125, 0x2125, 0x2125, 0x1925, 0x1925, 0x1925, 0x1925, 0x1925, 0x1925, 0x1926, 0x2126, 
	0x1925, 0x1925, 0x1925, 0x1925, 0x1925, 0x1925, 0x1925, 0x1925, 0x2125, 0x1925, 0x1925, 0x1925, 0x1925, 0x1925, 0x1925, 0x1925, 
	0x1925, 0x1925, 0x1925, 0x1925, 0x1925, 0x1925, 0x1925, 0x1925, 0x1925, 0x1925, 0x1925, 0x1925, 0x1925, 0x1925, 0x1925, 0x2125, 
	0x1925, 0x1925, 0x2125, 0x2125, 0x2125, 0x2125, 0x2125, 0x2125, 0x1925, 0x1925, 0x1925, 0x2125, 0x2125, 0x1925, 0x1925, 0x1925, 
	0x2125, 0x1925, 0x1925, 0x1925, 0x1925, 0x1925, 0x1925, 0x1925, 0x1925, 0x1925, 0x1925, 0x1925, 0x1925, 0x1925, 0x1925, 0x2145, 
	0x2125, 0x1925, 0x1925, 0x1925, 0x1925, 0x1925, 0x1925, 0x1925, 0x1925, 0x1925, 0x1925, 0x2125, 0x2125, 0x1925, 0x1925, 0x2145, 
	0x1925, 0x1925, 0x1925, 0x2125, 0x2125, 0x1925, 0x1925, 0x1925, 0x2125, 0x1925, 0x1925, 0x1925, 0x2145, 0x2145, 0x2145, 0x1925, 
	0x2145, 0x2125, 0x2145, 0x2125, 0x2125, 0x2125, 0x2125, 0x2125, 0x1925, 0x1925, 0x1925, 0x1925, 0x1925, 0x1925, 0x1925, 0x1925, 
	0x1925, 0x1925, 0x1925, 0x1925, 0x1925, 0x1925, 0x1905, 0x1925, 0x1905, 0x1905, 0x1905, 0x1905, 0x1925, 0x1925, 0x1905, 0x1925, 
	0x1925, 0x1924, 0x1925, 0x1925, 0x1925, 0x1925, 0x1925, 0x1925, 0x1925, 0x1925, 0x1925, 0x1925, 0x1925, 0x1925, 0x1925, 0x1925, 
	0x1945, 0x1945, 0x1945, 0x1945, 0x1945, 0x1945, 0x1945, 0x1945, 0x1925, 0x1925, 0x1925, 0x1925, 0x1945, 0x1945, 0x1945, 0x1925, 
	0x1945, 0x1945, 0x1925, 0x1925, 0x1925, 0x1925, 0x1925, 0x1925, 0x1925, 0x1925, 0x1925, 0x1925, 0x1925, 0x1925, 0x1925, 0x1925, 
	0x1925, 0x1925, 0x1925, 0x1925, 0x1925, 0x1925, 0x1925, 0x1925, 0x1925, 0x1925, 0x1925, 0x1925, 0x1925, 0x1925, 0x1925, 0x1925, 
	0x1925, 0x1925, 0x1925, 0x1925, 0x1925, 0x1925, 0x1925, 0x1925, 0x1925, 0x1925, 0x1925, 0x1925, 0x1925, 0x1925, 0x1925, 0x1925, 
	0x1925, 0x1925, 0x1925, 0x1925, 0x1925, 0x1925, 0x1945, 0x2145, 0x1925, 0x1925, 0x1945, 0x1945, 0x1925, 0x1925, 0x1925, 0x1925, 
	0x2145, 0x1925, 0x1925, 0x1925, 0x1925, 0x1925, 0x1925, 0x1925, 0x1925, 0x1925, 0x1925, 0x1925, 0x1925, 0x1926, 0x1926, 0x1925, 
	0x1925, 0x1925, 0x1925, 0x1925, 0x1925, 0x1925, 0x1925, 0x1925, 0x1925, 0x1925, 0x1925, 0x1925, 0x1925, 0x1925, 0x1925, 0x1925, 
	0x1925, 0x1925, 0x1925, 0x1925, 0x1925, 0x1945, 0x1945, 0x1925, 0x1925, 0x1925, 0x1925, 0x2125, 0x2125, 0x2125, 0x1925, 0x1925, 
	0x2145, 0x2145, 0x2125, 0x2125, 0x1925, 0x1925, 0x1925, 0x1925, 0x1925, 0x2125, 0x2125, 0x2125, 0x1925, 0x1925, 0x2125, 0x2145, 
	0x2125, 0x1925, 0x1925, 0x1925, 0x1925, 0x1925, 0x1925, 0x1925, 0x1925, 0x1925, 0x1925, 0x1925, 0x1925, 0x1925, 0x1925, 0x1925, 
	0x1925, 0x1925, 0x1925, 0x1925, 0x1925, 0x1925, 0x1925, 0x1925, 0x1925, 0x1925, 0x1925, 0x2125, 0x2145, 0x2145, 0x1925, 0x1925, 
	0x1925, 0x1925, 0x1925, 0x2125, 0x2125, 0x1925, 0x1925, 0x1925, 0x2125, 0x1925, 0x1925, 0x1925, 0x2145, 0x2145, 0x1925, 0x1925, 
	0x1925, 0x1925, 0x1925, 0x1925, 0x1925, 0x1925, 0x1925, 0x1925, 0x2125, 0x2125, 0x2125, 0x1925, 0x1925, 0x1925, 0x1925, 0x1925, 
	0x1925, 0x1925, 0x1925, 0x1925, 0x1925, 0x1925, 0x1925, 0x1925, 0x1905, 0x1925, 0x1925, 0x1925, 0x1925, 0x1925, 0x1905, 0x1925, 
	0x1925, 0x1924, 0x1925, 0x1925, 0x1925, 0x1925, 0x1925, 0x1925, 0x1925, 0x1925, 0x1925, 0x1925, 0x1925, 0x1925, 0x1925, 0x1925, 
	0x1945, 0x1945, 0x1945, 0x1945, 0x1945, 0x1945, 0x1945, 0x1945, 0x1945, 0x1925, 0x1925, 0x1945, 0x1945, 0x1945, 0x1945, 0x1945, 
	0x1925, 0x1925, 0x1925, 0x1925, 0x1925, 0x1925, 0x1925, 0x1925, 0x1925, 0x1925, 0x1925, 0x1925, 0x1925, 0x1925, 0x1925, 0x1925, 
	0x1925, 0x1925, 0x1925, 0x1925, 0x1925, 0x1925, 0x1925, 0x1925, 0x2125, 0x1925, 0x1925, 0x2125, 0x2125, 0x1925, 0x1925, 0x1925, 
	0x1925, 0x1925, 0x1925, 0x1925, 0x1925, 0x1925, 0x1925, 0x1925, 0x1925, 0x1925, 0x1925, 0x1925, 0x1925, 0x1925, 0x1925, 0x1925, 
	0x1925, 0x1925, 0x1925, 0x1925, 0x1925, 0x1925, 0x1925, 0x1945, 0x1925, 0x1925, 0x1925, 0x1925, 0x1925, 0x1925, 0x1925, 0x1925, 
	0x1925, 0x1925, 0x1925, 0x1925, 0x1925, 0x2125, 0x2125, 0x1925, 0x1925, 0x1925, 0x1925, 0x1925, 0x1925, 0x1925, 0x1925, 0x1925, 
	0x2125, 0x2125, 0x2125, 0x2125, 0x2125, 0x1925, 0x1925, 0x1925, 0x1925, 0x1925, 0x1925, 0x1925, 0x1925, 0x1925, 0x1925, 0x1925, 
	0x1945, 0x1945, 0x1925, 0x1925, 0x1925, 0x1945, 0x1925, 0x1925, 0x1925, 0x1925, 0x1925, 0x1925, 0x1925, 0x1925, 0x1925, 0x1925, 
	0x2145, 0x2125, 0x1925, 0x1925, 0x1925, 0x1925, 0x1925, 0x1925, 0x1925, 0x1925, 0x1925, 0x1925, 0x1925, 0x1925, 0x1925, 0x1925, 
	0x2125, 0x1925, 0x1925, 0x1925, 0x1925, 0x1925, 0x1925, 0x1925, 0x1925, 0x1925, 0x1925, 0x2145, 0x2145, 0x1925, 0x1925, 0x1925, 
	0x1925, 0x1925, 0x1925, 0x1925, 0x2125, 0x1925, 0x1925, 0x1925, 0x1925, 0x1925, 0x1925, 0x2125, 0x2125, 0x2125, 0x1925, 0x1925, 
	0x1925, 0x1925, 0x1925, 0x2125, 0x1925, 0x1925, 0x1925, 0x1925, 0x1925, 0x1925, 0x2125, 0x1925, 0x1925, 0x1925, 0x1925, 0x2125, 
	0x1925, 0x1925, 0x1925, 0x1925, 0x1925, 0x1925, 0x1925, 0x1925, 0x2145, 0x2125, 0x2125, 0x2125, 0x1925, 0x1925, 0x1925, 0x1925, 
	0x1925, 0x1925, 0x1925, 0x1925, 0x1925, 0x1925, 0x1925, 0x1925, 0x1925, 0x1925, 0x1925, 0x1925, 0x2125, 0x1925, 0x1925, 0x1925, 
	0x1925, 0x1925, 0x1925, 0x1925, 0x1925, 0x1925, 0x1925, 0x1925, 0x1925, 0x1925, 0x1925, 0x1925, 0x1925, 0x1925, 0x1945, 0x1945, 
	0x1925, 0x1945, 0x1945, 0x1945, 0x1945, 0x1945, 0x1945, 0x1945, 0x1925, 0x1925, 0x1925, 0x1945, 0x1945, 0x1945, 0x1945, 0x1945, 
	0x1925, 0x1945, 0x1945, 0x1925, 0x1925, 0x1925, 0x1925, 0x1925, 0x1925, 0x1925, 0x1925, 0x1925, 0x1925, 0x1925, 0x1925, 0x1925, 
	0x1925, 0x1925, 0x1925, 0x1925, 0x1925, 0x1925, 0x1925, 0x1925, 0x2125, 0x1925, 0x1925, 0x2125, 0x2125, 0x1925, 0x1925, 0x1925, 
	0x1925, 0x1925, 0x1925, 0x1925, 0x1925, 0x1925, 0x1925, 0x1925, 0x1925, 0x1925, 0x1925, 0x1925, 0x1925, 0x1925, 0x1925, 0x1925, 
	0x1925, 0x1925, 0x1925, 0x1925, 0x1925, 0x1925, 0x1925, 0x1925, 0x1925, 0x1925, 0x1925, 0x1925, 0x1925, 0x1925, 0x1925, 0x1925, 
	0x1925, 0x1925, 0x1925, 0x1925, 0x1925, 0x2125, 0x2125, 0x2125, 0x2125, 0x2125, 0x2125, 0x2125, 0x2125, 0x2125, 0x2125, 0x2125, 
	0x2125, 0x1925, 0x1925, 0x1925, 0x1925, 0x1925, 0x1925, 0x1925, 0x1925, 0x1925, 0x1925, 0x1925, 0x1925, 0x1925, 0x1925, 0x1925, 
	0x1945, 0x1945, 0x1925, 0x1925, 0x1925, 0x1925, 0x1925, 0x1925, 0x1925, 0x1925, 0x1925, 0x1925, 0x1925, 0x1925, 0x1925, 0x1925, 
	0x1925, 0x1925, 0x1925, 0x1925, 0x1925, 0x1925, 0x1925, 0x1925, 0x1925, 0x1925, 0x1925, 0x1925, 0x1925, 0x1925, 0x1925, 0x1925, 
	0x2125, 0x1925, 0x1925, 0x1925, 0x1925, 0x1925, 0x1925, 0x1925, 0x1925, 0x1925, 0x1925, 0x2145, 0x2145, 0x1925, 0x1925, 0x1925, 
	0x2125, 0x2125, 0x2125, 0x2125, 0x2125, 0x2125, 0x1925, 0x1925, 0x2125, 0x1925, 0x1925, 0x2125, 0x2125, 0x2125, 0x1925, 0x1925, 
	0x1925, 0x1925, 0x1925, 0x1925, 0x1925, 0x1925, 0x1925, 0x1925, 0x1925, 0x1925, 0x2125, 0x2125, 0x1925, 0x1925, 0x1925, 0x2125, 
	0x1925, 0x1925, 0x1925, 0x1925, 0x1925, 0x1925, 0x1925, 0x1925, 0x2125, 0x2125, 0x1925, 0x1925, 0x1925, 0x1925, 0x1925, 0x1925, 
	0x1925, 0x1925, 0x1925, 0x1925, 0x1925, 0x1925, 0x1925, 0x1925, 0x1925, 0x1925, 0x1925, 0x1925, 0x2125, 0x1925, 0x1925, 0x1925, 
	0x1925, 0x1925, 0x1925, 0x1925, 0x1925, 0x1925, 0x1925, 0x1925, 0x1925, 0x1925, 0x1925, 0x1925, 0x1925, 0x1945, 0x1945, 0x1945, 
	0x1925, 0x1925, 0x1925, 0x1925, 0x1945, 0x1945, 0x1925, 0x1925, 0x1925, 0x1925, 0x1925, 0x1925, 0x1925, 0x1925, 0x1925, 0x1925, 
	0x1925, 0x1945, 0x1945, 0x1925, 0x1925, 0x1925, 0x1925, 0x1925, 0x1925, 0x1925, 0x1925, 0x1925, 0x1925, 0x1925, 0x1925, 0x1925, 
	0x1925, 0x1925, 0x1925, 0x1925, 0x1925, 0x1925, 0x1925, 0x1925, 0x1925, 0x1925, 0x1925, 0x1925, 0x1925, 0x1925, 0x1925, 0x1925, 
	0x1925, 0x1925, 0x1925, 0x1925, 0x1925, 0x1925, 0x1925, 0x1925, 0x1925, 0x1925, 0x1925, 0x1925, 0x1925, 0x1925, 0x1925, 0x1925, 
	0x1925, 0x1925, 0x1925, 0x1925, 0x1925, 0x1925, 0x1925, 0x1925, 0x1925, 0x1925, 0x1925, 0x1925, 0x1925, 0x1925, 0x1925, 0x1925, 
	0x2145, 0x2125, 0x1925, 0x1925, 0x1925, 0x1925, 0x1925, 0x1925, 0x2125, 0x2125, 0x1925, 0x1925, 0x1925, 0x1925, 0x1925, 0x1925, 
	0x1925, 0x1925, 0x1925, 0x1925, 0x1925, 0x1925, 0x1925, 0x1925, 0x1925, 0x1925, 0x1925, 0x1925, 0x1925, 0x1925, 0x1925, 0x1925, 
	0x1945, 0x1925, 0x1925, 0x1925, 0x1925, 0x1925, 0x1925, 0x1925, 0x1925, 0x1925, 0x1925, 0x1945, 0x1945, 0x1925, 0x1925, 0x1945, 
	0x1925, 0x1925, 0x1925, 0x1925, 0x1925, 0x1925, 0x1925, 0x2125, 0x1925, 0x1925, 0x2125, 0x2125, 0x1925, 0x1925, 0x1925, 0x1925, 
	0x1925, 0x1925, 0x1925, 0x1925, 0x1925, 0x1925, 0x1925, 0x1925, 0x1925, 0x1925, 0x1925, 0x1925, 0x1925, 0x1925, 0x1925, 0x1925, 
	0x2125, 0x2125, 0x2125, 0x2125, 0x2125, 0x1925, 0x1925, 0x1925, 0x2125, 0x1925, 0x1925, 0x1925, 0x1925, 0x1925, 0x1925, 0x1925, 
	0x2125, 0x1925, 0x1925, 0x1925, 0x1925, 0x1925, 0x1925, 0x1925, 0x1925, 0x1925, 0x2125, 0x2125, 0x1925, 0x1925, 0x1925, 0x2125, 
	0x1925, 0x1925, 0x1925, 0x1925, 0x1925, 0x2125, 0x2125, 0x2125, 0x1925, 0x1925, 0x1925, 0x1925, 0x1925, 0x1925, 0x1925, 0x1925, 
	0x1925, 0x1925, 0x1925, 0x1925, 0x1925, 0x1925, 0x1925, 0x1925, 0x1925, 0x1925, 0x1925, 0x1925, 0x2125, 0x1925, 0x1925, 0x1925, 
	0x1925, 0x1925, 0x1925, 0x1925, 0x1925, 0x1925, 0x1925, 0x1925, 0x1925, 0x1945, 0x1945, 0x1945, 0x1945, 0x1945, 0x1945, 0x1945, 
	0x1925, 0x1925, 0x1925, 0x1925, 0x1945, 0x1945, 0x1945, 0x1925, 0x1925, 0x1925, 0x1925, 0x1925, 0x1925, 0x1925, 0x1925, 0x1925, 
	0x1925, 0x1925, 0x1925, 0x1925, 0x1925, 0x1925, 0x1925, 0x1925, 0x1925, 0x1925, 0x1925, 0x1925, 0x1925, 0x1925, 0x1925, 0x1925, 
	0x1925, 0x1925, 0x1925, 0x1925, 0x1925, 0x1925, 0x1925, 0x1925, 0x1925, 0x1925, 0x1925, 0x1925, 0x1925, 0x1925, 0x1925, 0x1925, 
	0x1925, 0x1925, 0x1925, 0x1925, 0x1925, 0x1925, 0x1925, 0x1925, 0x1925, 0x1925, 0x1925, 0x1925, 0x1925, 0x1925, 0x1925, 0x1925, 
	0x1925, 0x1925, 0x1945, 0x1945, 0x1925, 0x1925, 0x1925, 0x1925, 0x1925, 0x1925, 0x1925, 0x1925, 0x1925, 0x1925, 0x1925, 0x1925, 
	0x2145, 0x1925, 0x1925, 0x1925, 0x1925, 0x1925, 0x1925, 0x1925, 0x1925, 0x1925, 0x1925, 0x1925, 0x1925, 0x1925, 0x1925, 0x1925, 
	0x1925, 0x1925, 0x1925, 0x1925, 0x2125, 0x2145, 0x2145, 0x2145, 0x1925, 0x1925, 0x1925, 0x1925, 0x1925, 0x1925, 0x1925, 0x1925, 
	0x1925, 0x1945, 0x1925, 0x1925, 0x1925, 0x1925, 0x1925, 0x1925, 0x1945, 0x1925, 0x1925, 0x1945, 0x1945, 0x1925, 0x1925, 0x1945, 
	0x2145, 0x2125, 0x1925, 0x1925, 0x1925, 0x1925, 0x1925, 0x2125, 0x1925, 0x1925, 0x1925, 0x1925, 0x1925, 0x1925, 0x1925, 0x1925, 
	0x1925, 0x1925, 0x1925, 0x1925, 0x1925, 0x1925, 0x1925, 0x1925, 0x2125, 0x2125, 0x2125, 0x2125, 0x2125, 0x2125, 0x1925, 0x1925, 
	0x1925, 0x1925, 0x1925, 0x1925, 0x1925, 0x1925, 0x1925, 0x1925, 0x1925, 0x1925, 0x1925, 0x1925, 0x1925, 0x1925, 0x1925, 0x1925, 
	0x2125, 0x2125, 0x1925, 0x1925, 0x1925, 0x1925, 0x1925, 0x1925, 0x1925, 0x1925, 0x1925, 0x1925, 0x1925, 0x1925, 0x1925, 0x1925, 
	0x1925, 0x1925, 0x1925, 0x1925, 0x1925, 0x2125, 0x2125, 0x1925, 0x1925, 0x1925, 0x1925, 0x1925, 0x1925, 0x1925, 0x1925, 0x1925, 
	0x1925, 0x1925, 0x1925, 0x1925, 0x1925, 0x1925, 0x1925, 0x1925, 0x1925, 0x1925, 0x1925, 0x1925, 0x1925, 0x1925, 0x1925, 0x1925, 
	0x1925, 0x1925, 0x1925, 0x1925, 0x1925, 0x1925, 0x1925, 0x1925, 0x1925, 0x1945, 0x1945, 0x2145, 0x1945, 0x1945, 0x1945, 0x1945, 
	0x1925, 0x1925, 0x1925, 0x1925, 0x1945, 0x1945, 0x1925, 0x1925, 0x1925, 0x1925, 0x1925, 0x1925, 0x1925, 0x1925, 0x1925, 0x1925, 
	0x1945, 0x1945, 0x1945, 0x1925, 0x1925, 0x1925, 0x1925, 0x1925, 0x1925, 0x1925, 0x2125, 0x2125, 0x2125, 0x2125, 0x2125, 0x1925, 
	0x1925, 0x1925, 0x1925, 0x1925, 0x1925, 0x1925, 0x1925, 0x1925, 0x1925, 0x1925, 0x1925, 0x1925, 0x1925, 0x1925, 0x1925, 0x1925, 
	0x1925, 0x1925, 0x1925, 0x1925, 0x1925, 0x1925, 0x1925, 0x1925, 0x2125, 0x1925, 0x1925, 0x1925, 0x2125, 0x2125, 0x2125, 0x1925, 
	0x1925, 0x1925, 0x1945, 0x1945, 0x1925, 0x1925, 0x1925, 0x1945, 0x1925, 0x1925, 0x1925, 0x1925, 0x1925, 0x1925, 0x1925, 0x1925, 
	0x1925, 0x1925, 0x1925, 0x1925, 0x1925, 0x1925, 0x1925, 0x1925, 0x1925, 0x1925, 0x1925, 0x1925, 0x1925, 0x1925, 0x1925, 0x1925, 
	0x2145, 0x2125, 0x2125, 0x1925, 0x2125, 0x2125, 0x2125, 0x2125, 0x1925, 0x1925, 0x2125, 0x1925, 0x1925, 0x1925, 0x1925, 0x1945, 
	0x1925, 0x1925, 0x1925, 0x1925, 0x1925, 0x1925, 0x1925, 0x1925, 0x1945, 0x1925, 0x1925, 0x1945, 0x1945, 0x1925, 0x1925, 0x1945, 
	0x2145, 0x2125, 0x2125, 0x1925, 0x1925, 0x1925, 0x1925, 0x1925, 0x1925, 0x1925, 0x1925, 0x1925, 0x1925, 0x1925, 0x1925, 0x1925, 
	0x1925, 0x1925, 0x1925, 0x1925, 0x1925, 0x1925, 0x1925, 0x1925, 0x2125, 0x2125, 0x2125, 0x2125, 0x2125, 0x2125, 0x2125, 0x2125, 
	0x1925, 0x1925, 0x1925, 0x1925, 0x1925, 0x1925, 0x1925, 0x1925, 0x1925, 0x1925, 0x1925, 0x1925, 0x1925, 0x1925, 0x1925, 0x1925, 
	0x2125, 0x2125, 0x1925, 0x1925, 0x1925, 0x1925, 0x1925, 0x1925, 0x1925, 0x1925, 0x1925, 0x1925, 0x1925, 0x1925, 0x1925, 0x1925, 
	0x1925, 0x1925, 0x1925, 0x1925, 0x2125, 0x2125, 0x2125, 0x1925, 0x2125, 0x1925, 0x1925, 0x1925, 0x1925, 0x1925, 0x1925, 0x1925, 
	0x1925, 0x1925, 0x1925, 0x1925, 0x1925, 0x1925, 0x1925, 0x1925, 0x1925, 0x1925, 0x1925, 0x1925, 0x2125, 0x1925, 0x1925, 0x1925, 
	0x1925, 0x1925, 0x1925, 0x1925, 0x1925, 0x1925, 0x1925, 0x1925, 0x1925, 0x1945, 0x2145, 0x2145, 0x1945, 0x1945, 0x1945, 0x1945, 
	0x1945, 0x1925, 0x1925, 0x1925, 0x1925, 0x1945, 0x1925, 0x1925, 0x1925, 0x1925, 0x1925, 0x1925, 0x1925, 0x1925, 0x1925, 0x1925, 
	0x1945, 0x2145, 0x2145, 0x2145, 0x2145, 0x2145, 0x2125, 0x2125, 0x2125, 0x2125, 0x2125, 0x2125, 0x2125, 0x2125, 0x1925, 0x1925, 
	0x1925, 0x1925, 0x2125, 0x2125, 0x1925, 0x1925, 0x1925, 0x1925, 0x2125, 0x1925, 0x1925, 0x2125, 0x2125, 0x1925, 0x1925, 0x1925, 
	0x2125, 0x1925, 0x1925, 0x1925, 0x1925, 0x1925, 0x1925, 0x1925, 0x2125, 0x1925, 0x1925, 0x1925, 0x2125, 0x2125, 0x2125, 0x1925, 
	0x1925, 0x1925, 0x1925, 0x1925, 0x1925, 0x1925, 0x1925, 0x1945, 0x1945, 0x1925, 0x1925, 0x1925, 0x1925, 0x1925, 0x1925, 0x1925, 
	0x1925, 0x1925, 0x1925, 0x1925, 0x1925, 0x1925, 0x1925, 0x1925, 0x1925, 0x1925, 0x1925, 0x1925, 0x2125, 0x2125, 0x2125, 0x2125, 
	0x2125, 0x1925, 0x1925, 0x1925, 0x1925, 0x1925, 0x1925, 0x1925, 0x1925, 0x1925, 0x2125, 0x2145, 0x1925, 0x1925, 0x1925, 0x1925, 
	0x1925, 0x1925, 0x1925, 0x1945, 0x1925, 0x1925, 0x1925, 0x1925, 0x1945, 0x1925, 0x1925, 0x1945, 0x1945, 0x1925, 0x1945, 0x1945, 
	0x2145, 0x2125, 0x2125, 0x2125, 0x1925, 0x1925, 0x1925, 0x1925, 0x1925, 0x1925, 0x1925, 0x1925, 0x1925, 0x1925, 0x1925, 0x1925, 
	0x1925, 0x1925, 0x1925, 0x1925, 0x1925, 0x1925, 0x1925, 0x1925, 0x2125, 0x2125, 0x2125, 0x1925, 0x1925, 0x1925, 0x1925, 0x2125, 
	0x1925, 0x1925, 0x1925, 0x1925, 0x1925, 0x2125, 0x2125, 0x2125, 0x2125, 0x1925, 0x1925, 0x1925, 0x1925, 0x2125, 0x1925, 0x1925, 
	0x2125, 0x2125, 0x1925, 0x1925, 0x1925, 0x1925, 0x1925, 0x1925, 0x2125, 0x1925, 0x1925, 0x1925, 0x1925, 0x2126, 0x1925, 0x1925, 
	0x2126, 0x1925, 0x1925, 0x1925, 0x2125, 0x2125, 0x2125, 0x2125, 0x2125, 0x2125, 0x1925, 0x1925, 0x1925, 0x1925, 0x1925, 0x1925, 
	0x1925, 0x1925, 0x1925, 0x1925, 0x1925, 0x1925, 0x1925, 0x1925, 0x1925, 0x1925, 0x1925, 0x1925, 0x2145, 0x2145, 0x1925, 0x1925, 
	0x1925, 0x1925, 0x1925, 0x1925, 0x1925, 0x1925, 0x1925, 0x1925, 0x1925, 0x1945, 0x2145, 0x2145, 0x1945, 0x1925, 0x1945, 0x1945, 
	0x1945, 0x1925, 0x1925, 0x1925, 0x1925, 0x1945, 0x1925, 0x1925, 0x1925, 0x1925, 0x1925, 0x1925, 0x1925, 0x1925, 0x1925, 0x1925, 
	0x1925, 0x1925, 0x1945, 0x2145, 0x2145, 0x2125, 0x1925, 0x1925, 0x1925, 0x1925, 0x1925, 0x1925, 0x1925, 0x1925, 0x1925, 0x1925, 
	0x1925, 0x1925, 0x1925, 0x1925, 0x1925, 0x1925, 0x1925, 0x1925, 0x2125, 0x1925, 0x1925, 0x2145, 0x2145, 0x1925, 0x1925, 0x1925, 
	0x2145, 0x1925, 0x1925, 0x1925, 0x1925, 0x1925, 0x1925, 0x1925, 0x1925, 0x1925, 0x1925, 0x1925, 0x1925, 0x2125, 0x1925, 0x1925, 
	0x1925, 0x1925, 0x1925, 0x1925, 0x1925, 0x1925, 0x1925, 0x1945, 0x2145, 0x2145, 0x1925, 0x1925, 0x1925, 0x1925, 0x1925, 0x1925, 
	0x1925, 0x1925, 0x1925, 0x1925, 0x1925, 0x1925, 0x1925, 0x1925, 0x1925, 0x1925, 0x1925, 0x1925, 0x1925, 0x1925, 0x2125, 0x2125, 
	0x2125, 0x2125, 0x1925, 0x1925, 0x1925, 0x1925, 0x1925, 0x1925, 0x1925, 0x1925, 0x2125, 0x2145, 0x1925, 0x1925, 0x1925, 0x1925, 
	0x1925, 0x1925, 0x1925, 0x1925, 0x1925, 0x1925, 0x1925, 0x1925, 0x2145, 0x1925, 0x1925, 0x1945, 0x1945, 0x1945, 0x1945, 0x2145, 
	0x1925, 0x1925, 0x1925, 0x1925, 0x1925, 0x1925, 0x1925, 0x1925, 0x1925, 0x1925, 0x1925, 0x1925, 0x1925, 0x1925, 0x1925, 0x1925, 
	0x1925, 0x1905, 0x1925, 0x1925, 0x1925, 0x1925, 0x1925, 0x2125, 0x1925, 0x1925, 0x1925, 0x1925, 0x1925, 0x1925, 0x1925, 0x1925, 
	0x1925, 0x1925, 0x1925, 0x2125, 0x2125, 0x2125, 0x2125, 0x2125, 0x2125, 0x2125, 0x2125, 0x2125, 0x2125, 0x2125, 0x2125, 0x1925, 
	0x1925, 0x2125, 0x2125, 0x2125, 0x1925, 0x1925, 0x1925, 0x2125, 0x1925, 0x1925, 0x1925, 0x1925, 0x1925, 0x1925, 0x1925, 0x1925, 
	0x1925, 0x1925, 0x1925, 0x1925, 0x1925, 0x1925, 0x2125, 0x2125, 0x2125, 0x1925, 0x1925, 0x1925, 0x1905, 0x1925, 0x1925, 0x1925, 
	0x1925, 0x1925, 0x1925, 0x1925, 0x1925, 0x1925, 0x1925, 0x1925, 0x1925, 0x1925, 0x1925, 0x1945, 0x1945, 0x1945, 0x1925, 0x1925, 
	0x1925, 0x1925, 0x1925, 0x1925, 0x1925, 0x1925, 0x1925, 0x1945, 0x1945, 0x1945, 0x2145, 0x2145, 0x2145, 0x1925, 0x1925, 0x2145, 
	0x1925, 0x1925, 0x1925, 0x1945, 0x1945, 0x1945, 0x1925, 0x1925, 0x1925, 0x1925, 0x1925, 0x1925, 0x1925, 0x1925, 0x1925, 0x1925, 
	0x1925, 0x1925, 0x1925, 0x1925, 0x2145, 0x2125, 0x2125, 0x2125, 0x1925, 0x2125, 0x2145, 0x2125, 0x1925, 0x1925, 0x1925, 0x1925, 
	0x1925, 0x1925, 0x1925, 0x2126, 0x1925, 0x1925, 0x1925, 0x1925, 0x2125, 0x1925, 0x1925, 0x2145, 0x1925, 0x1925, 0x1925, 0x1925, 
	0x2145, 0x1945, 0x1925, 0x1925, 0x1925, 0x1925, 0x1945, 0x1945, 0x1945, 0x1945, 0x1925, 0x1945, 0x1945, 0x2145, 0x2145, 0x2145, 
	0x1925, 0x1925, 0x1945, 0x1925, 0x1925, 0x1925, 0x1925, 0x1925, 0x1925, 0x1925, 0x1925, 0x1925, 0x1925, 0x1925, 0x1924, 0x1924, 
	0x1925, 0x1925, 0x1925, 0x1925, 0x1925, 0x1905, 0x1925, 0x1925, 0x1925, 0x1925, 0x1925, 0x1925, 0x1925, 0x1925, 0x2125, 0x2125, 
	0x2125, 0x2125, 0x2125, 0x2125, 0x2125, 0x1925, 0x1925, 0x2125, 0x1925, 0x1925, 0x1925, 0x1925, 0x1925, 0x1925, 0x1925, 0x2145, 
	0x1925, 0x1925, 0x1925, 0x1925, 0x1925, 0x1925, 0x1925, 0x1925, 0x1945, 0x1925, 0x1925, 0x1945, 0x1945, 0x1945, 0x1925, 0x1945, 
	0x2145, 0x2125, 0x2125, 0x2125, 0x2125, 0x1925, 0x1925, 0x1925, 0x1925, 0x1925, 0x1925, 0x1905, 0x1905, 0x1925, 0x1925, 0x1904, 
	0x1905, 0x1905, 0x1905, 0x1925, 0x1925, 0x1925, 0x1925, 0x1925, 0x1925, 0x1925, 0x1925, 0x1925, 0x1925, 0x1925, 0x1925, 0x1925, 
	0x2145, 0x2145, 0x2125, 0x2125, 0x1925, 0x1925, 0x1925, 0x1925, 0x1925, 0x1925, 0x1925, 0x2125, 0x2125, 0x2125, 0x2146, 0x2146, 
	0x2125, 0x2146, 0x2146, 0x2125, 0x2125, 0x1925, 0x1925, 0x1925, 0x1925, 0x1925, 0x2125, 0x2125, 0x2125, 0x1925, 0x1925, 0x1925, 
	0x2145, 0x2145, 0x1925, 0x1925, 0x1925, 0x2125, 0x2125, 0x2125, 0x2125, 0x1925, 0x1925, 0x1925, 0x1925, 0x1925, 0x1925, 0x1925, 
	0x1925, 0x1925, 0x1925, 0x1925, 0x1925, 0x1925, 0x1925, 0x1945, 0x1925, 0x1925, 0x1925, 0x1945, 0x2145, 0x1945, 0x1925, 0x1945, 
	0x1925, 0x1925, 0x1925, 0x1925, 0x1925, 0x1925, 0x1925, 0x1945, 0x1945, 0x1945, 0x1945, 0x2145, 0x2145, 0x1925, 0x1925, 0x2145, 
	0x1925, 0x1925, 0x1925, 0x1945, 0x1945, 0x1945, 0x1925, 0x1925, 0x1925, 0x1925, 0x1925, 0x1925, 0x1925, 0x1925, 0x1925, 0x1925, 
	0x1925, 0x1925, 0x1925, 0x1925, 0x1925, 0x2125, 0x2125, 0x2125, 0x1925, 0x1925, 0x2125, 0x2125, 0x1925, 0x1925, 0x1925, 0x1925, 
	0x1925, 0x1925, 0x1925, 0x2126, 0x2125, 0x1925, 0x1925, 0x2125, 0x2125, 0x1925, 0x1925, 0x2145, 0x1925, 0x1925, 0x1925, 0x1925, 
	0x1925, 0x1925, 0x1925, 0x1925, 0x1925, 0x1945, 0x1945, 0x1945, 0x1925, 0x1925, 0x1925, 0x1925, 0x1945, 0x1945, 0x1945, 0x1925, 
	0x1925, 0x1945, 0x1945, 0x1945, 0x1925, 0x1925, 0x1925, 0x2125, 0x2125, 0x2125, 0x2125, 0x2125, 0x2145, 0x1925, 0x1925, 0x1924, 
	0x1925, 0x1925, 0x1925, 0x1925, 0x1925, 0x1925, 0x1925, 0x1925, 0x2125, 0x2125, 0x2125, 0x1925, 0x1925, 0x1925, 0x1925, 0x2125, 
	0x2125, 0x2125, 0x2125, 0x2125, 0x2125, 0x1925, 0x1925, 0x2125, 0x2125, 0x2125, 0x2145, 0x2145, 0x1925, 0x1925, 0x2145, 0x2145, 
	0x1925, 0x1925, 0x1925, 0x1925, 0x1925, 0x1925, 0x1925, 0x1925, 0x1945, 0x1925, 0x1925, 0x1945, 0x1945, 0x1945, 0x1925, 0x1945, 
	0x2145, 0x2125, 0x2125, 0x2125, 0x2125, 0x1925, 0x1925, 0x1925, 0x1925, 0x1925, 0x1925, 0x1925, 0x1925, 0x1925, 0x1925, 0x1925, 
	0x1925, 0x1925, 0x1925, 0x1925, 0x1925, 0x1925, 0x1925, 0x1925, 0x1925, 0x1925, 0x1925, 0x1925, 0x2125, 0x2125, 0x2125, 0x2125, 
	0x2125, 0x2125, 0x2125, 0x1925, 0x1925, 0x1925, 0x1925, 0x1925, 0x2125, 0x2125, 0x2125, 0x2125, 0x2125, 0x1925, 0x1925, 0x1925, 
	0x2125, 0x2125, 0x2146, 0x2125, 0x2125, 0x1925, 0x2125, 0x2125, 0x2125, 0x2125, 0x2125, 0x2125, 0x2125, 0x2125, 0x1925, 0x1925, 
	0x2146, 0x2125, 0x1925, 0x1925, 0x2125, 0x2125, 0x2125, 0x2125, 0x1925, 0x1925, 0x1925, 0x1925, 0x1925, 0x1925, 0x1925, 0x1925, 
	0x1925, 0x1925, 0x1925, 0x1925, 0x1925, 0x1925, 0x1925, 0x1925, 0x1925, 0x1925, 0x1925, 0x1925, 0x1925, 0x1925, 0x1925, 0x1925, 
	0x1925, 0x1945, 0x1945, 0x1925, 0x1925, 0x1925, 0x1925, 0x1925, 0x1945, 0x1945, 0x1945, 0x1945, 0x2145, 0x1925, 0x1925, 0x1925, 
	0x1925, 0x1925, 0x1925, 0x1925, 0x1945, 0x1945, 0x1925, 0x1925, 0x1925, 0x1925, 0x1925, 0x1925, 0x1925, 0x1925, 0x1925, 0x1925, 
	0x2145, 0x1925, 0x1925, 0x1925, 0x1925, 0x2125, 0x1925, 0x1925, 0x1925, 0x1925, 0x2125, 0x2125, 0x1925, 0x1925, 0x1925, 0x1925, 
	0x1925, 0x1925, 0x1925, 0x2125, 0x2125, 0x1925, 0x1925, 0x2125, 0x2125, 0x1925, 0x1925, 0x2145, 0x1925, 0x1925, 0x1925, 0x1925, 
	0x1925, 0x1925, 0x1925, 0x1925, 0x1925, 0x1925, 0x1925, 0x1925, 0x1925, 0x1925, 0x1925, 0x1925, 0x1925, 0x1925, 0x1925, 0x1925, 
	0x1945, 0x1945, 0x1945, 0x1945, 0x1925, 0x1925, 0x1925, 0x1925, 0x2125, 0x2125, 0x2145, 0x2145, 0x2145, 0x2145, 0x1925, 0x1925, 
	0x1925, 0x1925, 0x1925, 0x1925, 0x1925, 0x1925, 0x1925, 0x1925, 0x2145, 0x2125, 0x2125, 0x1925, 0x1925, 0x1925, 0x1925, 0x1925, 
	0x2125, 0x2125, 0x2125, 0x2125, 0x1925, 0x1925, 0x1925, 0x2125, 0x1925, 0x2125, 0x2145, 0x1925, 0x1925, 0x1925, 0x1945, 0x2145, 
	0x1925, 0x1925, 0x1925, 0x1925, 0x1925, 0x1925, 0x1925, 0x1945, 0x1945, 0x1925, 0x1925, 0x1945, 0x2145, 0x1945, 0x1945, 0x1945, 
	0x2145, 0x2125, 0x2125, 0x2125, 0x2125, 0x2125, 0x1925, 0x1925, 0x1925, 0x1925, 0x1925, 0x1925, 0x1925, 0x1925, 0x1925, 0x1925, 
	0x1925, 0x1925, 0x1925, 0x1925, 0x1925, 0x1925, 0x1925, 0x2125, 0x1925, 0x1925, 0x1925, 0x1925, 0x1925, 0x2125, 0x2125, 0x2125, 
	0x1925, 0x2125, 0x1925, 0x1925, 0x1925, 0x1925, 0x1925, 0x1925, 0x2146, 0x2125, 0x2125, 0x2125, 0x2125, 0x1925, 0x1925, 0x1925, 
	0x1925, 0x2125, 0x2125, 0x2125, 0x2125, 0x2125, 0x2125, 0x2125, 0x2125, 0x2125, 0x2125, 0x2125, 0x2125, 0x2125, 0x1925, 0x1925, 
	0x2125, 0x1925, 0x1925, 0x1925, 0x1925, 0x1925, 0x1925, 0x1925, 0x1925, 0x1925, 0x1925, 0x1925, 0x2145, 0x2145, 0x2145, 0x1925, 
	0x1925, 0x1925, 0x1925, 0x1925, 0x1925, 0x1925, 0x1925, 0x1925, 0x1925, 0x1925, 0x1925, 0x1925, 0x1925, 0x1925, 0x1925, 0x1925, 
	0x1945, 0x1945, 0x1945, 0x1945, 0x1925, 0x1925, 0x1945, 0x1945, 0x1945, 0x1925, 0x1925, 0x1925, 0x2145, 0x2145, 0x1925, 0x1925, 
	0x1945, 0x1925, 0x1925, 0x1925, 0x1925, 0x1925, 0x1925, 0x1925, 0x1925, 0x1925, 0x1925, 0x1925, 0x1925, 0x1925, 0x1925, 0x1925, 
	0x1925, 0x1925, 0x2145, 0x2145, 0x2145, 0x2145, 0x1925, 0x1925, 0x1925, 0x1925, 0x2145, 0x2145, 0x2145, 0x2145, 0x2145, 0x2145, 
	0x1925, 0x1925, 0x1925, 0x1925, 0x1925, 0x1925, 0x1925, 0x1925, 0x2125, 0x1925, 0x1925, 0x2145, 0x1925, 0x1925, 0x1925, 0x1925, 
	0x1925, 0x1925, 0x1925, 0x1925, 0x1925, 0x1925, 0x1925, 0x1925, 0x1945, 0x1945, 0x1925, 0x1925, 0x1925, 0x1925, 0x1925, 0x1925, 
	0x1925, 0x1925, 0x1925, 0x1925, 0x1925, 0x1925, 0x1925, 0x1925, 0x1925, 0x1925, 0x1925, 0x2145, 0x2145, 0x1925, 0x1925, 0x1925, 
	0x1925, 0x1925, 0x1925, 0x1925, 0x1925, 0x1925, 0x1925, 0x1925, 0x1925, 0x1925, 0x1925, 0x1925, 0x1925, 0x1925, 0x2125, 0x2125, 
	0x1925, 0x1925, 0x1925, 0x1925, 0x1925, 0x1925, 0x1925, 0x1925, 0x1925, 0x1925, 0x1925, 0x1925, 0x1925, 0x1925, 0x1925, 0x1945, 
	0x1925, 0x1925, 0x1925, 0x1925, 0x1925, 0x1925, 0x1925, 0x1945, 0x2145, 0x1945, 0x1925, 0x2145, 0x2145, 0x1945, 0x1945, 0x2145, 
	0x2145, 0x2125, 0x2125, 0x2125, 0x2125, 0x2125, 0x1925, 0x1925, 0x1925, 0x1925, 0x1925, 0x1925, 0x1925, 0x1925, 0x1925, 0x1925, 
	0x1925, 0x1925, 0x1925, 0x1925, 0x1925, 0x1925, 0x1925, 0x1925, 0x1925, 0x1925, 0x1925, 0x1925, 0x1925, 0x1925, 0x1925, 0x1925, 
	0x1925, 0x1925, 0x1925, 0x1925, 0x1925, 0x1925, 0x1925, 0x2125, 0x2125, 0x2125, 0x2125, 0x2125, 0x2125, 0x2125, 0x1925, 0x1925, 
	0x1925, 0x2125, 0x2125, 0x2125, 0x1925, 0x1925, 0x1925, 0x1925, 0x1925, 0x1925, 0x1925, 0x2125, 0x2125, 0x2125, 0x1925, 0x1925, 
	0x1925, 0x1925, 0x1925, 0x1925, 0x1925, 0x1925, 0x1925, 0x1925, 0x1925, 0x1925, 0x1925, 0x1925, 0x1925, 0x1925, 0x1945, 0x1945, 
	0x1925, 0x1925, 0x1925, 0x1925, 0x1925, 0x1925, 0x1925, 0x1925, 0x1945, 0x1925, 0x1925, 0x1925, 0x1945, 0x1925, 0x1945, 0x1945, 
	0x2145, 0x1945, 0x1945, 0x1945, 0x1945, 0x1945, 0x1945, 0x1945, 0x1945, 0x1925, 0x1925, 0x1925, 0x2145, 0x2145, 0x1925, 0x2145, 
	0x1945, 0x1925, 0x1925, 0x1925, 0x1925, 0x1945, 0x1945, 0x1925, 0x2145, 0x2125, 0x1925, 0x1925, 0x2145, 0x2145, 0x1925, 0x1925, 
	0x1925, 0x1925, 0x1925, 0x1945, 0x2145, 0x1945, 0x1925, 0x1925, 0x1925, 0x1925, 0x1945, 0x1945, 0x1945, 0x1945, 0x2145, 0x2145, 
	0x1945, 0x1945, 0x1925, 0x1925, 0x1925, 0x1925, 0x1925, 0x1925, 0x2125, 0x1925, 0x1925, 0x2145, 0x1925, 0x1925, 0x1925, 0x1925, 
	0x1925, 0x1925, 0x1925, 0x1925, 0x1925, 0x1925, 0x1945, 0x2145, 0x1945, 0x1945, 0x1925, 0x1925, 0x1925, 0x1925, 0x1945, 0x1945, 
	0x1925, 0x1925, 0x1925, 0x1925, 0x1925, 0x1925, 0x1925, 0x1925, 0x2125, 0x1925, 0x1925, 0x1925, 0x1925, 0x1925, 0x1925, 0x1925, 
	0x1925, 0x1925, 0x1925, 0x1925, 0x1925, 0x1925, 0x1945, 0x1945, 0x1925, 0x1925, 0x1925, 0x1925, 0x1945, 0x1945, 0x1945, 0x2145, 
	0x1925, 0x1925, 0x1925, 0x1925, 0x1925, 0x1925, 0x1925, 0x1945, 0x1925, 0x1925, 0x1945, 0x1925, 0x1925, 0x1925, 0x1945, 0x1945, 
	0x1925, 0x1925, 0x1945, 0x1925, 0x1925, 0x1925, 0x1925, 0x1925, 0x2145, 0x1945, 0x2145, 0x2145, 0x2145, 0x2145, 0x2145, 0x2145, 
	0x2145, 0x2125, 0x2125, 0x2125, 0x2125, 0x1925, 0x1925, 0x1925, 0x1925, 0x1925, 0x1925, 0x1925, 0x1925, 0x1925, 0x1925, 0x1925, 
	0x1925, 0x1925, 0x1925, 0x1925, 0x1925, 0x1925, 0x1925, 0x1925, 0x1925, 0x1925, 0x1945, 0x1945, 0x1945, 0x1945, 0x1945, 0x2145, 
	0x2145, 0x2125, 0x2125, 0x2125, 0x1925, 0x1925, 0x2125, 0x2146, 0x1925, 0x2125, 0x2125, 0x2125, 0x2125, 0x1925, 0x1925, 0x1925, 
	0x2125, 0x2125, 0x2125, 0x1925, 0x1925, 0x1925, 0x1925, 0x1925, 0x1925, 0x1925, 0x1925, 0x1925, 0x1925, 0x1925, 0x1925, 0x1925, 
	0x2125, 0x2125, 0x1925, 0x1925, 0x2125, 0x2125, 0x2125, 0x1925, 0x1925, 0x1925, 0x1925, 0x1925, 0x1925, 0x1925, 0x1945, 0x1945, 
	0x1925, 0x1925, 0x1925, 0x1945, 0x1945, 0x1925, 0x1925, 0x1925, 0x1945, 0x1925, 0x1925, 0x1945, 0x1945, 0x1945, 0x1945, 0x1945, 
	0x1945, 0x1945, 0x1945, 0x1945, 0x1945, 0x1945, 0x1945, 0x1945, 0x1945, 0x1945, 0x1925, 0x1925, 0x2145, 0x2145, 0x2145, 0x2145, 
	0x1945, 0x1925, 0x1925, 0x1925, 0x1925, 0x1945, 0x1945, 0x1925, 0x2145, 0x1925, 0x1925, 0x1925, 0x2125, 0x2125, 0x1925, 0x1925, 
	0x1925, 0x1925, 0x1925, 0x1925, 0x1945, 0x1945, 0x1945, 0x1945, 0x1925, 0x1925, 0x1945, 0x1945, 0x1945, 0x1945, 0x1945, 0x1945, 
	0x2145, 0x2145, 0x1945, 0x1925, 0x1925, 0x2145, 0x2145, 0x1925, 0x2125, 0x1925, 0x1925, 0x2145, 0x1925, 0x1925, 0x1925, 0x1925, 
	0x1925, 0x1925, 0x1945, 0x2145, 0x1945, 0x1945, 0x1945, 0x1945, 0x1945, 0x1945, 0x1925, 0x1925, 0x1925, 0x1925, 0x1945, 0x2145, 
	0x1945, 0x1945, 0x1925, 0x1945, 0x2125, 0x2125, 0x2125, 0x2125, 0x2145, 0x2125, 0x1925, 0x1925, 0x1925, 0x2145, 0x1925, 0x1925, 
	0x1925, 0x1945, 0x1945, 0x1925, 0x1925, 0x1925, 0x1945, 0x1925, 0x1945, 0x1945, 0x1945, 0x1945, 0x1945, 0x1945, 0x1945, 0x1945, 
	0x1925, 0x1925, 0x1925, 0x2145, 0x2125, 0x1925, 0x1925, 0x2146, 0x1945, 0x1945, 0x1945, 0x1945, 0x1925, 0x1925, 0x1945, 0x1945, 
	0x1925, 0x1925, 0x1945, 0x1945, 0x1925, 0x1925, 0x1925, 0x1925, 0x2145, 0x2145, 0x2145, 0x2145, 0x2145, 0x2125, 0x2125, 0x2125, 
	0x2125, 0x2125, 0x2125, 0x2125, 0x1925, 0x1925, 0x1925, 0x1925, 0x1925, 0x1925, 0x1904, 0x1924, 0x1925, 0x1925, 0x1925, 0x1925, 
	0x1925, 0x1925, 0x1925, 0x1925, 0x1925, 0x1925, 0x1925, 0x1945, 0x1925, 0x1925, 0x1925, 0x1925, 0x1925, 0x1925, 0x1925, 0x1925, 
	0x2145, 0x2125, 0x2125, 0x2125, 0x1925, 0x1925, 0x2125, 0x2146, 0x2125, 0x2125, 0x2125, 0x2125, 0x2125, 0x1925, 0x1925, 0x1925, 
	0x2125, 0x2125, 0x2125, 0x2125, 0x1925, 0x1925, 0x1925, 0x1925, 0x1925, 0x1925, 0x1925, 0x1925, 0x1925, 0x1925, 0x1925, 0x1925, 
	0x2125, 0x2125, 0x2125, 0x1925, 0x2125, 0x2125, 0x2125, 0x1925, 0x1925, 0x1925, 0x1925, 0x1925, 0x1925, 0x1925, 0x1925, 0x1925, 
	0x1925, 0x1925, 0x1945, 0x1945, 0x1945, 0x1945, 0x1945, 0x1945, 0x1925, 0x1925, 0x1925, 0x1925, 0x1945, 0x1925, 0x1925, 0x1945, 
	0x1945, 0x1945, 0x1945, 0x1945, 0x1945, 0x1945, 0x1945, 0x1945, 0x2145, 0x1945, 0x1945, 0x1945, 0x2145, 0x1925, 0x2145, 0x2145, 
	0x1945, 0x1925, 0x1925, 0x1925, 0x1945, 0x1945, 0x1945, 0x1925, 0x1925, 0x1925, 0x1925, 0x1925, 0x1925, 0x1925, 0x1925, 0x1925, 
	0x1945, 0x1945, 0x1925, 0x1925, 0x1945, 0x2145, 0x2145, 0x2145, 0x1925, 0x1925, 0x1945, 0x1945, 0x1945, 0x1945, 0x1945, 0x1945, 
	0x2145, 0x2145, 0x1945, 0x1925, 0x1925, 0x2145, 0x2145, 0x1925, 0x2125, 0x1925, 0x1925, 0x2145, 0x1925, 0x1925, 0x1925, 0x1925, 
	0x1925, 0x1945, 0x2145, 0x2145, 0x2145, 0x1945, 0x1945, 0x1945, 0x2145, 0x2145, 0x2145, 0x1945, 0x1945, 0x1925, 0x1925, 0x1945, 
	0x1945, 0x1945, 0x1925, 0x1945, 0x2125, 0x2125, 0x2125, 0x2125, 0x2145, 0x2145, 0x2125, 0x2125, 0x2125, 0x2145, 0x2145, 0x1925, 
	0x1925, 0x1945, 0x1945, 0x1925, 0x1925, 0x1945, 0x1925, 0x1925, 0x1945, 0x1945, 0x1945, 0x2145, 0x2145, 0x1945, 0x1945, 0x1945, 
	0x1925, 0x1925, 0x1925, 0x1945, 0x1945, 0x1925, 0x1945, 0x2146, 0x1925, 0x1925, 0x1925, 0x1925, 0x1925, 0x1925, 0x1925, 0x1945, 
	0x1945, 0x1945, 0x1945, 0x1945, 0x1945, 0x1925, 0x1925, 0x1925, 0x2145, 0x1925, 0x1925, 0x2125, 0x2125, 0x2125, 0x1925, 0x1925, 
	0x2125, 0x2125, 0x2125, 0x1925, 0x1925, 0x1925, 0x1925, 0x1925, 0x1925, 0x1925, 0x1924, 0x1925, 0x1925, 0x1925, 0x1925, 0x1925, 
	0x1925, 0x1925, 0x1925, 0x1925, 0x1925, 0x1925, 0x1925, 0x1945, 0x1925, 0x1925, 0x1925, 0x1925, 0x1925, 0x1925, 0x1925, 0x1925, 
	0x2145, 0x2125, 0x2125, 0x2125, 0x1925, 0x1925, 0x1925, 0x2125, 0x1925, 0x2125, 0x2125, 0x2125, 0x2125, 0x1925, 0x1925, 0x1925, 
	0x1925, 0x1925, 0x2125, 0x2125, 0x1925, 0x1925, 0x2125, 0x2125, 0x1925, 0x1925, 0x2125, 0x2125, 0x1925, 0x1925, 0x1925, 0x1925, 
	0x2125, 0x2125, 0x2125, 0x1925, 0x2125, 0x2125, 0x1925, 0x1925, 0x1925, 0x1925, 0x1945, 0x1945, 0x1945, 0x1945, 0x1925, 0x1925, 
	0x1925, 0x1925, 0x1925, 0x1925, 0x1925, 0x1945, 0x1945, 0x1925, 0x1925, 0x1925, 0x1925, 0x1945, 0x1945, 0x1945, 0x1925, 0x1945, 
	0x1945, 0x1945, 0x1945, 0x1945, 0x1945, 0x1945, 0x1925, 0x1925, 0x2145, 0x2145, 0x2145, 0x2145, 0x2145, 0x1925, 0x2125, 0x2146, 
	0x1925, 0x1925, 0x1925, 0x1925, 0x1945, 0x1945, 0x1945, 0x1925, 0x2125, 0x1925, 0x1925, 0x2125, 0x2125, 0x2145, 0x2125, 0x2145, 
	0x1945, 0x1945, 0x2145, 0x2145, 0x2145, 0x2145, 0x2145, 0x1945, 0x1945, 0x1945, 0x1945, 0x2145, 0x2145, 0x2145, 0x2145, 0x1945, 
	0x1945, 0x1945, 0x1925, 0x1925, 0x1925, 0x1945, 0x2145, 0x1925, 0x2145, 0x1925, 0x1925, 0x2125, 0x1925, 0x1925, 0x1925, 0x1925, 
	0x1925, 0x1945, 0x1945, 0x1945, 0x1945, 0x2145, 0x2145, 0x2166, 0x2145, 0x2145, 0x2146, 0x2145, 0x2145, 0x1945, 0x1925, 0x1925, 
	0x1925, 0x1925, 0x1925, 0x1925, 0x2125, 0x2125, 0x2125, 0x1925, 0x2145, 0x2145, 0x2145, 0x2145, 0x2145, 0x2145, 0x2145, 0x1925, 
	0x1925, 0x1945, 0x1945, 0x1925, 0x1925, 0x2145, 0x2145, 0x1945, 0x1925, 0x1925, 0x1945, 0x1945, 0x1945, 0x1945, 0x1945, 0x1945, 
	0x1925, 0x1925, 0x1925, 0x1945, 0x1945, 0x1925, 0x1945, 0x2145, 0x1925, 0x1925, 0x1925, 0x1925, 0x1925, 0x1925, 0x1925, 0x1945, 
	0x1945, 0x1945, 0x1945, 0x2145, 0x1945, 0x1945, 0x1945, 0x1945, 0x1925, 0x1925, 0x1925, 0x1925, 0x1925, 0x1925, 0x1925, 0x2125, 
	0x1925, 0x1925, 0x1925, 0x1925, 0x1925, 0x1925, 0x1925, 0x1925, 0x2145, 0x1925, 0x1924, 0x1925, 0x1925, 0x1925, 0x1925, 0x1925, 
	0x1925, 0x1925, 0x1925, 0x1925, 0x1925, 0x1925, 0x1925, 0x1925, 0x1945, 0x1945, 0x1945, 0x1945, 0x1945, 0x1945, 0x1945, 0x1945, 
	0x2145, 0x2145, 0x2145, 0x1925, 0x1925, 0x1925, 0x1925, 0x1925, 0x1925, 0x1925, 0x1925, 0x2125, 0x2125, 0x2125, 0x1925, 0x1925, 
	0x1925, 0x1925, 0x1925, 0x1925, 0x2125, 0x2125, 0x2125, 0x2125, 0x1925, 0x1925, 0x1925, 0x1925, 0x1925, 0x1925, 0x1925, 0x1925, 
	0x2125, 0x2125, 0x1925, 0x1925, 0x2125, 0x2125, 0x2125, 0x1925, 0x1925, 0x1925, 0x1925, 0x1945, 0x1945, 0x1945, 0x1945, 0x1945, 
	0x1925, 0x1925, 0x1925, 0x1925, 0x1925, 0x1925, 0x1925, 0x1925, 0x1945, 0x2145, 0x2145, 0x2145, 0x2145, 0x2145, 0x1945, 0x1945, 
	0x1945, 0x1945, 0x1945, 0x1945, 0x1945, 0x1925, 0x1925, 0x1925, 0x1925, 0x1925, 0x1925, 0x1925, 0x1925, 0x2125, 0x2125, 0x2145, 
	0x1945, 0x1945, 0x1925, 0x1945, 0x1945, 0x1945, 0x1925, 0x1925, 0x2125, 0x2125, 0x2125, 0x2125, 0x2125, 0x2125, 0x2125, 0x2145, 
	0x2145, 0x1945, 0x2145, 0x2145, 0x1945, 0x2145, 0x1945, 0x2145, 0x2145, 0x2145, 0x2145, 0x2145, 0x2145, 0x2145, 0x2145, 0x2145, 
	0x1945, 0x1945, 0x1945, 0x1945, 0x1945, 0x1945, 0x1945, 0x1945, 0x2146, 0x2145, 0x1925, 0x2146, 0x1925, 0x2145, 0x2145, 0x2145, 
	0x1925, 0x1925, 0x2145, 0x1925, 0x2145, 0x1925, 0x1925, 0x1925, 0x1925, 0x2166, 0x2145, 0x1925, 0x1925, 0x1925, 0x1925, 0x1925, 
	0x1925, 0x2125, 0x1925, 0x2146, 0x1925, 0x2146, 0x1945, 0x1945, 0x1945, 0x1945, 0x1945, 0x1945, 0x2145, 0x1945, 0x1925, 0x1925, 
	0x2145, 0x2145, 0x2145, 0x1945, 0x1945, 0x1945, 0x1945, 0x1925, 0x1945, 0x1945, 0x2145, 0x2145, 0x2145, 0x2145, 0x1945, 0x1945, 
	0x1945, 0x1925, 0x1945, 0x1945, 0x1925, 0x1925, 0x1925, 0x2145, 0x2145, 0x1945, 0x1925, 0x1945, 0x2145, 0x2145, 0x2145, 0x1945, 
	0x1945, 0x1945, 0x1945, 0x1925, 0x1925, 0x1945, 0x1945, 0x1925, 0x1925, 0x1925, 0x1925, 0x1925, 0x1925, 0x2125, 0x1925, 0x1925, 
	0x1925, 0x1925, 0x1925, 0x1925, 0x1925, 0x1925, 0x1925, 0x1925, 0x1925, 0x1924, 0x1924, 0x1925, 0x1925, 0x1925, 0x1925, 0x1925, 
	0x1925, 0x1945, 0x1925, 0x1925, 0x1945, 0x1945, 0x2145, 0x2145, 0x2145, 0x2145, 0x2145, 0x1945, 0x1945, 0x1945, 0x1945, 0x1945, 
	0x2145, 0x2145, 0x1945, 0x1945, 0x1945, 0x2145, 0x1945, 0x1945, 0x1925, 0x1925, 0x1925, 0x1925, 0x1925, 0x1945, 0x1945, 0x1945, 
	0x2125, 0x1925, 0x1925, 0x1925, 0x1925, 0x1925, 0x1925, 0x1925, 0x1925, 0x1925, 0x1925, 0x1925, 0x1925, 0x1925, 0x1925, 0x1925, 
	0x1925, 0x1925, 0x1925, 0x1925, 0x2125, 0x2145, 0x1925, 0x1925, 0x1945, 0x1945, 0x1945, 0x1945, 0x1945, 0x1945, 0x1945, 0x1945, 
	0x1945, 0x1945, 0x1945, 0x1945, 0x1945, 0x1945, 0x1945, 0x1945, 0x1945, 0x1945, 0x1945, 0x1945, 0x1925, 0x1925, 0x1925, 0x1945, 
	0x1945, 0x1945, 0x1945, 0x1945, 0x1945, 0x1925, 0x1925, 0x1925, 0x1925, 0x1925, 0x1945, 0x1945, 0x2145, 0x2125, 0x2125, 0x2145, 
	0x1945, 0x1925, 0x1925, 0x1925, 0x1945, 0x1945, 0x1925, 0x1925, 0x1925, 0x1925, 0x2125, 0x2125, 0x2125, 0x2125, 0x2125, 0x2145, 
	0x1945, 0x1945, 0x2145, 0x2145, 0x2145, 0x2145, 0x2145, 0x2145, 0x2145, 0x2145, 0x2145, 0x2145, 0x2145, 0x2145, 0x2145, 0x1945, 
	0x2145, 0x2145, 0x1945, 0x1945, 0x1945, 0x1945, 0x2145, 0x2145, 0x1925, 0x2166, 0x2145, 0x1905, 0x2145, 0x1925, 0x1925, 0x1925, 
	0x2145, 0x2145, 0x2145, 0x1925, 0x2145, 0x2146, 0x2146, 0x2166, 0x2146, 0x2125, 0x2145, 0x2145, 0x1904, 0x1905, 0x2125, 0x2145, 
	0x2125, 0x1905, 0x1925, 0x2125, 0x1925, 0x2146, 0x1925, 0x1925, 0x1945, 0x1925, 0x1925, 0x1945, 0x1945, 0x1945, 0x1925, 0x1925, 
	0x1925, 0x1945, 0x1945, 0x1925, 0x1925, 0x1945, 0x1945, 0x1945, 0x1925, 0x1945, 0x1945, 0x2145, 0x2145, 0x1945, 0x1945, 0x1945, 
	0x2145, 0x1945, 0x1925, 0x1945, 0x1945, 0x1945, 0x1945, 0x2145, 0x1945, 0x1945, 0x2145, 0x2145, 0x1945, 0x1945, 0x1945, 0x1945, 
	0x1925, 0x1945, 0x2145, 0x2145, 0x1945, 0x1925, 0x1945, 0x2145, 0x1925, 0x1925, 0x1925, 0x1925, 0x1925, 0x1925, 0x1925, 0x1925, 
	0x1925, 0x1925, 0x1925, 0x1925, 0x1925, 0x1925, 0x1925, 0x1925, 0x1925, 0x1925, 0x1925, 0x1925, 0x1925, 0x1925, 0x1925, 0x1925, 
	0x1945, 0x1945, 0x1945, 0x1945, 0x1945, 0x2145, 0x2145, 0x2145, 0x1945, 0x1945, 0x1945, 0x1945, 0x1945, 0x1945, 0x1945, 0x2145, 
	0x2145, 0x2146, 0x1945, 0x1945, 0x1945, 0x1945, 0x1945, 0x1945, 0x1925, 0x1925, 0x1925, 0x1925, 0x1925, 0x1925, 0x1925, 0x1925, 
	0x2145, 0x2125, 0x1925, 0x1925, 0x1925, 0x1925, 0x1925, 0x1925, 0x1925, 0x1925, 0x1925, 0x1925, 0x1925, 0x1925, 0x1925, 0x1925, 
	0x2125, 0x1925, 0x1925, 0x1925, 0x2125, 0x1925, 0x1925, 0x1925, 0x1945, 0x1945, 0x1945, 0x1925, 0x1925, 0x1925, 0x1945, 0x1945, 
	0x1925, 0x1945, 0x1945, 0x1945, 0x1945, 0x1945, 0x1945, 0x1945, 0x1945, 0x1945, 0x1925, 0x1925, 0x1925, 0x1925, 0x1925, 0x1925, 
	0x1945, 0x1945, 0x1945, 0x1945, 0x1945, 0x1925, 0x1925, 0x1925, 0x1925, 0x1925, 0x1945, 0x2145, 0x2145, 0x2145, 0x2125, 0x1925, 
	0x1945, 0x1925, 0x1925, 0x1925, 0x1945, 0x1945, 0x1945, 0x1925, 0x1925, 0x1925, 0x1925, 0x1925, 0x2125, 0x2125, 0x2125, 0x2145, 
	0x1945, 0x1945, 0x2145, 0x2145, 0x2145, 0x2145, 0x2145, 0x2145, 0x2145, 0x2145, 0x2145, 0x2145, 0x2145, 0x2145, 0x1945, 0x1925, 
	0x2145, 0x1945, 0x1945, 0x1945, 0x1945, 0x2145, 0x2145, 0x2145, 0x1945, 0x2145, 0x2145, 0x1925, 0x2146, 0x2125, 0x1925, 0x1925, 
	0x10c3, 0x10c3, 0x10c3, 0x10c3, 0x10e4, 0x10c3, 0x10c4, 0x10c4, 0x10c3, 0x10c4, 0x10c3, 0x10c3, 0x10e4, 0x1905, 0x18e4, 0x18e4, 
	0x2145, 0x1905, 0x1925, 0x1925, 0x1925, 0x2145, 0x1925, 0x1925, 0x1945, 0x1925, 0x1925, 0x1925, 0x1925, 0x1945, 0x1925, 0x1925, 
	0x1925, 0x1945, 0x1945, 0x1925, 0x1925, 0x2145, 0x2145, 0x2145, 0x1945, 0x1945, 0x1945, 0x1945, 0x2145, 0x1945, 0x1945, 0x1945, 
	0x2145, 0x1945, 0x1925, 0x1945, 0x2145, 0x1945, 0x1945, 0x1945, 0x2145, 0x1945, 0x1925, 0x1925, 0x2145, 0x2145, 0x2145, 0x1925, 
	0x1925, 0x1945, 0x1945, 0x1945, 0x1945, 0x1925, 0x1925, 0x1925, 0x1925, 0x1925, 0x1925, 0x1925, 0x1925, 0x1925, 0x1925, 0x1925, 
	0x1925, 0x1925, 0x1925, 0x1925, 0x1925, 0x1925, 0x1925, 0x1925, 0x2145, 0x1925, 0x1925, 0x1945, 0x1945, 0x1925, 0x1945, 0x1945, 
	0x1925, 0x1925, 0x1945, 0x1925, 0x1945, 0x1945, 0x1945, 0x1945, 0x1925, 0x1945, 0x1945, 0x1945, 0x1945, 0x1945, 0x2145, 0x2146, 
	0x2145, 0x1945, 0x1945, 0x1945, 0x1945, 0x1945, 0x1945, 0x1925, 0x1945, 0x1945, 0x1925, 0x1925, 0x1925, 0x1925, 0x1925, 0x1925, 
	0x2145, 0x2145, 0x1925, 0x1925, 0x1925, 0x1925, 0x1925, 0x1925, 0x1925, 0x1925, 0x1925, 0x1925, 0x1925, 0x1925, 0x1925, 0x1925, 
	0x2145, 0x2145, 0x2145, 0x2145, 0x2145, 0x2145, 0x1945, 0x1925, 0x1945, 0x1945, 0x1925, 0x1925, 0x1925, 0x1925, 0x1925, 0x1925, 
	0x1925, 0x1945, 0x1945, 0x1945, 0x1945, 0x1945, 0x1945, 0x1945, 0x1945, 0x1945, 0x1945, 0x1945, 0x1925, 0x1925, 0x1925, 0x1945, 
	0x1945, 0x1945, 0x1945, 0x1925, 0x1925, 0x1925, 0x1925, 0x1925, 0x1925, 0x1925, 0x1945, 0x1945, 0x2145, 0x2125, 0x1925, 0x1925, 
	0x1945, 0x1925, 0x1925, 0x1925, 0x1945, 0x1945, 0x1945, 0x1945, 0x1925, 0x1925, 0x1925, 0x1925, 0x1925, 0x2125, 0x2125, 0x2145, 
	0x2145, 0x1945, 0x2145, 0x2145, 0x2145, 0x2145, 0x1945, 0x2145, 0x2145, 0x2145, 0x1945, 0x2145, 0x2145, 0x2145, 0x2145, 0x1925, 
	0x1945, 0x1945, 0x1945, 0x1945, 0x1945, 0x1945, 0x2145, 0x2145, 0x2145, 0x2146, 0x2146, 0x2145, 0x2145, 0x1925, 0x1904, 0x2145, 
	0x31c7, 0x4229, 0x4a8a, 0x52cb, 0x5b0c, 0x632d, 0x6b6e, 0x6b6e, 0x632d, 0x5b0c, 0x52ab, 0x4a6a, 0x3a09, 0x2987, 0x2146, 0x1905, 
	0x1925, 0x2125, 0x2125, 0x1925, 0x1925, 0x1925, 0x1945, 0x1945, 0x1945, 0x1945, 0x1925, 0x1925, 0x1925, 0x1945, 0x1945, 0x1925, 
	0x1945, 0x1945, 0x1945, 0x1925, 0x1925, 0x1945, 0x2145, 0x2145, 0x2145, 0x2145, 0x2145, 0x2145, 0x2145, 0x2145, 0x2145, 0x2145, 
	0x2145, 0x1945, 0x1925, 0x1945, 0x2145, 0x1945, 0x1925, 0x1925, 0x1925, 0x1925, 0x2145, 0x2145, 0x2145, 0x2145, 0x2145, 0x1925, 
	0x2145, 0x2145, 0x2145, 0x2145, 0x1945, 0x1925, 0x1925, 0x1925, 0x2145, 0x2125, 0x2125, 0x2125, 0x2125, 0x2125, 0x1925, 0x1925, 
	0x2125, 0x2125, 0x2125, 0x1925, 0x1925, 0x1925, 0x1925, 0x1925, 0x1945, 0x1945, 0x1925, 0x1945, 0x1945, 0x1945, 0x1945, 0x1945, 
	0x1925, 0x1925, 0x1945, 0x1925, 0x1945, 0x1945, 0x1925, 0x1925, 0x1925, 0x1945, 0x2145, 0x2145, 0x1945, 0x1945, 0x2145, 0x2146, 
	0x2145, 0x1945, 0x1945, 0x1925, 0x1945, 0x1945, 0x1925, 0x1925, 0x2145, 0x1945, 0x1945, 0x1925, 0x1925, 0x1925, 0x1925, 0x1925, 
	0x1925, 0x1925, 0x1925, 0x1945, 0x1945, 0x1945, 0x1925, 0x1925, 0x1925, 0x1925, 0x1925, 0x1925, 0x1925, 0x1925, 0x1925, 0x1925, 
	0x1925, 0x1945, 0x1945, 0x1945, 0x1945, 0x1945, 0x1945, 0x1945, 0x2145, 0x1945, 0x1945, 0x1925, 0x1925, 0x1925, 0x1945, 0x1945, 
	0x1945, 0x2145, 0x2145, 0x2145, 0x2145, 0x2145, 0x1945, 0x1945, 0x1945, 0x2145, 0x2145, 0x2145, 0x2145, 0x1945, 0x1945, 0x1945, 
	0x1925, 0x1925, 0x1925, 0x1925, 0x1925, 0x1925, 0x1925, 0x1925, 0x1945, 0x1945, 0x1925, 0x1925, 0x1925, 0x1925, 0x2125, 0x2145, 
	0x1925, 0x1925, 0x1925, 0x1925, 0x1945, 0x1945, 0x1945, 0x1945, 0x1925, 0x1925, 0x1925, 0x1925, 0x1925, 0x2125, 0x2125, 0x2145, 
	0x2145, 0x1945, 0x2145, 0x2145, 0x2145, 0x2165, 0x2145, 0x2145, 0x2146, 0x2145, 0x1945, 0x1945, 0x2145, 0x2145, 0x2145, 0x2145, 
	0x1945, 0x1945, 0x1945, 0x1945, 0x1945, 0x2145, 0x2145, 0x2145, 0x2166, 0x2166, 0x1925, 0x2166, 0x2966, 0x10c4, 0x6b8e, 0xce7a, 
	0xc659, 0xce7a, 0xd6bb, 0xd6bb, 0xd6db, 0xd6db, 0xd6db, 0xce9a, 0xd6bb, 0xd6bb, 0xd6bb, 0xce7a, 0xc65a, 0xc659, 0xbe19, 0x8451, 
	0x18e4, 0x1925, 0x1925, 0x2145, 0x1925, 0x1925, 0x1945, 0x1945, 0x1945, 0x1945, 0x1945, 0x1925, 0x1925, 0x2145, 0x2145, 0x1925, 
	0x1945, 0x1945, 0x1945, 0x1925, 0x1925, 0x1945, 0x1945, 0x1925, 0x1925, 0x2166, 0x2166, 0x1925, 0x1925, 0x2166, 0x2166, 0x1925, 
	0x2145, 0x2145, 0x2145, 0x2145, 0x2145, 0x1945, 0x2145, 0x2145, 0x2145, 0x2145, 0x2145, 0x2145, 0x1925, 0x2145, 0x2145, 0x2145, 
	0x1925, 0x1925, 0x2145, 0x2145, 0x1925, 0x1925, 0x2145, 0x2166, 0x2145, 0x2125, 0x1925, 0x1925, 0x2125, 0x2125, 0x1925, 0x1925, 
	0x1925, 0x2125, 0x2125, 0x1925, 0x1925, 0x1925, 0x1925, 0x1925, 0x1925, 0x1925, 0x1925, 0x1925, 0x1925, 0x1925, 0x1945, 0x1945, 
	0x1945, 0x1945, 0x1945, 0x2145, 0x2145, 0x2145, 0x1945, 0x1945, 0x1945, 0x2145, 0x2145, 0x2145, 0x1945, 0x1945, 0x2145, 0x2146, 
	0x2145, 0x1945, 0x1945, 0x1925, 0x1945, 0x1925, 0x1925, 0x1925, 0x1945, 0x1945, 0x1925, 0x1925, 0x1945, 0x1945, 0x1945, 0x1925, 
	0x1925, 0x1925, 0x1925, 0x1945, 0x2145, 0x1945, 0x1925, 0x1925, 0x1945, 0x1945, 0x1945, 0x1925, 0x1925, 0x1925, 0x1925, 0x1925, 
	0x1925, 0x1925, 0x1945, 0x1945, 0x1945, 0x1945, 0x1945, 0x2145, 0x2145, 0x2145, 0x1945, 0x1945, 0x1945, 0x1945, 0x1945, 0x2145, 
	0x1945, 0x1945, 0x1945, 0x1945, 0x1945, 0x1945, 0x1945, 0x1945, 0x1925, 0x1945, 0x2146, 0x2146, 0x2146, 0x1945, 0x1945, 0x1945, 
	0x1925, 0x1925, 0x1925, 0x1925, 0x1925, 0x1925, 0x1925, 0x1925, 0x2145, 0x1945, 0x1945, 0x1925, 0x1925, 0x2125, 0x2125, 0x2145, 
	0x1925, 0x1925, 0x1925, 0x1925, 0x1945, 0x1945, 0x1945, 0x1945, 0x1925, 0x1925, 0x1925, 0x1925, 0x1925, 0x2125, 0x2125, 0x2145, 
	0x1945, 0x1945, 0x2145, 0x2145, 0x2145, 0x2165, 0x2145, 0x2145, 0x2145, 0x2145, 0x2145, 0x2145, 0x2145, 0x2145, 0x2145, 0x2145, 
	0x2145, 0x2145, 0x2145, 0x2145, 0x2145, 0x2145, 0x2145, 0x2145, 0x1925, 0x2166, 0x2145, 0x2165, 0x2166, 0x18e4, 0x9d35, 0xdf1c, 
	0xce7a, 0xce7a, 0xce9a, 0xce9a, 0xd6ba, 0xd6ba, 0xce9a, 0xb5d7, 0xb5d7, 0xb5b7, 0xb5b7, 0xbdd8, 0xbdf8, 0xb5d7, 0xce7a, 0xc659, 
	0x2986, 0x10e4, 0x1925, 0x2145, 0x1945, 0x1925, 0x1925, 0x1925, 0x1945, 0x2145, 0x1945, 0x1925, 0x1945, 0x2145, 0x2145, 0x1925, 
	0x1925, 0x1945, 0x1945, 0x1945, 0x1945, 0x2145, 0x2145, 0x1945, 0x2166, 0x1904, 0x1904, 0x2186, 0x2186, 0x1905, 0x1905, 0x2186, 
	0x2145, 0x2145, 0x2145, 0x2146, 0x2145, 0x2145, 0x2145, 0x2145, 0x2146, 0x2145, 0x1925, 0x1925, 0x2125, 0x2125, 0x1925, 0x1904, 
	0x2165, 0x2145, 0x1925, 0x2145, 0x2145, 0x2145, 0x1925, 0x1925, 0x1925, 0x1925, 0x1925, 0x1925, 0x1925, 0x1925, 0x1925, 0x1925, 
	0x1925, 0x1925, 0x1925, 0x1925, 0x1925, 0x1925, 0x1925, 0x1925, 0x1925, 0x1945, 0x1945, 0x1945, 0x1945, 0x1945, 0x1945, 0x2145, 
	0x1945, 0x1945, 0x1945, 0x1945, 0x1945, 0x1945, 0x1945, 0x1945, 0x2145, 0x2145, 0x2145, 0x1945, 0x1945, 0x1945, 0x2145, 0x2145, 
	0x2145, 0x1945, 0x1945, 0x1945, 0x1945, 0x1945, 0x1925, 0x1925, 0x1925, 0x1925, 0x1925, 0x1925, 0x1925, 0x1945, 0x1945, 0x1925, 
	0x1925, 0x1925, 0x1925, 0x1945, 0x1945, 0x1945, 0x1945, 0x1925, 0x1925, 0x1925, 0x1925, 0x1925, 0x1925, 0x1925, 0x1925, 0x1925, 
	0x1925, 0x1925, 0x1945, 0x1945, 0x1925, 0x1925, 0x1945, 0x1945, 0x1945, 0x1945, 0x1945, 0x1945, 0x1945, 0x1945, 0x2145, 0x2145, 
	0x1925, 0x1925, 0x1925, 0x1925, 0x1925, 0x1925, 0x1925, 0x1925, 0x1925, 0x1925, 0x1945, 0x1945, 0x1945, 0x1945, 0x1946, 0x1945, 
	0x1925, 0x1925, 0x1925, 0x1945, 0x1945, 0x1945, 0x1945, 0x1945, 0x2145, 0x1945, 0x1945, 0x1945, 0x2145, 0x2125, 0x2125, 0x2125, 
	0x1925, 0x1925, 0x1945, 0x1945, 0x1945, 0x1945, 0x1945, 0x1945, 0x2145, 0x2125, 0x2125, 0x1925, 0x2125, 0x2125, 0x2145, 0x2145, 
	0x2145, 0x1945, 0x2145, 0x2145, 0x2145, 0x2165, 0x2145, 0x2145, 0x2145, 0x2145, 0x2145, 0x2145, 0x2145, 0x2145, 0x1945, 0x1945, 
	0x2145, 0x2145, 0x2145, 0x2145, 0x2145, 0x2145, 0x2145, 0x2145, 0x2166, 0x2145, 0x2165, 0x2145, 0x18e4, 0x2986, 0xc659, 0xce9a, 
	0xdefc, 0xdefb, 0xd6db, 0xdefb, 0xd6db, 0xd6db, 0xce9a, 0xad75, 0x9d14, 0xa535, 0x9cf4, 0x9d14, 0xa535, 0x9d14, 0xb597, 0xd6db, 
	0x5b0c, 0x10c3, 0x1925, 0x2145, 0x1945, 0x1925, 0x1925, 0x1945, 0x1945, 0x1945, 0x1945, 0x1945, 0x1945, 0x2145, 0x2145, 0x1925, 
	0x1925, 0x1945, 0x2145, 0x1945, 0x2145, 0x2145, 0x2145, 0x1945, 0x1925, 0x2145, 0x2145, 0x1945, 0x1945, 0x2146, 0x2145, 0x1925, 
	0x2146, 0x2145, 0x2145, 0x2145, 0x2146, 0x2145, 0x2145, 0x2125, 0x1905, 0x1905, 0x1925, 0x2125, 0x2125, 0x1925, 0x1904, 0x1904, 
	0x1904, 0x10e4, 0x10e4, 0x1924, 0x2145, 0x2145, 0x2145, 0x2145, 0x2145, 0x1925, 0x1925, 0x1925, 0x1925, 0x1925, 0x1925, 0x1925, 
	0x1925, 0x1925, 0x1925, 0x1925, 0x1925, 0x1924, 0x1925, 0x1925, 0x1945, 0x1945, 0x1945, 0x1945, 0x1945, 0x1945, 0x1945, 0x1945, 
	0x1925, 0x1945, 0x1945, 0x1925, 0x1925, 0x1925, 0x1925, 0x1925, 0x2145, 0x1945, 0x1925, 0x1945, 0x1945, 0x2145, 0x1945, 0x1925, 
	0x2145, 0x2146, 0x1945, 0x1945, 0x1945, 0x1945, 0x1925, 0x1925, 0x1945, 0x1925, 0x1925, 0x1925, 0x1925, 0x1945, 0x1945, 0x1925, 
	0x1945, 0x1925, 0x1925, 0x1925, 0x1945, 0x1945, 0x1945, 0x1925, 0x1925, 0x1925, 0x1925, 0x1925, 0x1925, 0x1925, 0x1925, 0x1925, 
	0x1925, 0x1925, 0x1945, 0x1925, 0x1925, 0x1925, 0x1925, 0x1925, 0x1925, 0x1925, 0x1925, 0x1945, 0x1945, 0x1945, 0x2145, 0x2145, 
	0x1945, 0x1945, 0x1945, 0x1945, 0x1945, 0x1945, 0x1925, 0x1925, 0x1925, 0x1925, 0x1925, 0x1925, 0x1925, 0x1945, 0x2146, 0x2146, 
	0x1945, 0x1945, 0x1945, 0x1945, 0x1945, 0x1945, 0x1945, 0x1945, 0x1925, 0x1945, 0x1945, 0x1945, 0x2145, 0x2145, 0x1925, 0x1925, 
	0x1925, 0x1925, 0x1945, 0x1945, 0x1945, 0x1945, 0x1945, 0x1925, 0x2145, 0x2145, 0x2145, 0x2145, 0x2145, 0x2145, 0x2145, 0x2145, 
	0x2145, 0x2145, 0x2145, 0x2145, 0x1945, 0x2145, 0x1925, 0x1925, 0x1925, 0x1945, 0x2145, 0x2145, 0x2145, 0x1925, 0x1925, 0x1925, 
	0x2145, 0x2145, 0x2145, 0x1945, 0x1945, 0x1945, 0x2145, 0x2145, 0x2145, 0x1945, 0x2166, 0x2145, 0x18e4, 0x52cb, 0xdefb, 0xc659, 
	0xdf1c, 0xdefb, 0xdefb, 0xd6db, 0xd6db, 0xd6db, 0xd6bb, 0xad75, 0xa555, 0xa555, 0xa555, 0xa555, 0xa535, 0x9d14, 0xa555, 0xd6db, 
	0x8cb3, 0x10c3, 0x2145, 0x1925, 0x1925, 0x1925, 0x1945, 0x2165, 0x1925, 0x1945, 0x1945, 0x1945, 0x1945, 0x2145, 0x2145, 0x1925, 
	0x1925, 0x1925, 0x1925, 0x1925, 0x1925, 0x1925, 0x1925, 0x1925, 0x1925, 0x1945, 0x1945, 0x2145, 0x2145, 0x2145, 0x2145, 0x2145, 
	0x2146, 0x2145, 0x1945, 0x2145, 0x2145, 0x2145, 0x1925, 0x1925, 0x1925, 0x1925, 0x1925, 0x10c3, 0x0882, 0x10c3, 0x2966, 0x3a08, 
	0x3a29, 0x4249, 0x4249, 0x3a08, 0x29a7, 0x2145, 0x2145, 0x2166, 0x2145, 0x2145, 0x2145, 0x2125, 0x2145, 0x2145, 0x2145, 0x1925, 
	0x1925, 0x1925, 0x2145, 0x1925, 0x1925, 0x1925, 0x1925, 0x1925, 0x1925, 0x1925, 0x1945, 0x1945, 0x1945, 0x1925, 0x1925, 0x1945, 
	0x1945, 0x1945, 0x1945, 0x1925, 0x1925, 0x1925, 0x1945, 0x1945, 0x1945, 0x1925, 0x1925, 0x1925, 0x1945, 0x2145, 0x1945, 0x1925, 
	0x2146, 0x2145, 0x1945, 0x1945, 0x1945, 0x1945, 0x1925, 0x1925, 0x2145, 0x1945, 0x1925, 0x1925, 0x1945, 0x1945, 0x1945, 0x1925, 
	0x2145, 0x2145, 0x2145, 0x2146, 0x2146, 0x2145, 0x2145, 0x2145, 0x2145, 0x1945, 0x1945, 0x1945, 0x2145, 0x1945, 0x2145, 0x2146, 
	0x2145, 0x2145, 0x2145, 0x2145, 0x2145, 0x2145, 0x2145, 0x2145, 0x2145, 0x2145, 0x2145, 0x2145, 0x2145, 0x2145, 0x2145, 0x2145, 
	0x1945, 0x1945, 0x1945, 0x1945, 0x1945, 0x1945, 0x1945, 0x1945, 0x2146, 0x2146, 0x2145, 0x2145, 0x2146, 0x2146, 0x2146, 0x2146, 
	0x2146, 0x2145, 0x2145, 0x1945, 0x1945, 0x2145, 0x2145, 0x2145, 0x1945, 0x1945, 0x1945, 0x1945, 0x1945, 0x1945, 0x1945, 0x2145, 
	0x1925, 0x2145, 0x2145, 0x2145, 0x1945, 0x1945, 0x1945, 0x2145, 0x2145, 0x2145, 0x1925, 0x1925, 0x2145, 0x2145, 0x2145, 0x1925, 
	0x1904, 0x2966, 0x2125, 0x2125, 0x2166, 0x1904, 0x1925, 0x2145, 0x1925, 0x1945, 0x1925, 0x1945, 0x1945, 0x2166, 0x2165, 0x2145, 
	0x1945, 0x2145, 0x2165, 0x2145, 0x1945, 0x1945, 0x2165, 0x2165, 0x2145, 0x1945, 0x2145, 0x2145, 0x18e4, 0x94d3, 0xdefb, 0xd6db, 
	0xdefb, 0xdedb, 0xd6db, 0xd6db, 0xd6db, 0xd6ba, 0xd6ba, 0xad75, 0x9d14, 0x9d14, 0xa535, 0xa555, 0xa555, 0xa555, 0xa555, 0xc659, 
	0xb5f8, 0x2166, 0x1904, 0x2145, 0x1904, 0x1925, 0x2145, 0x2146, 0x1945, 0x1945, 0x1945, 0x1945, 0x1945, 0x1945, 0x1945, 0x1945, 
	0x1925, 0x2146, 0x1925, 0x1905, 0x2166, 0x1905, 0x1905, 0x2166, 0x1925, 0x2145, 0x2146, 0x1925, 0x1925, 0x2166, 0x2145, 0x2986, 
	0x2166, 0x2986, 0x2166, 0x2145, 0x2166, 0x2145, 0x2166, 0x2145, 0x1925, 0x08a3, 0x10e4, 0x4a6a, 0x7c31, 0xa576, 0xc639, 0xc659, 
	0xc67a, 0xbe39, 0xce9a, 0xce9a, 0x52cb, 0x1925, 0x2146, 0x2145, 0x2145, 0x2145, 0x2145, 0x2145, 0x2145, 0x2145, 0x2145, 0x2145, 
	0x2145, 0x1925, 0x1925, 0x1925, 0x2145, 0x1925, 0x1925, 0x1925, 0x1925, 0x1945, 0x2145, 0x1945, 0x1945, 0x2145, 0x1945, 0x1945, 
	0x1945, 0x2145, 0x2145, 0x1945, 0x1945, 0x1945, 0x1945, 0x2145, 0x2145, 0x2145, 0x2145, 0x2145, 0x2145, 0x2145, 0x2145, 0x2145, 
	0x2146, 0x2145, 0x1925, 0x1925, 0x1925, 0x2145, 0x1925, 0x1925, 0x1925, 0x1945, 0x1945, 0x1945, 0x1945, 0x1945, 0x2145, 0x2146, 
	0x1925, 0x1925, 0x1925, 0x2125, 0x2125, 0x2125, 0x2145, 0x1925, 0x1945, 0x1945, 0x1925, 0x1945, 0x1945, 0x1945, 0x1945, 0x2146, 
	0x2146, 0x1945, 0x1945, 0x1945, 0x2145, 0x2145, 0x1945, 0x1945, 0x2145, 0x2145, 0x2145, 0x2145, 0x1945, 0x1945, 0x1945, 0x1945, 
	0x1945, 0x1945, 0x1945, 0x1945, 0x1945, 0x1945, 0x1945, 0x1945, 0x2145, 0x1945, 0x1945, 0x1945, 0x2146, 0x2146, 0x1945, 0x1945, 
	0x2146, 0x2146, 0x2146, 0x1945, 0x1945, 0x2146, 0x2146, 0x2146, 0x1945, 0x1945, 0x1945, 0x1945, 0x1945, 0x1945, 0x1945, 0x1945, 
	0x2145, 0x2145, 0x2145, 0x2145, 0x1945, 0x1945, 0x1945, 0x2145, 0x1945, 0x2146, 0x2145, 0x2146, 0x2145, 0x1945, 0x1945, 0x2145, 
	0x2145, 0x2125, 0x2145, 0x2166, 0x1924, 0x2166, 0x1925, 0x2145, 0x1924, 0x1904, 0x2145, 0x2166, 0x1945, 0x1924, 0x1945, 0x2166, 
	0x2145, 0x1945, 0x1945, 0x1945, 0x2165, 0x2166, 0x2165, 0x1945, 0x1945, 0x2145, 0x2165, 0x2165, 0x2145, 0xbdf7, 0xce9a, 0xdefb, 
	0xdf1c, 0xdefb, 0xdefb, 0xdefb, 0xdefb, 0xd6db, 0xd6db, 0xad96, 0xa535, 0xa535, 0xa535, 0xa555, 0xa535, 0xa535, 0xa535, 0xbe18, 
	0xcebb, 0x426a, 0x10e4, 0x2145, 0x1925, 0x2145, 0x2166, 0x1925, 0x2145, 0x2146, 0x2166, 0x2146, 0x2166, 0x2166, 0x1945, 0x1945, 
	0x2145, 0x2146, 0x2125, 0x2145, 0x10e4, 0x1904, 0x2145, 0x10e4, 0x1904, 0x1905, 0x1904, 0x2166, 0x2145, 0x2145, 0x2146, 0x1925, 
	0x2145, 0x1905, 0x2125, 0x29a7, 0x2166, 0x1925, 0x2986, 0x10e4, 0x1925, 0x73cf, 0xbe39, 0xe75d, 0xdefc, 0xce9a, 0xc659, 0xadb7, 
	0xb5f8, 0xbe39, 0xce9a, 0x6b8e, 0x10e4, 0x2166, 0x2145, 0x2166, 0x2145, 0x2145, 0x2145, 0x2145, 0x2145, 0x2145, 0x2145, 0x2145, 
	0x2145, 0x1925, 0x1925, 0x1925, 0x2125, 0x1925, 0x1925, 0x1925, 0x1925, 0x1945, 0x1945, 0x1945, 0x1945, 0x1945, 0x1945, 0x1945, 
	0x1945, 0x1945, 0x1945, 0x1945, 0x1945, 0x1925, 0x1945, 0x1945, 0x1945, 0x1945, 0x1945, 0x1945, 0x1945, 0x1945, 0x1945, 0x1945, 
	0x2145, 0x2125, 0x1925, 0x1925, 0x2125, 0x2125, 0x1925, 0x1925, 0x1945, 0x1945, 0x1945, 0x1945, 0x1945, 0x1945, 0x2146, 0x2146, 
	0x2125, 0x2125, 0x2125, 0x2125, 0x2125, 0x2125, 0x2145, 0x2145, 0x1945, 0x1925, 0x1925, 0x1945, 0x1945, 0x1945, 0x1945, 0x2145, 
	0x2146, 0x1945, 0x1925, 0x1925, 0x1945, 0x2145, 0x2145, 0x1925, 0x1945, 0x1945, 0x1945, 0x1945, 0x1945, 0x1945, 0x1925, 0x1925, 
	0x1925, 0x1925, 0x1925, 0x1925, 0x1925, 0x1945, 0x1945, 0x1945, 0x1925, 0x1925, 0x1925, 0x1945, 0x1945, 0x1945, 0x1945, 0x1945, 
	0x2146, 0x2146, 0x2146, 0x1945, 0x1945, 0x1945, 0x1945, 0x2146, 0x1945, 0x1945, 0x1945, 0x1945, 0x1945, 0x1945, 0x1945, 0x1945, 
	0x2145, 0x2145, 0x2145, 0x2145, 0x1945, 0x1945, 0x1945, 0x2145, 0x1945, 0x2145, 0x1945, 0x1945, 0x2145, 0x2145, 0x1945, 0x2145, 
	0x2125, 0x1925, 0x2145, 0x10c3, 0x10c3, 0x2986, 0x31c7, 0x10e3, 0x1925, 0x2145, 0x1945, 0x1924, 0x1925, 0x2165, 0x2145, 0x1945, 
	0x1945, 0x1945, 0x1945, 0x1945, 0x1945, 0x1925, 0x1925, 0x1945, 0x1925, 0x1925, 0x2166, 0x2145, 0x4229, 0xdefc, 0xd69a, 0xe73c, 
	0xdefb, 0xdefb, 0xdedb, 0xdedb, 0xdedb, 0xd6bb, 0xd6ba, 0xad75, 0xa555, 0xa535, 0xa535, 0xa535, 0xa535, 0xa535, 0x9d14, 0xad96, 
	0xcebb, 0x73f0, 0x10c3, 0x2145, 0x1925, 0x1925, 0x2145, 0x2166, 0x2145, 0x2166, 0x2146, 0x1945, 0x2146, 0x2146, 0x1925, 0x1925, 
	0x1925, 0x10e4, 0x2146, 0x2125, 0x1925, 0x2145, 0x1904, 0x10c4, 0x2166, 0x1904, 0x10c4, 0x10e4, 0x1925, 0x1925, 0x2125, 0x2146, 
	0x2145, 0x29a7, 0x2166, 0x2166, 0x2145, 0x29a7, 0x08a3, 0x52cb, 0xc659, 0xe77e, 0xe75d, 0xc639, 0xbdf8, 0xadb7, 0x94d3, 0xa556, 
	0xb5f8, 0xcebb, 0x6baf, 0x08a3, 0x1925, 0x2145, 0x1925, 0x2146, 0x2146, 0x2146, 0x2145, 0x2145, 0x2145, 0x2145, 0x2145, 0x2145, 
	0x2145, 0x1925, 0x1925, 0x1925, 0x1925, 0x1925, 0x1925, 0x1925, 0x1925, 0x1945, 0x1945, 0x1945, 0x1945, 0x1945, 0x1945, 0x1945, 
	0x1945, 0x1945, 0x1945, 0x1945, 0x1945, 0x1945, 0x1945, 0x1945, 0x1945, 0x1945, 0x1945, 0x1945, 0x1945, 0x1945, 0x1945, 0x1945, 
	0x2145, 0x1925, 0x1925, 0x1925, 0x2125, 0x2125, 0x2125, 0x1925, 0x1945, 0x1945, 0x1945, 0x1945, 0x1945, 0x1945, 0x1945, 0x2146, 
	0x2145, 0x2145, 0x2125, 0x2125, 0x2125, 0x2125, 0x2145, 0x2145, 0x2145, 0x1945, 0x1925, 0x1945, 0x1945, 0x1945, 0x1945, 0x2145, 
	0x2145, 0x2146, 0x1945, 0x1925, 0x1945, 0x2145, 0x2145, 0x1945, 0x1945, 0x1945, 0x1945, 0x1945, 0x1945, 0x1925, 0x1925, 0x1925, 
	0x1925, 0x1925, 0x1925, 0x1925, 0x1925, 0x1945, 0x1945, 0x1945, 0x1925, 0x1925, 0x1945, 0x1945, 0x2146, 0x2146, 0x1945, 0x1945, 
	0x2146, 0x2146, 0x1945, 0x1945, 0x1945, 0x1945, 0x1945, 0x1945, 0x1945, 0x1945, 0x1945, 0x1945, 0x1945, 0x1945, 0x1945, 0x2145, 
	0x2145, 0x2145, 0x2145, 0x2145, 0x2145, 0x1945, 0x2145, 0x2145, 0x2145, 0x2145, 0x2166, 0x2145, 0x1945, 0x2145, 0x2145, 0x2145, 
	0x2145, 0x2145, 0x10c3, 0x2145, 0x7c10, 0xbe38, 0xce9a, 0x3a29, 0x1904, 0x1925, 0x2145, 0x2145, 0x2186, 0x1904, 0x2145, 0x1925, 
	0x2145, 0x2145, 0x2145, 0x1945, 0x2145, 0x2146, 0x2146, 0x2145, 0x2145, 0x2145, 0x2145, 0x10e4, 0x5aeb, 0xdf1c, 0xd6bb, 0xdefb, 
	0xdefb, 0xdefb, 0xdefb, 0xdefb, 0xdefb, 0xd6db, 0xd6db, 0xad96, 0xa535, 0xa555, 0xa535, 0xa535, 0xa535, 0xa535, 0x9d14, 0xa555, 
	0xc67a, 0xa535, 0x10c4, 0x2166, 0x2166, 0x2146, 0x1905, 0x2166, 0x2146, 0x2166, 0x2166, 0x1945, 0x2146, 0x2146, 0x2146, 0x2146, 
	0x2125, 0x2145, 0x1925, 0x1905, 0x1925, 0x10e4, 0x08a3, 0x4a8a, 0xa576, 0x7c31, 0x4249, 0x1904, 0x08a3, 0x1905, 0x2145, 0x2145, 
	0x1905, 0x2125, 0x2146, 0x2145, 0x2986, 0x10c3, 0x7c10, 0xe75d, 0xef9e, 0xd6db, 0xbe39, 0xb5b7, 0xa555, 0x9d14, 0xad76, 0xb5b7, 
	0xce9b, 0x7c10, 0x0882, 0x1905, 0x1925, 0x1904, 0x2146, 0x2145, 0x2146, 0x2146, 0x2146, 0x2145, 0x2145, 0x2145, 0x2145, 0x2145, 
	0x2145, 0x2125, 0x1925, 0x1925, 0x1925, 0x1925, 0x1925, 0x1925, 0x1925, 0x1945, 0x1945, 0x1945, 0x1945, 0x1945, 0x1945, 0x1945, 
	0x1945, 0x1945, 0x1945, 0x2145, 0x2145, 0x1945, 0x1945, 0x1945, 0x1945, 0x1945, 0x1945, 0x1945, 0x1945, 0x1945, 0x1945, 0x1945, 
	0x2145, 0x1925, 0x1925, 0x1925, 0x2125, 0x2125, 0x2125, 0x1925, 0x1945, 0x1945, 0x1945, 0x1945, 0x1945, 0x1945, 0x1945, 0x1945, 
	0x2125, 0x2125, 0x2125, 0x1925, 0x2125, 0x2125, 0x2125, 0x2145, 0x2145, 0x2145, 0x2145, 0x2145, 0x2145, 0x2145, 0x2145, 0x2145, 
	0x2125, 0x2146, 0x2146, 0x2125, 0x1925, 0x2125, 0x2145, 0x2145, 0x2145, 0x2145, 0x2145, 0x2145, 0x2145, 0x2145, 0x2145, 0x2145, 
	0x1925, 0x1925, 0x1925, 0x1925, 0x1925, 0x2125, 0x2125, 0x2125, 0x1925, 0x1925, 0x2125, 0x2146, 0x2146, 0x2146, 0x2146, 0x2146, 
	0x2146, 0x2125, 0x2125, 0x2125, 0x2125, 0x2125, 0x2125, 0x2125, 0x1925, 0x1925, 0x2145, 0x2145, 0x2145, 0x2145, 0x2145, 0x2145, 
	0x2145, 0x2125, 0x2145, 0x2145, 0x2145, 0x2145, 0x2145, 0x2145, 0x1925, 0x2145, 0x2145, 0x1925, 0x2166, 0x2166, 0x1925, 0x2145, 
	0x10e3, 0x2125, 0x73af, 0xc639, 0xdefc, 0xd6db, 0xd6bb, 0xbe18, 0x2966, 0x10c3, 0x1924, 0x2145, 0x1925, 0x1925, 0x2145, 0x2145, 
	0x2145, 0x2145, 0x2145, 0x1925, 0x1925, 0x2145, 0x2146, 0x2125, 0x1905, 0x2125, 0x2146, 0x18e4, 0x7c10, 0xdedb, 0xd6bb, 0xe71c, 
	0xdf1c, 0xdf1b, 0xdefb, 0xdefb, 0xdefb, 0xdefb, 0xd6fb, 0xadb6, 0xa555, 0xa555, 0xa555, 0xa535, 0xa555, 0xa535, 0x9d14, 0x9d34, 
	0xbdf8, 0xbe39, 0x31c7, 0x1925, 0x2145, 0x2166, 0x2146, 0x2146, 0x2146, 0x2166, 0x2146, 0x2146, 0x2146, 0x2146, 0x2146, 0x2146, 
	0x1925, 0x1925, 0x1925, 0x1925, 0x2145, 0x0883, 0x4249, 0xadb7, 0xa576, 0xad96, 0xb5d7, 0x8472, 0x424a, 0x10c3, 0x1904, 0x1905, 
	0x2145, 0x2145, 0x2125, 0x2166, 0x10a3, 0x8cb3, 0xf7ff, 0xe77e, 0xc679, 0xb5b7, 0xad96, 0xad96, 0xad76, 0xa576, 0xc639, 0xd6db, 
	0x8451, 0x10a3, 0x2125, 0x1925, 0x1904, 0x2145, 0x1925, 0x2166, 0x2146, 0x2146, 0x2145, 0x2145, 0x2145, 0x2145, 0x2145, 0x2145, 
	0x2145, 0x2125, 0x2125, 0x2125, 0x2125, 0x1925, 0x1925, 0x1925, 0x1925, 0x1945, 0x1945, 0x1945, 0x1945, 0x1945, 0x1945, 0x1945, 
	0x1945, 0x1945, 0x1945, 0x1945, 0x2145, 0x2145, 0x1945, 0x1945, 0x1945, 0x1945, 0x1945, 0x1945, 0x1945, 0x1945, 0x1945, 0x1945, 
	0x2125, 0x2125, 0x2125, 0x2125, 0x2125, 0x2125, 0x1925, 0x1925, 0x1945, 0x1945, 0x1945, 0x1945, 0x1945, 0x1945, 0x1945, 0x1945, 
	0x2125, 0x2125, 0x2125, 0x2125, 0x2125, 0x2125, 0x2125, 0x2125, 0x2145, 0x2125, 0x2125, 0x2145, 0x2145, 0x2125, 0x2125, 0x2145, 
	0x1925, 0x2125, 0x2146, 0x2125, 0x1925, 0x1925, 0x1925, 0x1925, 0x2125, 0x2125, 0x2125, 0x2125, 0x2125, 0x2125, 0x2125, 0x2125, 
	0x1925, 0x1925, 0x1925, 0x1925, 0x1925, 0x2125, 0x2125, 0x2125, 0x1925, 0x1925, 0x2125, 0x2125, 0x2125, 0x2125, 0x2125, 0x2146, 
	0x2125, 0x2125, 0x2125, 0x2125, 0x2125, 0x2125, 0x2125, 0x2145, 0x1925, 0x1925, 0x2125, 0x2125, 0x2145, 0x2145, 0x2145, 0x2145, 
	0x2125, 0x2145, 0x2145, 0x2145, 0x2145, 0x2145, 0x2145, 0x2145, 0x2166, 0x1945, 0x2166, 0x2165, 0x2145, 0x1925, 0x1904, 0x2145, 
	0x6b8e, 0xc639, 0xd6fb, 0xc659, 0xbe38, 0xce7a, 0xce9a, 0xdefc, 0xb5d7, 0x31a7, 0x1904, 0x2145, 0x2145, 0x1925, 0x2125, 0x2125, 
	0x2145, 0x2145, 0x1925, 0x1905, 0x1925, 0x2146, 0x2966, 0x2146, 0x2125, 0x1905, 0x2125, 0x0862, 0x94d3, 0xd6bb, 0xdedb, 0xdedb, 
	0xdefb, 0xdefb, 0xdefb, 0xdedb, 0xdefb, 0xd6db, 0xd6db, 0xad96, 0xa534, 0xa555, 0xa555, 0xa555, 0xa555, 0xa535, 0xa535, 0xa535, 
	0xb5f8, 0xce9a, 0x52ab, 0x10a3, 0x2966, 0x2145, 0x2145, 0x2966, 0x2146, 0x2146, 0x2166, 0x2166, 0x2146, 0x2146, 0x2146, 0x1925, 
	0x2145, 0x2166, 0x1925, 0x2145, 0x10e4, 0x31e8, 0xa576, 0xb5d7, 0x8cb3, 0x73cf, 0x8cb3, 0xad76, 0xadb7, 0x8452, 0x29a7, 0x10c4, 
	0x18e4, 0x2145, 0x2145, 0x0882, 0x94b3, 0xf7ff, 0xe73d, 0xc659, 0xb5b7, 0xb5d7, 0xad96, 0xb5b7, 0xb5b7, 0xc659, 0xdefc, 0x94b3, 
	0x18e4, 0x2145, 0x2145, 0x1925, 0x2146, 0x2146, 0x2125, 0x2145, 0x2145, 0x2145, 0x2145, 0x2145, 0x2145, 0x2145, 0x2145, 0x2145, 
	0x2145, 0x2145, 0x2125, 0x2145, 0x2125, 0x1925, 0x1925, 0x2145, 0x2145, 0x1945, 0x1945, 0x1945, 0x1925, 0x1925, 0x1925, 0x1945, 
	0x1925, 0x1945, 0x1925, 0x1925, 0x1945, 0x1945, 0x1945, 0x1925, 0x2145, 0x2145, 0x2145, 0x2145, 0x2146, 0x2146, 0x2146, 0x2146, 
	0x2125, 0x2125, 0x2125, 0x2125, 0x2125, 0x2125, 0x1925, 0x1925, 0x1945, 0x1945, 0x1925, 0x1925, 0x1945, 0x1945, 0x1945, 0x1945, 
	0x2125, 0x2125, 0x2125, 0x2125, 0x2125, 0x2125, 0x2125, 0x2125, 0x2145, 0x2125, 0x2125, 0x2125, 0x2125, 0x2125, 0x2125, 0x2145, 
	0x1925, 0x2125, 0x2146, 0x1925, 0x1925, 0x1925, 0x1925, 0x1925, 0x2125, 0x2125, 0x2125, 0x2125, 0x2125, 0x2125, 0x2125, 0x1925, 
	0x2125, 0x2125, 0x2125, 0x2125, 0x2125, 0x2125, 0x2125, 0x2125, 0x1925, 0x2125, 0x2125, 0x2125, 0x2126, 0x2126, 0x2126, 0x2146, 
	0x1925, 0x1925, 0x1925, 0x1925, 0x2125, 0x2125, 0x2145, 0x2145, 0x1925, 0x1925, 0x2125, 0x2125, 0x2145, 0x2145, 0x2145, 0x2145, 
	0x2145, 0x2145, 0x2145, 0x2145, 0x2145, 0x2145, 0x2145, 0x2145, 0x1925, 0x2145, 0x2145, 0x1925, 0x2145, 0x1904, 0x4a8a, 0xb5f7, 
	0xd6db, 0xc659, 0xbe18, 0xc659, 0xce9a, 0xc659, 0xc679, 0xce7a, 0xdefc, 0xb5b7, 0x2125, 0x18e4, 0x2146, 0x1925, 0x2166, 0x2125, 
	0x2145, 0x2125, 0x2145, 0x2146, 0x2146, 0x1925, 0x10c4, 0x10a3, 0x18e4, 0x1083, 0x2946, 0x4249, 0xc639, 0xdedb, 0xdefc, 0xdf1c, 
	0xdf1c, 0xdf1c, 0xdefc, 0xdefb, 0xdefb, 0xd6fb, 0xd6fb, 0xad96, 0xa555, 0xa555, 0xa555, 0xa555, 0xa575, 0xa535, 0xa555, 0xa535, 
	0xad76, 0xdefc, 0x94d3, 0x2966, 0x1905, 0x10c3, 0x1904, 0x1904, 0x2987, 0x2146, 0x2146, 0x2166, 0x2166, 0x2146, 0x2166, 0x2145, 
	0x1925, 0x1925, 0x2145, 0x10e4, 0x29a7, 0x9d35, 0xbdf8, 0x8cb3, 0x73f0, 0x7c10, 0x7bf0, 0x7c31, 0x94f4, 0xad96, 0x31c7, 0x10e4, 
	0x1904, 0x2125, 0x10a3, 0x6b8e, 0xf7df, 0xe73d, 0xbe18, 0xbdf7, 0xb5d7, 0xad96, 0xad96, 0xad96, 0xc659, 0xdefc, 0x94d3, 0x2125, 
	0x1925, 0x2145, 0x2125, 0x2166, 0x2145, 0x1925, 0x2966, 0x2145, 0x2145, 0x2145, 0x2145, 0x2146, 0x2146, 0x2145, 0x2145, 0x2145, 
	0x2145, 0x2145, 0x2145, 0x2145, 0x2145, 0x2125, 0x2125, 0x2145, 0x2145, 0x1925, 0x1925, 0x2145, 0x1925, 0x1925, 0x1925, 0x1925, 
	0x1925, 0x1925, 0x1925, 0x1925, 0x1945, 0x1945, 0x1945, 0x1945, 0x2145, 0x2145, 0x2145, 0x2146, 0x2146, 0x2146, 0x2146, 0x2146, 
	0x1925, 0x1925, 0x2125, 0x2125, 0x2125, 0x2125, 0x1925, 0x1925, 0x1945, 0x1925, 0x1925, 0x1925, 0x1945, 0x1945, 0x1945, 0x1945, 
	0x1925, 0x1925, 0x1925, 0x2125, 0x2125, 0x2125, 0x1925, 0x1925, 0x2145, 0x2125, 0x2125, 0x2125, 0x2125, 0x1925, 0x2125, 0x2145, 
	0x1925, 0x2125, 0x2146, 0x2125, 0x2125, 0x2146, 0x2125, 0x1925, 0x2125, 0x2125, 0x2125, 0x2125, 0x1925, 0x1925, 0x1925, 0x1925, 
	0x2125, 0x2125, 0x2125, 0x2125, 0x2125, 0x2125, 0x2125, 0x2125, 0x2125, 0x2125, 0x2125, 0x2125, 0x2126, 0x2126, 0x2126, 0x2146, 
	0x1925, 0x1925, 0x1925, 0x1925, 0x2125, 0x2125, 0x2145, 0x2145, 0x1925, 0x2125, 0x2125, 0x2125, 0x2145, 0x2145, 0x2145, 0x2145, 
	0x2145, 0x2145, 0x2145, 0x2145, 0x2145, 0x2145, 0x2145, 0x2145, 0x2166, 0x2166, 0x2165, 0x10a3, 0x2986, 0x94d3, 0xd6bb, 0xce9a, 
	0xbe38, 0xc638, 0xc659, 0xc659, 0xce79, 0xc659, 0xce9a, 0xce9a, 0xce9a, 0xdf1c, 0xb5b7, 0x2125, 0x1904, 0x2146, 0x1905, 0x2125, 
	0x2125, 0x2125, 0x2125, 0x18e4, 0x10a3, 0x18e4, 0x3a09, 0x632d, 0x8431, 0xad96, 0xbe18, 0xd6bb, 0xd6bb, 0xdedb, 0xe71c, 0xdf1c, 
	0xdefb, 0xdefc, 0xdefb, 0xdefb, 0xdf1c, 0xdefb, 0xd6fb, 0xad96, 0xa575, 0xa555, 0xa555, 0xa555, 0xa575, 0xa535, 0xa555, 0xa535, 
	0x9d34, 0xb5d7, 0xd6db, 0xc639, 0xa576, 0x7c10, 0x5b2d, 0x3a09, 0x2146, 0x18e4, 0x18e4, 0x2125, 0x2125, 0x2146, 0x2166, 0x2146, 
	0x2966, 0x2166, 0x1925, 0x2166, 0xa535, 0xb5f7, 0x94b3, 0x73f0, 0x7c10, 0x7c31, 0x7c10, 0x7c10, 0x8451, 0x52cb, 0x10a3, 0x1904, 
	0x1904, 0x10e4, 0x3a08, 0xef7e, 0xe75d, 0xc659, 0xbdf7, 0xb5d7, 0xb5d7, 0xad96, 0xb5d7, 0xce7a, 0xdefc, 0x94f3, 0x2125, 0x2145, 
	0x2987, 0x2146, 0x2966, 0x2166, 0x1925, 0x2166, 0x1925, 0x2145, 0x2145, 0x2145, 0x2145, 0x2146, 0x2146, 0x2146, 0x2145, 0x2145, 
	0x2145, 0x2145, 0x2145, 0x2145, 0x2145, 0x2125, 0x2125, 0x2145, 0x2125, 0x1925, 0x1925, 0x1925, 0x1925, 0x1925, 0x1925, 0x1925, 
	0x1925, 0x1925, 0x1925, 0x1925, 0x1945, 0x1945, 0x2145, 0x1945, 0x2145, 0x2145, 0x2145, 0x2146, 0x2146, 0x2146, 0x2146, 0x2146, 
	0x1925, 0x1925, 0x1925, 0x2125, 0x2125, 0x2125, 0x2125, 0x2125, 0x1925, 0x1925, 0x1925, 0x1925, 0x1945, 0x2145, 0x1945, 0x1945, 
	0x2125, 0x2125, 0x2125, 0x2125, 0x2125, 0x1925, 0x1925, 0x1925, 0x1925, 0x2125, 0x2125, 0x2125, 0x2125, 0x2125, 0x2125, 0x2125, 
	0x1925, 0x1925, 0x2125, 0x1925, 0x1925, 0x1925, 0x2125, 0x1925, 0x2145, 0x2145, 0x2125, 0x2125, 0x2125, 0x1925, 0x1925, 0x1925, 
	0x1925, 0x1925, 0x1925, 0x1925, 0x1925, 0x1925, 0x1925, 0x1925, 0x2125, 0x1925, 0x1925, 0x1925, 0x2126, 0x2126, 0x2146, 0x2126, 
	0x2125, 0x2125, 0x1925, 0x1925, 0x1925, 0x1925, 0x2125, 0x2145, 0x2125, 0x2125, 0x2145, 0x2145, 0x2145, 0x2145, 0x2145, 0x2145, 
	0x2145, 0x2145, 0x2145, 0x2146, 0x2166, 0x2145, 0x2145, 0x2166, 0x2166, 0x10e4, 0x10c3, 0x634d, 0xc639, 0xd6ba, 0xbe18, 0xbdf7, 
	0xbe18, 0xc638, 0xc638, 0xc659, 0xc659, 0xc659, 0xce7a, 0xce79, 0xce9a, 0xce7a, 0xe75d, 0x9d14, 0x18e4, 0x2145, 0x2966, 0x2125, 
	0x18c4, 0x10c3, 0x2125, 0x4a6a, 0x8c72, 0xbdd8, 0xce9b, 0xe71d, 0xe71d, 0xdefc, 0xdefc, 0xdefc, 0xe71c, 0xe73c, 0xe71c, 0xe71c, 
	0xe73c, 0xdf1c, 0xdf1c, 0xd6db, 0xd6fb, 0xd6bb, 0xdf1c, 0xad96, 0xa555, 0xa575, 0xa555, 0xa555, 0xa555, 0xa555, 0xa555, 0xa555, 
	0xa534, 0xa555, 0xad96, 0xb5f7, 0xc659, 0xd6bb, 0xcebb, 0xc67a, 0xad96, 0x8472, 0x5b0d, 0x31e8, 0x18e4, 0x18e4, 0x2145, 0x2145, 
	0x2145, 0x2145, 0x2166, 0x9d14, 0xbe18, 0x9d14, 0x7c10, 0x8451, 0x7c10, 0x8451, 0x8451, 0x7c10, 0x8431, 0x1925, 0x1904, 0x18e4, 
	0x2125, 0x0062, 0xad96, 0xf7df, 0xce7a, 0xad96, 0xbdf7, 0xb5b7, 0xad96, 0xb5b7, 0xce79, 0xd6bb, 0xa535, 0x2145, 0x2986, 0x2145, 
	0x2125, 0x2166, 0x2125, 0x2146, 0x2145, 0x1925, 0x2146, 0x2145, 0x1925, 0x2145, 0x1945, 0x2166, 0x2145, 0x2166, 0x2145, 0x2166, 
	0x2166, 0x2146, 0x2145, 0x1925, 0x2145, 0x2146, 0x2145, 0x2125, 0x2145, 0x1925, 0x1925, 0x1925, 0x1925, 0x1925, 0x1925, 0x1925, 
	0x1925, 0x1925, 0x1925, 0x1925, 0x1925, 0x2145, 0x2145, 0x2145, 0x2145, 0x2145, 0x2125, 0x2125, 0x1925, 0x1925, 0x1925, 0x1925, 
	0x1925, 0x1925, 0x1925, 0x2125, 0x2125, 0x2125, 0x2146, 0x2146, 0x1925, 0x1945, 0x1945, 0x1945, 0x1945, 0x1945, 0x1945, 0x1945, 
	0x2125, 0x2125, 0x2125, 0x2125, 0x1925, 0x1925, 0x1925, 0x1925, 0x1925, 0x2125, 0x2125, 0x2125, 0x2125, 0x2125, 0x2125, 0x2125, 
	0x1925, 0x1925, 0x1925, 0x1925, 0x1925, 0x2125, 0x2125, 0x1925, 0x2125, 0x2125, 0x2125, 0x1925, 0x1925, 0x1925, 0x1925, 0x1925, 
	0x1925, 0x1925, 0x1925, 0x1925, 0x1925, 0x1925, 0x1925, 0x1925, 0x2125, 0x1925, 0x1925, 0x1925, 0x1925, 0x2126, 0x2126, 0x1925, 
	0x2125, 0x2125, 0x1925, 0x1925, 0x1925, 0x1925, 0x2125, 0x2125, 0x2125, 0x2125, 0x2145, 0x2145, 0x2145, 0x2145, 0x2145, 0x2145, 
	0x2146, 0x2166, 0x2146, 0x2145, 0x2146, 0x2146, 0x2146, 0x2166, 0x10e4, 0x2986, 0x8cb2, 0xd6db, 0xc638, 0xb5d7, 0xbe18, 0xc618, 
	0xbe18, 0xc638, 0xc638, 0xc659, 0xce79, 0xce79, 0xce7a, 0xce79, 0xce79, 0xd6ba, 0xc659, 0xe73d, 0x94b3, 0x0882, 0x0882, 0x18e4, 
	0x52ab, 0x8c72, 0xc639, 0xdefc, 0xd6db, 0xd6db, 0xdefc, 0xdefc, 0xdf1c, 0xdf1c, 0xe73c, 0xe75d, 0xe75d, 0xe73c, 0xe73c, 0xe73c, 
	0xdf1c, 0xdf1c, 0xdefc, 0xdefb, 0xdf1c, 0xd6bb, 0xd6db, 0xadb7, 0x9d35, 0xa575, 0xa555, 0xa555, 0xad76, 0xa555, 0xa535, 0xa575, 
	0xa555, 0x9d14, 0x9cf4, 0x9d14, 0x9d14, 0x9cf4, 0xa555, 0xb5d7, 0xc639, 0xce7a, 0xce9a, 0xc639, 0x94f4, 0x632d, 0x31a7, 0x1904, 
	0x1925, 0x1925, 0x94d3, 0xc639, 0xad76, 0x8431, 0x8451, 0x8472, 0x8451, 0x8451, 0x8451, 0x8452, 0x636e, 0x10e4, 0x1905, 0x2145, 
	0x08a3, 0x5b2d, 0xf7bf, 0xdefb, 0xb5d7, 0xb5b7, 0xb5b7, 0xb5d7, 0xb5d7, 0xb5d7, 0xce9a, 0x94d3, 0x2125, 0x2145, 0x2166, 0x2166, 
	0x2145, 0x2166, 0x2145, 0x2146, 0x2146, 0x2145, 0x2166, 0x1925, 0x1925, 0x2145, 0x2146, 0x2146, 0x2145, 0x1925, 0x2186, 0x1925, 
	0x1925, 0x1925, 0x2166, 0x2145, 0x2146, 0x2146, 0x1925, 0x2145, 0x2145, 0x2125, 0x1925, 0x2125, 0x2125, 0x1925, 0x1925, 0x1925, 
	0x1925, 0x1925, 0x1925, 0x1925, 0x1925, 0x1925, 0x1925, 0x1925, 0x1925, 0x1925, 0x2125, 0x2125, 0x2125, 0x2125, 0x2125, 0x2146, 
	0x1925, 0x1925, 0x1925, 0x2125, 0x2125, 0x2125, 0x2125, 0x2125, 0x1945, 0x1945, 0x1945, 0x1945, 0x1945, 0x1945, 0x1945, 0x1945, 
	0x2125, 0x2125, 0x2125, 0x1925, 0x1925, 0x1925, 0x1925, 0x1925, 0x1925, 0x1925, 0x2125, 0x2125, 0x2125, 0x2125, 0x1925, 0x1925, 
	0x1925, 0x1925, 0x1925, 0x1925, 0x1925, 0x2125, 0x2125, 0x1925, 0x1925, 0x1925, 0x1925, 0x1925, 0x1925, 0x1925, 0x1925, 0x1925, 
	0x2125, 0x2125, 0x2125, 0x2125, 0x2125, 0x2125, 0x2125, 0x2125, 0x2146, 0x2146, 0x2125, 0x2125, 0x2125, 0x2125, 0x2125, 0x2125, 
	0x2125, 0x2125, 0x2125, 0x2125, 0x1925, 0x1925, 0x1925, 0x1925, 0x2125, 0x2125, 0x2125, 0x2145, 0x2145, 0x2145, 0x2145, 0x2145, 
	0x2145, 0x2146, 0x2146, 0x2145, 0x2145, 0x2166, 0x2146, 0x1925, 0x3a09, 0xbe18, 0xceba, 0xbdf7, 0xbdf7, 0xc638, 0xb5d7, 0xbdf7, 
	0xbe18, 0xbe18, 0xc618, 0xc639, 0xc659, 0xc659, 0xce79, 0xce79, 0xce9a, 0xce9a, 0xd6bb, 0xce9a, 0xdf1c, 0x9cf3, 0x634d, 0xb5d7, 
	0xdefc, 0xdf1c, 0xdefc, 0xdefc, 0xe73d, 0xef7e, 0xef7e, 0xe73d, 0xe75d, 0xe75d, 0xe75d, 0xe73d, 0xe71c, 0xdf1c, 0xdf1c, 0xe73c, 
	0xdf1c, 0xdf1c, 0xdf1c, 0xdefc, 0xdf1c, 0xdefc, 0xdefc, 0xadb6, 0xad96, 0xad96, 0xad96, 0xa576, 0xa575, 0xad76, 0xa555, 0x9d14, 
	0xa534, 0xa534, 0x9d34, 0x9d14, 0x9d14, 0x94d3, 0x94b3, 0x8c92, 0x8cb2, 0xa535, 0xad96, 0xb5d7, 0xc659, 0xd6fb, 0xc638, 0x94d3, 
	0x426a, 0x8c92, 0xc659, 0xb5b7, 0x94b3, 0x8471, 0x8c92, 0x8c72, 0x8c72, 0x8451, 0x8451, 0x8cb3, 0x4a6a, 0x10c3, 0x2125, 0x2145, 
	0x1904, 0xb5b7, 0xef9e, 0xbe18, 0xbdf8, 0xbdf8, 0xb5b7, 0xb5b7, 0xad96, 0xd6bb, 0x9d34, 0x18e4, 0x2145, 0x2166, 0x2145, 0x2986, 
	0x2146, 0x2166, 0x2145, 0x2146, 0x2146, 0x2145, 0x2166, 0x1925, 0x2145, 0x2145, 0x1925, 0x2145, 0x2186, 0x2166, 0x1905, 0x2146, 
	0x2166, 0x2146, 0x2146, 0x1925, 0x2145, 0x2146, 0x2125, 0x2146, 0x2145, 0x2125, 0x2125, 0x2145, 0x2145, 0x2125, 0x2125, 0x2125, 
	0x1925, 0x1925, 0x1925, 0x1925, 0x1925, 0x1925, 0x1925, 0x1925, 0x1925, 0x2125, 0x2125, 0x2146, 0x2146, 0x2146, 0x2146, 0x2146, 
	0x2125, 0x2125, 0x2125, 0x2125, 0x2125, 0x2125, 0x2125, 0x2125, 0x1945, 0x1945, 0x1945, 0x1945, 0x1945, 0x1945, 0x1945, 0x1925, 
	0x2125, 0x2125, 0x2125, 0x1925, 0x1925, 0x1925, 0x1925, 0x1925, 0x1925, 0x2125, 0x2125, 0x2146, 0x2125, 0x1925, 0x1925, 0x1925, 
	0x1925, 0x1925, 0x1925, 0x1925, 0x1925, 0x2125, 0x2125, 0x1925, 0x1925, 0x1925, 0x1925, 0x1925, 0x1925, 0x2125, 0x2125, 0x2125, 
	0x2125, 0x2125, 0x2125, 0x2125, 0x2125, 0x2125, 0x2125, 0x2125, 0x2146, 0x2146, 0x2125, 0x2125, 0x2146, 0x2146, 0x2146, 0x2125, 
	0x2125, 0x2125, 0x2125, 0x2125, 0x2125, 0x2125, 0x1925, 0x1925, 0x2125, 0x2125, 0x2125, 0x2145, 0x2145, 0x2145, 0x2145, 0x2145, 
	0x2145, 0x2145, 0x2146, 0x2145, 0x2125, 0x2146, 0x2125, 0x10e4, 0x8451, 0xcebb, 0xb5d7, 0xc638, 0xb5d7, 0xb5d7, 0xc618, 0xbdf7, 
	0xbe18, 0xc618, 0xc618, 0xc638, 0xc639, 0xc659, 0xce79, 0xce79, 0xce9a, 0xce79, 0xd6db, 0xce9a, 0xce7a, 0xd6db, 0xdefc, 0xd6db, 
	0xdefc, 0xe73d, 0xe73d, 0xe75d, 0xe75d, 0xe73d, 0xdf1c, 0xef7d, 0xe73d, 0xe73d, 0xe73c, 0xdf1c, 0xe73d, 0xef7d, 0xef9e, 0xef7e, 
	0xf7bf, 0xe75d, 0xe75d, 0xdf1c, 0xd6db, 0xd6db, 0xd6db, 0xad96, 0xa555, 0xa575, 0xad96, 0xadb6, 0xadb7, 0xb5b7, 0xb5b7, 0xad96, 
	0xa555, 0x9d34, 0x94f3, 0x94f3, 0x94f3, 0x9cf4, 0x9cf4, 0x9cf4, 0x9cf4, 0x94d3, 0x94d3, 0x9cf3, 0x9d34, 0xad96, 0xbe38, 0xce9a, 
	0xd6db, 0xc679, 0xbdf8, 0x94d3, 0x8c72, 0x94d3, 0x8c92, 0x8c72, 0x8c72, 0x8c72, 0x8451, 0x8c72, 0x31a7, 0x1904, 0x2146, 0x10e4, 
	0x4229, 0xef9e, 0xe73d, 0xc638, 0xbdf8, 0xb5b7, 0xbdf7, 0xb5b7, 0xad96, 0xce79, 0xa535, 0x18e4, 0x2125, 0x2145, 0x2145, 0x2166, 
	0x2145, 0x2166, 0x2145, 0x2146, 0x2166, 0x2145, 0x2146, 0x1945, 0x2145, 0x2145, 0x2166, 0x1945, 0x1925, 0x2145, 0x2146, 0x2166, 
	0x1904, 0x2166, 0x1925, 0x2145, 0x2125, 0x2125, 0x2125, 0x2166, 0x2145, 0x2145, 0x2145, 0x2145, 0x2145, 0x2125, 0x2125, 0x2125, 
	0x2125, 0x2125, 0x2125, 0x2125, 0x2125, 0x2125, 0x2125, 0x2125, 0x2145, 0x2146, 0x2146, 0x2146, 0x2146, 0x2125, 0x2125, 0x2125, 
	0x2125, 0x2125, 0x2125, 0x2125, 0x2125, 0x2125, 0x1925, 0x1925, 0x1945, 0x1945, 0x1945, 0x1945, 0x1945, 0x1925, 0x1925, 0x1925, 
	0x1945, 0x1945, 0x1945, 0x1925, 0x1925, 0x1925, 0x1945, 0x2145, 0x2125, 0x2125, 0x2146, 0x2125, 0x2125, 0x1925, 0x1925, 0x1925, 
	0x1925, 0x2125, 0x1925, 0x1925, 0x1925, 0x2125, 0x2125, 0x1925, 0x1925, 0x1925, 0x1925, 0x1925, 0x2125, 0x2125, 0x2125, 0x2125, 
	0x2125, 0x2125, 0x2125, 0x2125, 0x2125, 0x2125, 0x2125, 0x2125, 0x2125, 0x1925, 0x1925, 0x1925, 0x1925, 0x2125, 0x2125, 0x1925, 
	0x1925, 0x1925, 0x2125, 0x2125, 0x2125, 0x2125, 0x2125, 0x2125, 0x2125, 0x2125, 0x2125, 0x2145, 0x2145, 0x2145, 0x2145, 0x2145, 
	0x2145, 0x1925, 0x2145, 0x2146, 0x2145, 0x2145, 0x1925, 0x18e4, 0x4aab, 0xce9a, 0xbe18, 0xbdf7, 0xbdd7, 0xbdf8, 0xbdf7, 0xbdf7, 
	0xbe18, 0xc618, 0xc618, 0xc638, 0xc639, 0xc659, 0xce79, 0xce79, 0xce79, 0xd6bb, 0xce9a, 0xce9a, 0xd6db, 0xd6db, 0xdefc, 0xe73d, 
	0xe73d, 0xe73d, 0xe73d, 0xe73d, 0xe73d, 0xe75d, 0xe75d, 0xe75d, 0xef9e, 0xef9e, 0xef9e, 0xef7e, 0xdf1c, 0xc659, 0xa575, 0x94b3, 
	0x73cf, 0x5b2d, 0x52ab, 0x4249, 0x3a08, 0x31c7, 0x3a08, 0x31c7, 0x31c7, 0x3a08, 0x31e8, 0x3a08, 0x4a6a, 0x4a8a, 0x52cb, 0x6b8e, 
	0x8431, 0x8c92, 0x9d14, 0xa555, 0xa535, 0x9d14, 0x9cf4, 0x9cf4, 0x94d3, 0x9d35, 0x9d14, 0x94f3, 0x9d14, 0x94d3, 0x94b2, 0xa555, 
	0xadb6, 0xb5d7, 0x94f3, 0x8cb2, 0x94d3, 0x8c71, 0x94b3, 0x8c72, 0x8c52, 0x8c72, 0x8c72, 0x7c11, 0x2145, 0x2125, 0x2145, 0x10a3, 
	0x7c10, 0xffff, 0xd6bb, 0xbe18, 0xbe18, 0xbe18, 0xbdf8, 0xb5b7, 0xb5b7, 0xbdf7, 0xc67a, 0x31c7, 0x18e4, 0x1925, 0x1925, 0x1925, 
	0x1945, 0x2145, 0x2145, 0x2145, 0x2145, 0x2145, 0x2166, 0x2145, 0x2166, 0x1925, 0x2166, 0x2166, 0x1945, 0x1925, 0x2186, 0x10c3, 
	0x426a, 0x424a, 0x10e4, 0x2166, 0x2146, 0x2145, 0x2145, 0x2146, 0x2145, 0x2145, 0x2145, 0x2145, 0x2145, 0x2125, 0x2125, 0x2125, 
	0x2125, 0x1925, 0x1925, 0x2125, 0x2125, 0x2125, 0x2125, 0x2125, 0x2145, 0x2146, 0x2146, 0x2146, 0x2125, 0x2125, 0x2125, 0x1925, 
	0x2125, 0x2125, 0x2125, 0x2125, 0x2125, 0x1925, 0x1925, 0x1925, 0x2146, 0x1945, 0x1945, 0x1945, 0x1925, 0x1925, 0x1925, 0x1925, 
	0x1945, 0x1945, 0x1945, 0x1925, 0x1925, 0x1945, 0x1945, 0x1945, 0x2125, 0x2125, 0x2125, 0x2125, 0x1925, 0x1925, 0x1925, 0x1925, 
	0x1925, 0x2125, 0x2125, 0x1925, 0x1925, 0x2125, 0x2125, 0x1925, 0x1925, 0x1925, 0x1925, 0x1925, 0x1925, 0x1925, 0x2125, 0x2125, 
	0x2125, 0x2125, 0x2125, 0x2125, 0x2125, 0x2125, 0x2125, 0x2125, 0x2125, 0x1925, 0x1925, 0x1925, 0x2125, 0x2125, 0x2125, 0x2125, 
	0x1925, 0x1925, 0x2125, 0x2125, 0x2125, 0x2125, 0x2125, 0x2125, 0x2125, 0x2125, 0x2125, 0x2145, 0x2145, 0x2145, 0x2145, 0x2145, 
	0x2145, 0x1925, 0x1925, 0x2145, 0x2145, 0x2145, 0x2145, 0x2125, 0x2166, 0xbe18, 0xce79, 0xbdf7, 0xbdd7, 0xb5d7, 0xbdf7, 0xc618, 
	0xbdf7, 0xc618, 0xc618, 0xc639, 0xc639, 0xc659, 0xce79, 0xce79, 0xce9a, 0xc659, 0xd6bb, 0xd6db, 0xdefb, 0xd6fb, 0xdf1c, 0xe73d, 
	0xe75d, 0xdf1c, 0xe73d, 0xe75d, 0xe75d, 0xef9e, 0xf7bf, 0xe75d, 0xce79, 0xa535, 0x73cf, 0x52cb, 0x3a09, 0x31a7, 0x29a7, 0x31c7, 
	0x3a08, 0x426a, 0x4a8b, 0x52cb, 0x634d, 0x5b2d, 0x5b2d, 0x6b8e, 0x6b8e, 0x634d, 0x634d, 0x5b2d, 0x4a8a, 0x4a6a, 0x426a, 0x39e8, 
	0x29a7, 0x29a6, 0x31c7, 0x4249, 0x634d, 0x8451, 0x9d14, 0xa555, 0xa555, 0x9d14, 0x9d14, 0x9d14, 0x9cf3, 0x9d14, 0x9d34, 0x94d3, 
	0x94f3, 0x94d3, 0x8c72, 0x94f3, 0x8c92, 0x8c92, 0x94b3, 0x8c72, 0x8c72, 0x8c92, 0x8c92, 0x73af, 0x2125, 0x2125, 0x1925, 0x10e4, 
	0x9d35, 0xf7df, 0xce9a, 0xbe18, 0xc639, 0xbdf8, 0xbdf8, 0xbe18, 0xad96, 0xb5d7, 0xd6db, 0x5b2d, 0x0882, 0x1925, 0x1925, 0x2146, 
	0x1945, 0x2145, 0x2165, 0x2165, 0x2165, 0x2165, 0x2165, 0x2165, 0x1945, 0x2186, 0x2165, 0x1925, 0x2145, 0x2166, 0x10e3, 0x29a7, 
	0x9514, 0x73f0, 0x10e4, 0x2145, 0x2145, 0x2146, 0x2145, 0x2145, 0x2145, 0x2145, 0x2145, 0x2145, 0x2145, 0x2125, 0x2125, 0x2125, 
	0x2125, 0x2125, 0x2125, 0x2125, 0x2125, 0x2125, 0x2145, 0x2145, 0x2145, 0x2125, 0x2125, 0x2125, 0x2146, 0x2125, 0x2125, 0x2125, 
	0x2125, 0x2125, 0x2125, 0x2125, 0x2125, 0x1925, 0x1925, 0x1925, 0x1945, 0x1945, 0x1945, 0x1925, 0x1925, 0x1925, 0x1945, 0x1945, 
	0x1945, 0x1945, 0x1925, 0x1925, 0x1925, 0x1925, 0x1945, 0x1945, 0x1925, 0x2145, 0x1925, 0x1925, 0x1925, 0x1925, 0x1925, 0x2125, 
	0x1925, 0x2125, 0x2146, 0x1925, 0x1925, 0x1925, 0x1925, 0x1925, 0x1925, 0x1925, 0x1925, 0x1925, 0x2125, 0x2125, 0x2125, 0x2125, 
	0x2125, 0x2125, 0x2125, 0x2125, 0x2125, 0x2125, 0x2125, 0x2125, 0x2145, 0x2145, 0x2125, 0x2125, 0x2146, 0x2146, 0x2146, 0x2125, 
	0x2125, 0x2125, 0x2125, 0x2125, 0x2125, 0x2125, 0x2125, 0x2125, 0x2125, 0x2125, 0x2125, 0x2145, 0x2145, 0x2145, 0x2145, 0x2145, 
	0x2125, 0x2125, 0x1925, 0x2125, 0x2145, 0x2145, 0x2145, 0x2145, 0x10a3, 0x94b3, 0xd6bb, 0xbdf7, 0xbdf7, 0xb5d7, 0xc618, 0xbdd7, 
	0xbdf7, 0xbe18, 0xc618, 0xc639, 0xc639, 0xc659, 0xce79, 0xce79, 0xce9a, 0xd6ba, 0xd6db, 0xce9a, 0xd6db, 0xdf1c, 0xe73c, 0xdf1c, 
	0xe75d, 0xe75d, 0xefbe, 0xf7bf, 0xdefc, 0xad76, 0x6b8e, 0x4209, 0x3187, 0x31c7, 0x4229, 0x52ec, 0x6b8e, 0x7bf0, 0x8451, 0x8c72, 
	0x8cb3, 0x9cf4, 0x9d14, 0x94d4, 0x9d14, 0x9d14, 0x94f4, 0x9d14, 0x94f4, 0xa555, 0x9d14, 0x94d3, 0x9d14, 0x9cf4, 0x8c92, 0x8c93, 
	0x8472, 0x7c10, 0x6b8e, 0x5b0c, 0x4249, 0x29a7, 0x31c8, 0x424a, 0x6b8f, 0x94b3, 0xa535, 0x9d14, 0x9d34, 0x94f3, 0x8cb2, 0x94f3, 
	0x94d3, 0x8cb2, 0x94f3, 0x94b3, 0x8c92, 0x94b3, 0x8c92, 0x8c92, 0x8c72, 0x94b3, 0x94d3, 0x634e, 0x1905, 0x2145, 0x1925, 0x2125, 
	0xbe18, 0xf7ff, 0xce7a, 0xbe18, 0xc639, 0xbe18, 0xbe18, 0xb5d7, 0xbdf8, 0xad96, 0xce9a, 0x94d3, 0x10c3, 0x1925, 0x1925, 0x1925, 
	0x2145, 0x2145, 0x2165, 0x2165, 0x2165, 0x2165, 0x2165, 0x2165, 0x2186, 0x2186, 0x1924, 0x2145, 0x2145, 0x1904, 0x2166, 0x8c92, 
	0xad96, 0x8c92, 0x2145, 0x1925, 0x1925, 0x2145, 0x2145, 0x2145, 0x2145, 0x2145, 0x2145, 0x2145, 0x2145, 0x2125, 0x2125, 0x2125, 
	0x2145, 0x2145, 0x2145, 0x2145, 0x2145, 0x2145, 0x2145, 0x2145, 0x2125, 0x2125, 0x2125, 0x2125, 0x2146, 0x2146, 0x2125, 0x2125, 
	0x2125, 0x2125, 0x2125, 0x2125, 0x2125, 0x2125, 0x2125, 0x2125, 0x1945, 0x1945, 0x1925, 0x1925, 0x1925, 0x1925, 0x1945, 0x1945, 
	0x1945, 0x1925, 0x1925, 0x1925, 0x1925, 0x1925, 0x1945, 0x1945, 0x1925, 0x1925, 0x1925, 0x1925, 0x1925, 0x1925, 0x2125, 0x2146, 
	0x1925, 0x2125, 0x2146, 0x2125, 0x1925, 0x1925, 0x1925, 0x2125, 0x2125, 0x2125, 0x2125, 0x2125, 0x2125, 0x2125, 0x2125, 0x2125, 
	0x2145, 0x2145, 0x2145, 0x2145, 0x2145, 0x2145, 0x2145, 0x2145, 0x2145, 0x2145, 0x2125, 0x2125, 0x2125, 0x2125, 0x2125, 0x1925, 
	0x2125, 0x2125, 0x2125, 0x2125, 0x2125, 0x2125, 0x2125, 0x2125, 0x2125, 0x2125, 0x2125, 0x2145, 0x2145, 0x2145, 0x2145, 0x2145, 
	0x1925, 0x2146, 0x2145, 0x2125, 0x2145, 0x2145, 0x2145, 0x2145, 0x10c4, 0x5aec, 0xd6bb, 0xbdf7, 0xbdd7, 0xbdf7, 0xbdf7, 0xbdf7, 
	0xbdf8, 0xc618, 0xc618, 0xc639, 0xc639, 0xc659, 0xce79, 0xce79, 0xce7a, 0xce9a, 0xd6ba, 0xd6db, 0xd6fb, 0xd6fb, 0xdefc, 0xef9e, 
	0xf7be, 0xe75d, 0xad96, 0x632d, 0x39e8, 0x2986, 0x3a08, 0x632d, 0x7bf0, 0x8451, 0x8cb3, 0x94d3, 0x94d3, 0x8cb3, 0x8c93, 0x8472, 
	0x7bf0, 0x636e, 0x634e, 0x5b2d, 0x52ec, 0x4acc, 0x4acb, 0x428b, 0x4acb, 0x4aab, 0x52ec, 0x5b2d, 0x634d, 0x636e, 0x73cf, 0x8451, 
	0x8c93, 0x94d3, 0x94f4, 0x9cf4, 0x94d4, 0x8c72, 0x73af, 0x5b0d, 0x3a08, 0x31c7, 0x4249, 0x6b8e, 0x94b3, 0xa535, 0x9d14, 0x94b3, 
	0x8cb3, 0x94d3, 0x8c92, 0x8471, 0x94b3, 0x8c92, 0x8451, 0x94d3, 0x8c92, 0x94b3, 0x9cf4, 0x632d, 0x1904, 0x2966, 0x2125, 0x2166, 
	0xce9a, 0xef7e, 0xc639, 0xc639, 0xbe18, 0xc639, 0xbdf8, 0xb5d7, 0xbdf8, 0xb5b7, 0xbe18, 0xbe19, 0x2986, 0x10c3, 0x1925, 0x1945, 
	0x2145, 0x2145, 0x2145, 0x2145, 0x2145, 0x2166, 0x2145, 0x2145, 0x1945, 0x2145, 0x2166, 0x2145, 0x1904, 0x2986, 0x8472, 0xa576, 
	0x9d35, 0x8c92, 0x2986, 0x1925, 0x1925, 0x2166, 0x2146, 0x1925, 0x2145, 0x2145, 0x2145, 0x2145, 0x2145, 0x2125, 0x2125, 0x2145, 
	0x2145, 0x2145, 0x2145, 0x2145, 0x2145, 0x2145, 0x2145, 0x2145, 0x2146, 0x2146, 0x2125, 0x2146, 0x2146, 0x2146, 0x2125, 0x1925, 
	0x2125, 0x2145, 0x2145, 0x2145, 0x2145, 0x2145, 0x2125, 0x2125, 0x1945, 0x1945, 0x1925, 0x1925, 0x1925, 0x1925, 0x1945, 0x1945, 
	0x1925, 0x1945, 0x1945, 0x1945, 0x1945, 0x1945, 0x1925, 0x1925, 0x1945, 0x1945, 0x1925, 0x1925, 0x1925, 0x1925, 0x2125, 0x2146, 
	0x1925, 0x1925, 0x1925, 0x1925, 0x1925, 0x1925, 0x1925, 0x1925, 0x2125, 0x2125, 0x2146, 0x2125, 0x2125, 0x2125, 0x2125, 0x2145, 
	0x1925, 0x1925, 0x2125, 0x2125, 0x2145, 0x2145, 0x2145, 0x2145, 0x2145, 0x2145, 0x2125, 0x2125, 0x1925, 0x2125, 0x2125, 0x2125, 
	0x2125, 0x2125, 0x2125, 0x2125, 0x2125, 0x2125, 0x2125, 0x2125, 0x2125, 0x2125, 0x2125, 0x2145, 0x2145, 0x2145, 0x2145, 0x2145, 
	0x2145, 0x2145, 0x2145, 0x2145, 0x2146, 0x2145, 0x2145, 0x2125, 0x2145, 0x2986, 0xc639, 0xc638, 0xbdf7, 0xbdf8, 0xbdf7, 0xbdf7, 
	0xbdf7, 0xc618, 0xc638, 0xbe18, 0xc638, 0xce79, 0xc659, 0xce9a, 0xce9a, 0xce9a, 0xce9a, 0xce79, 0xd6bb, 0xf7be, 0xef7d, 0xbe18, 
	0x7bef, 0x39e7, 0x2965, 0x4a8a, 0x6b8e, 0x8431, 0x94b3, 0x9cf4, 0x8c93, 0x8452, 0x73f0, 0x634e, 0x52cb, 0x4249, 0x29a7, 0x2146, 
	0x2166, 0x1925, 0x10c4, 0x1905, 0x10e5, 0x1125, 0x0905, 0x1125, 0x1125, 0x08c4, 0x1105, 0x08e4, 0x08c3, 0x10e4, 0x2105, 0x2125, 
	0x31a7, 0x426a, 0x5b0d, 0x6b8e, 0x7c31, 0x94d4, 0xa535, 0xa535, 0x9d14, 0x8451, 0x632d, 0x3a29, 0x31a7, 0x426a, 0x73ef, 0x94f4, 
	0x94f4, 0x8cb3, 0x8451, 0x8c92, 0x8c92, 0x8c92, 0x94d3, 0x8c72, 0x8c92, 0x8c92, 0x9d14, 0x5acc, 0x1905, 0x2146, 0x1904, 0x29a7, 
	0xd6db, 0xe75d, 0xc659, 0xbe18, 0xbe18, 0xc639, 0xbdf7, 0xbdf8, 0xb5d7, 0xb5b7, 0xbdf8, 0xd6db, 0x5b0c, 0x10e4, 0x2145, 0x1945, 
	0x1925, 0x2146, 0x1925, 0x2146, 0x2166, 0x2145, 0x2166, 0x1925, 0x2166, 0x2145, 0x2166, 0x2145, 0x2986, 0x8c92, 0x9d14, 0x8c92, 
	0x9d34, 0x8cb3, 0x29a7, 0x1904, 0x1925, 0x1925, 0x2145, 0x2146, 0x2145, 0x2145, 0x2145, 0x2145, 0x2145, 0x2125, 0x2125, 0x2145, 
	0x2145, 0x2145, 0x2145, 0x2125, 0x2125, 0x2125, 0x2125, 0x2125, 0x2125, 0x2125, 0x2125, 0x2125, 0x2125, 0x2146, 0x2125, 0x2125, 
	0x2145, 0x1945, 0x1945, 0x1925, 0x1925, 0x1925, 0x1945, 0x2146, 0x1925, 0x1945, 0x1945, 0x1925, 0x1925, 0x1925, 0x1945, 0x2146, 
	0x1925, 0x1925, 0x1925, 0x1945, 0x1925, 0x1925, 0x1925, 0x1925, 0x1925, 0x1925, 0x1925, 0x1925, 0x1925, 0x1925, 0x1925, 0x2125, 
	0x1925, 0x1925, 0x1925, 0x1925, 0x1925, 0x1925, 0x1925, 0x1925, 0x1925, 0x1925, 0x2125, 0x1925, 0x1925, 0x1925, 0x1925, 0x2125, 
	0x1925, 0x1925, 0x1925, 0x1925, 0x1925, 0x1925, 0x1925, 0x1925, 0x2145, 0x2145, 0x2125, 0x2125, 0x2125, 0x2125, 0x2125, 0x2125, 
	0x2125, 0x2125, 0x2125, 0x2125, 0x2125, 0x2125, 0x2125, 0x2125, 0x2125, 0x2125, 0x2125, 0x2145, 0x2145, 0x2145, 0x1945, 0x1945, 
	0x1925, 0x1925, 0x1925, 0x2125, 0x2145, 0x2145, 0x2146, 0x2145, 0x2146, 0x1905, 0xad76, 0xd6ba, 0xb5d7, 0xbdf7, 0xbdf7, 0xc638, 
	0xbe17, 0xbe18, 0xbdf7, 0xc638, 0xc659, 0xc659, 0xc659, 0xce79, 0xc679, 0xce9a, 0xd6db, 0xe73d, 0xdefb, 0x94d3, 0x4a49, 0x2145, 
	0x39e7, 0x6b6d, 0x8c92, 0x94b3, 0x94d3, 0x94d3, 0x7bf0, 0x5b0c, 0x3a29, 0x29a7, 0x1925, 0x1104, 0x1104, 0x1904, 0x1925, 0x2145, 
	0x1925, 0x1945, 0x2166, 0x1946, 0x1946, 0x1126, 0x0926, 0x0926, 0x0905, 0x1967, 0x1146, 0x1125, 0x1125, 0x1925, 0x1905, 0x2146, 
	0x1905, 0x10e4, 0x10e4, 0x2146, 0x2986, 0x31c7, 0x4aab, 0x6b8f, 0x8c72, 0x9cf4, 0xa535, 0x94d4, 0x73cf, 0x4a8a, 0x31c7, 0x29a7, 
	0x5b0c, 0x8c92, 0x94d3, 0x8471, 0x8451, 0x8471, 0x8c92, 0x8cb2, 0x94b3, 0x8c72, 0x9cf4, 0x5aec, 0x18e4, 0x2125, 0x2125, 0x31e8, 
	0xdefc, 0xdf3c, 0xc659, 0xc638, 0xc638, 0xbe18, 0xbdf8, 0xbdf8, 0xbdf8, 0xb5d7, 0xb5b7, 0xce9a, 0x94d4, 0x08a3, 0x2166, 0x2166, 
	0x2146, 0x1925, 0x2146, 0x2146, 0x1925, 0x2145, 0x2145, 0x2145, 0x2125, 0x1925, 0x10e4, 0x2166, 0x8472, 0x94f4, 0x8451, 0x634d, 
	0x94f4, 0x94f3, 0x29a7, 0x1925, 0x1925, 0x1925, 0x1925, 0x2125, 0x2125, 0x2125, 0x2125, 0x2125, 0x2125, 0x1925, 0x2125, 0x2125, 
	0x2125, 0x2125, 0x2146, 0x2146, 0x2146, 0x2125, 0x2125, 0x2125, 0x2125, 0x2125, 0x1925, 0x2125, 0x2125, 0x2125, 0x2125, 0x2125, 
	0x1945, 0x1945, 0x1945, 0x1925, 0x1925, 0x1925, 0x1945, 0x1945, 0x1925, 0x1925, 0x1945, 0x1925, 0x1925, 0x1925, 0x1925, 0x1945, 
	0x1925, 0x1925, 0x1925, 0x1925, 0x1925, 0x1925, 0x1925, 0x1925, 0x1925, 0x1925, 0x1925, 0x1925, 0x1925, 0x1925, 0x1925, 0x1925, 
	0x1925, 0x1925, 0x1925, 0x1925, 0x1925, 0x1925, 0x1925, 0x1925, 0x1925, 0x1925, 0x1925, 0x1925, 0x1925, 0x1925, 0x1925, 0x1925, 
	0x1925, 0x1925, 0x1925, 0x1925, 0x1925, 0x1925, 0x1925, 0x1925, 0x2125, 0x2125, 0x2125, 0x2125, 0x2125, 0x1925, 0x1925, 0x2125, 
	0x2125, 0x2125, 0x2125, 0x2125, 0x2125, 0x2125, 0x2125, 0x2125, 0x1925, 0x1925, 0x1925, 0x2145, 0x1945, 0x1945, 0x1945, 0x1945, 
	0x2145, 0x2145, 0x2145, 0x2145, 0x2145, 0x2145, 0x2145, 0x2145, 0x2146, 0x1925, 0x73af, 0xd6db, 0xc638, 0xbe18, 0xbdf7, 0xbdf7, 
	0xbe18, 0xc618, 0xc638, 0xc638, 0xbe18, 0xc639, 0xce79, 0xc659, 0xceba, 0xd6db, 0xce9a, 0x94b3, 0x4229, 0x2966, 0x4aaa, 0x7c10, 
	0x8cb3, 0x8cb3, 0x94b3, 0x7c11, 0x5aec, 0x3a08, 0x2166, 0x1924, 0x2145, 0x1945, 0x1945, 0x1965, 0x2165, 0x2145, 0x2125, 0x2145, 
	0x2186, 0x1966, 0x1967, 0x1125, 0x1146, 0x19c8, 0x2209, 0x2a0a, 0x21c9, 0x08e5, 0x1106, 0x1126, 0x1146, 0x1125, 0x2166, 0x1945, 
	0x2166, 0x2166, 0x2145, 0x2166, 0x2166, 0x2146, 0x2145, 0x2125, 0x29a7, 0x422a, 0x6b6f, 0x8c93, 0x9d15, 0x9d15, 0x8472, 0x634e, 
	0x31e8, 0x2166, 0x52cb, 0x8472, 0x8cd3, 0x8472, 0x8471, 0x8c92, 0x8c92, 0x8c72, 0x9d14, 0x5aec, 0x1904, 0x2146, 0x18e4, 0x3a08, 
	0xe73d, 0xdf3c, 0xc638, 0xbe18, 0xc638, 0xbdf7, 0xbe18, 0xbdf7, 0xbdf8, 0xb5b7, 0xb5d7, 0xbe18, 0xbe18, 0x2166, 0x2145, 0x1905, 
	0x2145, 0x2125, 0x2145, 0x1925, 0x2125, 0x2125, 0x1904, 0x1925, 0x1904, 0x1925, 0x2166, 0x8472, 0x9d14, 0x7c10, 0x5b0c, 0x636e, 
	0x9d14, 0x94f4, 0x2166, 0x1904, 0x2145, 0x2145, 0x1925, 0x2125, 0x1925, 0x2125, 0x2125, 0x2125, 0x2125, 0x1925, 0x1925, 0x1925, 
	0x1925, 0x1925, 0x2125, 0x2146, 0x2146, 0x2146, 0x2125, 0x1925, 0x2125, 0x2125, 0x2125, 0x2125, 0x2125, 0x2125, 0x2125, 0x2125, 
	0x1945, 0x1945, 0x1945, 0x1925, 0x1925, 0x1925, 0x1925, 0x1945, 0x1925, 0x1945, 0x1945, 0x1925, 0x1925, 0x1925, 0x1925, 0x1925, 
	0x1945, 0x1945, 0x1945, 0x1925, 0x1925, 0x1925, 0x1925, 0x1925, 0x1925, 0x1925, 0x1925, 0x2125, 0x2125, 0x1925, 0x1925, 0x1925, 
	0x1925, 0x1925, 0x1925, 0x1925, 0x1925, 0x1925, 0x1925, 0x1925, 0x1925, 0x1925, 0x1925, 0x1925, 0x1925, 0x1925, 0x1925, 0x1925, 
	0x1925, 0x1925, 0x2125, 0x2125, 0x2145, 0x2145, 0x2145, 0x2145, 0x1925, 0x1925, 0x1925, 0x2125, 0x2125, 0x1925, 0x1925, 0x1925, 
	0x2145, 0x2145, 0x2145, 0x2145, 0x2145, 0x2125, 0x2125, 0x2125, 0x1925, 0x1925, 0x1925, 0x1925, 0x1945, 0x1945, 0x1945, 0x1945, 
	0x1925, 0x2145, 0x1925, 0x2145, 0x2145, 0x2145, 0x2146, 0x2166, 0x2166, 0x1925, 0x4269, 0xce9a, 0xc638, 0xbdf7, 0xbe18, 0xc618, 
	0xbe18, 0xbdf8, 0xbdf8, 0xc638, 0xc659, 0xc659, 0xce79, 0xd6bb, 0xd6bb, 0x8c92, 0x39e8, 0x2145, 0x52ab, 0x7c10, 0x8472, 0x94d3, 
	0x8452, 0x5b2d, 0x31e8, 0x1904, 0x10c3, 0x10e4, 0x1945, 0x21a6, 0x1945, 0x1965, 0x1965, 0x1945, 0x1945, 0x1945, 0x2145, 0x2145, 
	0x1926, 0x1966, 0x1146, 0x1167, 0x4b6f, 0x6c73, 0x74b4, 0x7cd5, 0x7474, 0x5bb1, 0x21e9, 0x00e5, 0x0905, 0x1986, 0x1945, 0x1945, 
	0x1925, 0x2146, 0x2166, 0x2146, 0x2146, 0x2166, 0x2166, 0x2166, 0x1926, 0x10e5, 0x1905, 0x2146, 0x3a09, 0x6b8f, 0x8cb4, 0x94d4, 
	0x8cb3, 0x6b8e, 0x3a08, 0x2165, 0x52cb, 0x8472, 0x8c92, 0x8472, 0x8472, 0x8c93, 0x9cf4, 0x52ec, 0x1904, 0x2145, 0x2125, 0x3a08, 
	0xdf3c, 0xe75d, 0xce79, 0xc638, 0xc638, 0xbe18, 0xbe18, 0xbdf7, 0xb5d7, 0xbdf7, 0xb5b6, 0xad76, 0xc639, 0x6baf, 0x0882, 0x10c4, 
	0x1904, 0x2145, 0x1925, 0x1925, 0x1925, 0x1925, 0x1925, 0x1904, 0x10c3, 0x1925, 0x8451, 0x94d3, 0x73f0, 0x5b0c, 0x52ec, 0x73cf, 
	0x9d35, 0x8472, 0x1904, 0x1904, 0x2145, 0x1925, 0x2125, 0x2125, 0x2125, 0x2125, 0x2145, 0x2145, 0x2125, 0x2125, 0x2125, 0x2125, 
	0x1925, 0x1925, 0x2125, 0x2125, 0x2146, 0x2146, 0x2125, 0x2125, 0x2146, 0x2125, 0x2125, 0x2125, 0x2125, 0x2125, 0x2125, 0x2125, 
	0x2145, 0x1945, 0x1945, 0x1925, 0x1925, 0x1925, 0x1945, 0x1945, 0x1925, 0x1945, 0x1945, 0x1945, 0x1945, 0x1925, 0x1925, 0x1925, 
	0x2125, 0x2125, 0x2125, 0x1925, 0x1925, 0x1925, 0x1925, 0x1925, 0x1925, 0x1925, 0x2125, 0x2125, 0x2125, 0x1925, 0x1925, 0x1925, 
	0x1925, 0x1925, 0x1925, 0x1925, 0x1925, 0x1925, 0x1925, 0x1925, 0x1925, 0x2125, 0x2125, 0x2125, 0x1925, 0x1925, 0x1925, 0x1925, 
	0x1925, 0x1925, 0x1925, 0x2125, 0x2125, 0x2125, 0x2125, 0x2125, 0x2125, 0x1925, 0x1925, 0x2125, 0x2125, 0x1925, 0x1925, 0x2145, 
	0x2145, 0x1945, 0x1945, 0x2145, 0x2145, 0x2125, 0x2125, 0x2125, 0x1925, 0x1925, 0x1925, 0x1945, 0x1945, 0x1945, 0x1945, 0x1945, 
	0x1945, 0x2145, 0x1925, 0x2145, 0x1925, 0x2145, 0x2145, 0x2146, 0x1925, 0x29a6, 0x1924, 0xad96, 0xce9a, 0xbe18, 0xc638, 0xbdf7, 
	0xbdf7, 0xc638, 0xbe18, 0xbe18, 0xbe18, 0xce9a, 0xd6db, 0xa555, 0x3a29, 0x2145, 0x4a8b, 0x8451, 0x8452, 0x8472, 0x73d0, 0x3a29, 
	0x2146, 0x10c4, 0x18e4, 0x2146, 0x2145, 0x2165, 0x2165, 0x1945, 0x2165, 0x1965, 0x1965, 0x1945, 0x1945, 0x2166, 0x2166, 0x1946, 
	0x2147, 0x1967, 0x1167, 0x6c93, 0x7d36, 0x6cb4, 0x7516, 0x6cb5, 0x6cb4, 0x6cb4, 0x6c94, 0x2a6b, 0x0105, 0x1987, 0x1966, 0x2167, 
	0x2166, 0x2146, 0x2146, 0x2146, 0x2166, 0x2166, 0x2146, 0x1926, 0x2146, 0x2146, 0x1926, 0x1925, 0x10e5, 0x08a4, 0x2187, 0x52ec, 
	0x8451, 0x94d3, 0x8472, 0x636e, 0x31c7, 0x2145, 0x5b2d, 0x8c93, 0x8472, 0x8c72, 0x9cf4, 0x5b0c, 0x2125, 0x2966, 0x18e4, 0x39e8, 
	0xd6db, 0xe75d, 0xceba, 0xc659, 0xc638, 0xbe18, 0xbe17, 0xbe18, 0xbdf7, 0xb5b7, 0xb5b6, 0xadb6, 0xad96, 0xadb7, 0x8492, 0x4aab, 
	0x29a7, 0x1904, 0x08c3, 0x1904, 0x1945, 0x1945, 0x1925, 0x10e4, 0x1925, 0x7c31, 0x94d3, 0x7c10, 0x52cb, 0x52cb, 0x5b2c, 0x73cf, 
	0x9d34, 0x6b8e, 0x10e4, 0x2145, 0x1925, 0x1905, 0x1925, 0x1925, 0x2125, 0x2125, 0x2145, 0x2145, 0x2145, 0x2125, 0x2125, 0x2145, 
	0x1925, 0x1925, 0x1925, 0x1925, 0x1945, 0x2146, 0x2146, 0x1945, 0x2146, 0x2146, 0x2146, 0x2146, 0x2146, 0x2146, 0x2146, 0x2146, 
	0x1925, 0x1925, 0x1925, 0x1925, 0x2125, 0x2125, 0x2125, 0x2125, 0x1925, 0x1925, 0x2125, 0x2125, 0x2125, 0x1925, 0x1925, 0x1925, 
	0x1925, 0x1925, 0x1925, 0x1925, 0x1925, 0x1925, 0x1925, 0x1925, 0x1925, 0x1925, 0x1925, 0x2125, 0x2125, 0x1925, 0x1925, 0x1925, 
	0x1925, 0x1925, 0x1925, 0x1925, 0x1925, 0x1925, 0x1925, 0x1925, 0x1925, 0x1925, 0x2125, 0x1925, 0x1925, 0x1925, 0x1925, 0x1925, 
	0x2145, 0x2145, 0x2145, 0x2145, 0x2145, 0x2145, 0x1925, 0x1925, 0x2145, 0x2145, 0x2145, 0x2145, 0x2145, 0x2145, 0x2145, 0x2145, 
	0x2145, 0x2145, 0x2145, 0x1945, 0x2145, 0x2145, 0x2145, 0x2145, 0x1925, 0x2145, 0x1945, 0x1945, 0x1945, 0x1945, 0x1945, 0x1945, 
	0x1945, 0x2165, 0x1925, 0x2146, 0x1925, 0x2145, 0x1925, 0x2145, 0x2145, 0x2966, 0x08a2, 0x8c71, 0xd6ba, 0xc638, 0xbdf7, 0xc638, 
	0xc638, 0xbe18, 0xc638, 0xc639, 0xd6db, 0xbe18, 0x5b0c, 0x1904, 0x4a8a, 0x73f0, 0x8cb3, 0x8c72, 0x73af, 0x39e8, 0x0883, 0x10c4, 
	0x10e4, 0x2146, 0x1925, 0x10e4, 0x1925, 0x1945, 0x1925, 0x2186, 0x1965, 0x1966, 0x1966, 0x1986, 0x1987, 0x1967, 0x1967, 0x1967, 
	0x1127, 0x0106, 0x4b6f, 0x8597, 0x6cf5, 0x6d16, 0x4bd1, 0x4bd1, 0x6494, 0x74f5, 0x6473, 0x74f5, 0x1a2a, 0x0105, 0x1147, 0x1967, 
	0x1967, 0x2187, 0x2187, 0x2167, 0x2167, 0x2167, 0x2167, 0x2146, 0x1926, 0x2167, 0x1925, 0x1104, 0x1945, 0x1945, 0x10e4, 0x08c3, 
	0x2166, 0x5b0c, 0x8c92, 0x94f4, 0x8c92, 0x52ec, 0x2145, 0x2986, 0x7c31, 0x94f4, 0x94d4, 0x4a8a, 0x18e4, 0x2966, 0x1904, 0x31c7, 
	0xe75d, 0xe75c, 0xce99, 0xc659, 0xc658, 0xc638, 0xbdf7, 0xbe18, 0xb5d7, 0xb5d7, 0xadb6, 0xa576, 0xa576, 0x9d35, 0xadb7, 0xb5d7, 
	0xa555, 0x7c11, 0x5b2d, 0x31e8, 0x10e4, 0x10c3, 0x10e4, 0x2166, 0x8452, 0x9d14, 0x8451, 0x52cb, 0x5b4d, 0x5b4d, 0x4aaa, 0x7c31, 
	0x9d35, 0x4a8a, 0x10c3, 0x1925, 0x1925, 0x1925, 0x2125, 0x1925, 0x1925, 0x2125, 0x2146, 0x2145, 0x2145, 0x2145, 0x1925, 0x1925, 
	0x1945, 0x1925, 0x1925, 0x1925, 0x1945, 0x2145, 0x2145, 0x1945, 0x2145, 0x2145, 0x2145, 0x2145, 0x2145, 0x1945, 0x2145, 0x2146, 
	0x1925, 0x1925, 0x1925, 0x1925, 0x2125, 0x2125, 0x2125, 0x2125, 0x1925, 0x1925, 0x1925, 0x1925, 0x1925, 0x1925, 0x1925, 0x1925, 
	0x1925, 0x1925, 0x1925, 0x1925, 0x1925, 0x1925, 0x1925, 0x1925, 0x1925, 0x1925, 0x2125, 0x2125, 0x2125, 0x1925, 0x1925, 0x1925, 
	0x1925, 0x1925, 0x1925, 0x1925, 0x1925, 0x1925, 0x1925, 0x1925, 0x1925, 0x1925, 0x2125, 0x1925, 0x1925, 0x1925, 0x1925, 0x1925, 
	0x2145, 0x2145, 0x2145, 0x2145, 0x1945, 0x1945, 0x1945, 0x1945, 0x2145, 0x1945, 0x1945, 0x2145, 0x2145, 0x1945, 0x1945, 0x2145, 
	0x2145, 0x2145, 0x2145, 0x2145, 0x2145, 0x2145, 0x2145, 0x2145, 0x2145, 0x2145, 0x2145, 0x2145, 0x1945, 0x1945, 0x1945, 0x1945, 
	0x1925, 0x1945, 0x1925, 0x2145, 0x1925, 0x2166, 0x2145, 0x2145, 0x1925, 0x10c3, 0x6b8e, 0xbe18, 0xbe18, 0xbe18, 0xbe18, 0xbe18, 
	0xc639, 0xbe18, 0xc67a, 0xd6db, 0x94b3, 0x2986, 0x31c7, 0x7bf0, 0x94b3, 0x94b3, 0x73d0, 0x3a08, 0x10e4, 0x10c4, 0x1904, 0x2125, 
	0x1905, 0x1925, 0x2125, 0x2125, 0x2146, 0x1925, 0x1105, 0x1125, 0x1146, 0x1146, 0x0926, 0x0926, 0x0926, 0x1168, 0x19e9, 0x224b, 
	0x32ad, 0x2acd, 0x6d16, 0x6d15, 0x7536, 0x332e, 0x0127, 0x0127, 0x0988, 0x5c73, 0x6d15, 0x7536, 0x6494, 0x3b2f, 0x226c, 0x2a6c, 
	0x19a9, 0x1147, 0x0926, 0x1147, 0x1987, 0x2188, 0x2187, 0x2187, 0x2167, 0x1926, 0x1925, 0x2145, 0x1945, 0x1925, 0x2145, 0x2165, 
	0x1924, 0x10e3, 0x2166, 0x632d, 0x8c72, 0x94d3, 0x7c11, 0x4249, 0x2146, 0x6baf, 0x4a8a, 0x1904, 0x2166, 0x2165, 0x2124, 0x6b8e, 
	0xffff, 0xe73c, 0xce9a, 0xce79, 0xce79, 0xc659, 0xbe18, 0xbe18, 0xbe17, 0xad96, 0xb5f7, 0x9cf4, 0x6baf, 0x7c10, 0x6bcf, 0x8cb3, 
	0x94f4, 0xadb7, 0xadb7, 0x9d14, 0x94d3, 0x5b0c, 0x4249, 0x8cb3, 0x9d35, 0x8472, 0x5b4d, 0x5b4d, 0x5b0c, 0x52ec, 0x5b2c, 0x94d3, 
	0x8cb3, 0x2986, 0x10e4, 0x1905, 0x1925, 0x2146, 0x2146, 0x1925, 0x1925, 0x2125, 0x2125, 0x2145, 0x2125, 0x2145, 0x1925, 0x1925, 
	0x1945, 0x1925, 0x1925, 0x1925, 0x1945, 0x2145, 0x1945, 0x1925, 0x1945, 0x2145, 0x2145, 0x2145, 0x1945, 0x1945, 0x1945, 0x1945, 
	0x1925, 0x1925, 0x1925, 0x1925, 0x2125, 0x2125, 0x2125, 0x1925, 0x1925, 0x1925, 0x1925, 0x1925, 0x1925, 0x1925, 0x1925, 0x1925, 
	0x1925, 0x2125, 0x2125, 0x2125, 0x2125, 0x1925, 0x1925, 0x1925, 0x2125, 0x2125, 0x2125, 0x2125, 0x2125, 0x2125, 0x2125, 0x2125, 
	0x1925, 0x1925, 0x1925, 0x1925, 0x1925, 0x1925, 0x1925, 0x1925, 0x1925, 0x2125, 0x2125, 0x2125, 0x1925, 0x1925, 0x1925, 0x1925, 
	0x1925, 0x1925, 0x1925, 0x1945, 0x1945, 0x1945, 0x1945, 0x1945, 0x2145, 0x1925, 0x1925, 0x1945, 0x1945, 0x1925, 0x1945, 0x2145, 
	0x2145, 0x2145, 0x2145, 0x2145, 0x2145, 0x2145, 0x2145, 0x2145, 0x2145, 0x2145, 0x2145, 0x2145, 0x2145, 0x1945, 0x1945, 0x1945, 
	0x1945, 0x2145, 0x1924, 0x1945, 0x1904, 0x1925, 0x1904, 0x1904, 0x08a2, 0x8451, 0xd6db, 0xc659, 0xb5d7, 0xb5d7, 0xc638, 0xbe18, 
	0xbe18, 0xcebb, 0xc639, 0x632d, 0x2966, 0x634d, 0x94f4, 0x94d3, 0x8c92, 0x4a8a, 0x2145, 0x1905, 0x1904, 0x2145, 0x2145, 0x10e4, 
	0x1925, 0x1905, 0x1925, 0x1905, 0x1105, 0x1105, 0x08c4, 0x00c4, 0x00c4, 0x0947, 0x220a, 0x32ee, 0x4bd1, 0x6494, 0x74f6, 0x7537, 
	0x7557, 0x7d98, 0x6d57, 0x6d56, 0x64b4, 0x0168, 0x0968, 0x0968, 0x0147, 0x330e, 0x6d36, 0x6d36, 0x7557, 0x7d78, 0x7537, 0x7517, 
	0x74f6, 0x6433, 0x4b70, 0x3acd, 0x220a, 0x1167, 0x0926, 0x1146, 0x1946, 0x1946, 0x1946, 0x1945, 0x2165, 0x1945, 0x1945, 0x2165, 
	0x2186, 0x1925, 0x1925, 0x10e4, 0x3a09, 0x7c11, 0x8c93, 0x8cb3, 0x4a8b, 0x10c4, 0x10e4, 0x2166, 0x2165, 0x1904, 0x3186, 0xdefb, 
	0xf7be, 0xd6da, 0xd6da, 0xce99, 0xc659, 0xc658, 0xbe18, 0xbdf7, 0xb5d7, 0xbe17, 0x9d13, 0x73ef, 0x73cf, 0x6bae, 0x73ef, 0x638e, 
	0x6b8e, 0x73f0, 0x8472, 0x94f3, 0x9d55, 0xad96, 0xa576, 0x9d34, 0x8472, 0x636e, 0x634d, 0x634d, 0x5b0c, 0x52ec, 0x73cf, 0x94d3, 
	0x6baf, 0x10c4, 0x1925, 0x1925, 0x1925, 0x1925, 0x1925, 0x2146, 0x1925, 0x2125, 0x2146, 0x2145, 0x2145, 0x2145, 0x1925, 0x1925, 
	0x1925, 0x1925, 0x1925, 0x1945, 0x2145, 0x2145, 0x1945, 0x1925, 0x1945, 0x1945, 0x2145, 0x1945, 0x1925, 0x1925, 0x1925, 0x1945, 
	0x1925, 0x1925, 0x1925, 0x1925, 0x2125, 0x2125, 0x1925, 0x1925, 0x2125, 0x2125, 0x2125, 0x2125, 0x1925, 0x1925, 0x1925, 0x1925, 
	0x2125, 0x2125, 0x1925, 0x1925, 0x1925, 0x1925, 0x2125, 0x2125, 0x2125, 0x2125, 0x2125, 0x2125, 0x2125, 0x2125, 0x2125, 0x2125, 
	0x2125, 0x1925, 0x1925, 0x1925, 0x1925, 0x1925, 0x1925, 0x1925, 0x1925, 0x2145, 0x2145, 0x1925, 0x1925, 0x1945, 0x1945, 0x1925, 
	0x1925, 0x1925, 0x1945, 0x1945, 0x1945, 0x1945, 0x1945, 0x1945, 0x1925, 0x1945, 0x1945, 0x2145, 0x2145, 0x1945, 0x1945, 0x1925, 
	0x2145, 0x1945, 0x1925, 0x2166, 0x1925, 0x2145, 0x1945, 0x2145, 0x2145, 0x2145, 0x2145, 0x2165, 0x1945, 0x1945, 0x2145, 0x1925, 
	0x1945, 0x1925, 0x2165, 0x1925, 0x1904, 0x10e4, 0x10e4, 0x10c3, 0x7c31, 0xce9a, 0xbdf8, 0xad76, 0xbdf8, 0xbdf8, 0xbdf7, 0xbe18, 
	0xd6db, 0xa576, 0x4249, 0x3a29, 0x8431, 0x9cf4, 0x94f4, 0x73cf, 0x31c7, 0x2125, 0x2165, 0x2166, 0x1904, 0x1925, 0x2145, 0x2166, 
	0x1104, 0x1946, 0x1105, 0x08c4, 0x08c4, 0x00c5, 0x1988, 0x32ad, 0x5bd1, 0x6c94, 0x7537, 0x7537, 0x7537, 0x7537, 0x6d17, 0x6d16, 
	0x64f5, 0x6d36, 0x5d15, 0x6d77, 0x5c73, 0x0168, 0x19a9, 0x19ca, 0x0127, 0x2aad, 0x7557, 0x6d37, 0x64f6, 0x6516, 0x64f6, 0x6d17, 
	0x64d6, 0x7517, 0x7537, 0x7516, 0x6cd5, 0x5c32, 0x3b0e, 0x222a, 0x0946, 0x0926, 0x1125, 0x1946, 0x2166, 0x2145, 0x2145, 0x2166, 
	0x2145, 0x2186, 0x2186, 0x1925, 0x1905, 0x1905, 0x426a, 0x8452, 0x4a8b, 0x1904, 0x1925, 0x1925, 0x1904, 0x1904, 0x9d14, 0xffff, 
	0xe75d, 0xce9a, 0xce9a, 0xce99, 0xce79, 0xc638, 0xbe38, 0xbe38, 0xc638, 0xad75, 0x7bef, 0x73ae, 0x7c30, 0x73ef, 0x73cf, 0x73cf, 
	0x6bcf, 0x638e, 0x638e, 0x6baf, 0x73f0, 0x7c51, 0x8472, 0x7c51, 0x6bae, 0x6bae, 0x636d, 0x636d, 0x5b2c, 0x5b2c, 0x8cb2, 0x9514, 
	0x3a29, 0x1904, 0x1905, 0x1925, 0x1905, 0x2125, 0x1925, 0x2125, 0x2125, 0x2125, 0x2145, 0x1945, 0x1925, 0x1925, 0x1925, 0x1925, 
	0x1925, 0x1925, 0x1945, 0x2145, 0x2145, 0x1945, 0x1925, 0x1925, 0x1945, 0x1945, 0x1945, 0x1945, 0x1945, 0x1945, 0x1945, 0x1945, 
	0x2145, 0x2125, 0x2125, 0x2125, 0x2125, 0x2125, 0x2125, 0x2125, 0x2125, 0x2125, 0x2145, 0x2145, 0x2125, 0x2125, 0x1925, 0x1925, 
	0x2125, 0x2125, 0x2125, 0x2125, 0x2125, 0x2125, 0x2125, 0x2125, 0x2125, 0x2125, 0x2125, 0x2125, 0x1925, 0x1925, 0x1925, 0x1925, 
	0x2125, 0x2125, 0x2125, 0x1925, 0x1925, 0x1925, 0x1925, 0x1925, 0x1925, 0x2145, 0x1945, 0x1925, 0x1925, 0x1945, 0x1945, 0x1925, 
	0x1925, 0x1945, 0x1945, 0x1945, 0x2145, 0x2145, 0x2145, 0x1945, 0x1945, 0x1945, 0x1945, 0x2145, 0x2145, 0x1945, 0x1945, 0x1945, 
	0x1945, 0x2166, 0x2166, 0x2145, 0x2166, 0x1945, 0x2145, 0x2145, 0x2166, 0x2145, 0x2165, 0x2166, 0x2166, 0x1945, 0x1925, 0x1945, 
	0x2145, 0x1924, 0x1925, 0x10e4, 0x1925, 0x1924, 0x10c3, 0x8472, 0xd6bb, 0xb5d7, 0xa555, 0xbdf8, 0xb5d7, 0xb5f7, 0xbe18, 0xce9a, 
	0x8472, 0x2166, 0x4a8a, 0x94d3, 0x9d15, 0x8cb3, 0x52ec, 0x2145, 0x2125, 0x2166, 0x2166, 0x2166, 0x2986, 0x2166, 0x1945, 0x1945, 
	0x1966, 0x0905, 0x00c4, 0x1167, 0x328c, 0x5bf2, 0x7d16, 0x7d37, 0x6cf6, 0x64d5, 0x64b5, 0x64d6, 0x6cf6, 0x6cf6, 0x6cf6, 0x6cf5, 
	0x6d16, 0x6d36, 0x6535, 0x6515, 0x7557, 0x2aed, 0x0127, 0x0127, 0x0968, 0x53f2, 0x7537, 0x6d37, 0x7558, 0x6d17, 0x6cf6, 0x6cf7, 
	0x6cf6, 0x6cf6, 0x64d6, 0x5c95, 0x5c94, 0x64b5, 0x64b4, 0x64b4, 0x5c12, 0x432e, 0x19e9, 0x0905, 0x0905, 0x1946, 0x2167, 0x2166, 
	0x2187, 0x2186, 0x2166, 0x29a7, 0x2987, 0x1925, 0x1905, 0x2166, 0x2145, 0x1904, 0x1925, 0x1904, 0x10a3, 0x8451, 0xffff, 0xef9e, 
	0xce9a, 0xce79, 0xce9a, 0xce9a, 0xc658, 0xc679, 0xbe18, 0xc659, 0xadb6, 0x73cf, 0x8451, 0x7c30, 0x6bae, 0x7c10, 0x73cf, 0x73cf, 
	0x73cf, 0x6baf, 0x6baf, 0x6baf, 0x6b8e, 0x636e, 0x638e, 0x636e, 0x636e, 0x634d, 0x638e, 0x638e, 0x5b0c, 0x7c51, 0x9514, 0x73f0, 
	0x1925, 0x1904, 0x1905, 0x2125, 0x1925, 0x2146, 0x2146, 0x1925, 0x2146, 0x2146, 0x2146, 0x2145, 0x1945, 0x1945, 0x1945, 0x1945, 
	0x1945, 0x1925, 0x1925, 0x1925, 0x1945, 0x1945, 0x1945, 0x1945, 0x2145, 0x2145, 0x1945, 0x1945, 0x1945, 0x1945, 0x1945, 0x1945, 
	0x2145, 0x2125, 0x2125, 0x2125, 0x2125, 0x2125, 0x2125, 0x2125, 0x1925, 0x1925, 0x2125, 0x2125, 0x2125, 0x2125, 0x1925, 0x1925, 
	0x2125, 0x2125, 0x2125, 0x2125, 0x2125, 0x2125, 0x2125, 0x2125, 0x2125, 0x2125, 0x2125, 0x1925, 0x1925, 0x1925, 0x1925, 0x1925, 
	0x2125, 0x2125, 0x2125, 0x2125, 0x2125, 0x2125, 0x2125, 0x2145, 0x1925, 0x1945, 0x1925, 0x1925, 0x1925, 0x1945, 0x1945, 0x1925, 
	0x1925, 0x1945, 0x1945, 0x1945, 0x2145, 0x2145, 0x2145, 0x1945, 0x1945, 0x1945, 0x1945, 0x1945, 0x1945, 0x1945, 0x1945, 0x2145, 
	0x2166, 0x1945, 0x1925, 0x2166, 0x1925, 0x2166, 0x2145, 0x2145, 0x2145, 0x2145, 0x2145, 0x2145, 0x2145, 0x2165, 0x2145, 0x2165, 
	0x1925, 0x2145, 0x2145, 0x1904, 0x10e4, 0x10c3, 0x8c92, 0xce9a, 0xad96, 0xa555, 0xb5b7, 0xb5d7, 0xb5d7, 0xb5f7, 0xc679, 0x73cf, 
	0x2145, 0x636e, 0x9d14, 0x9d15, 0x73cf, 0x31c7, 0x10e4, 0x2166, 0x2166, 0x2166, 0x2166, 0x2166, 0x1966, 0x2187, 0x21a7, 0x1166, 
	0x0125, 0x1a29, 0x4bb0, 0x7d36, 0x7d36, 0x6cd5, 0x6cd5, 0x64d5, 0x64f6, 0x6cf6, 0x6d16, 0x7516, 0x7516, 0x74f6, 0x74b4, 0x6c73, 
	0x5bf1, 0x4baf, 0x5c52, 0x6d35, 0x64d4, 0x64d5, 0x43b1, 0x2aee, 0x5412, 0x6cf6, 0x6cf6, 0x7537, 0x43b1, 0x5412, 0x6c95, 0x6c94, 
	0x74d6, 0x7517, 0x7517, 0x6cd5, 0x5c95, 0x5c74, 0x5473, 0x5c73, 0x5c73, 0x6cd5, 0x6cb4, 0x53d1, 0x2a6b, 0x0947, 0x0926, 0x1988, 
	0x1987, 0x1966, 0x29a7, 0x2146, 0x2146, 0x2146, 0x2125, 0x1904, 0x1925, 0x1904, 0x1925, 0x08a3, 0x7c31, 0xf7df, 0xdf3c, 0xce9a, 
	0xdf1c, 0xe77d, 0xdefc, 0xd6ba, 0xc659, 0xc658, 0xc658, 0xb5d7, 0x8451, 0x7c10, 0x7c10, 0x7c10, 0x73f0, 0x73f0, 0x7c10, 0x73cf, 
	0x73ef, 0x6baf, 0x6baf, 0x73cf, 0x6baf, 0x6baf, 0x6bae, 0x6b8e, 0x73cf, 0x6b8e, 0x6baf, 0x634d, 0x73f0, 0x9d35, 0x94d3, 0x31c7, 
	0x10e4, 0x1925, 0x1905, 0x1925, 0x2125, 0x1925, 0x2146, 0x1925, 0x2146, 0x2146, 0x2145, 0x2145, 0x1945, 0x1945, 0x1945, 0x1945, 
	0x1945, 0x1925, 0x1925, 0x1925, 0x1945, 0x2145, 0x2145, 0x2145, 0x2145, 0x2145, 0x2145, 0x2145, 0x1945, 0x1945, 0x1945, 0x1945, 
	0x2145, 0x2125, 0x2125, 0x2125, 0x2125, 0x2125, 0x2125, 0x2125, 0x1925, 0x2125, 0x2125, 0x2125, 0x2125, 0x1925, 0x1925, 0x1925, 
	0x1925, 0x2125, 0x2125, 0x2125, 0x2125, 0x2125, 0x2125, 0x2145, 0x2145, 0x2145, 0x2145, 0x2145, 0x2145, 0x2145, 0x2145, 0x2145, 
	0x2145, 0x2145, 0x2125, 0x2125, 0x2125, 0x2125, 0x2125, 0x2145, 0x1925, 0x1945, 0x1945, 0x1925, 0x1925, 0x1945, 0x1945, 0x1945, 
	0x1925, 0x1925, 0x1945, 0x1945, 0x1945, 0x1945, 0x1945, 0x1945, 0x2145, 0x1945, 0x1945, 0x1925, 0x1925, 0x1945, 0x2145, 0x2145, 
	0x1925, 0x2166, 0x1945, 0x2145, 0x2145, 0x2145, 0x1925, 0x2166, 0x2145, 0x1925, 0x2145, 0x2986, 0x2986, 0x2166, 0x2165, 0x2165, 
	0x2166, 0x2145, 0x2145, 0x2166, 0x10e4, 0x8472, 0xce9a, 0xad76, 0xa555, 0xad96, 0xb5b7, 0xadb6, 0xbdf8, 0xbe38, 0x52ec, 0x2145, 
	0x73cf, 0x94d4, 0x94b3, 0x52cb, 0x2125, 0x1925, 0x2166, 0x2166, 0x2166, 0x2166, 0x1966, 0x1966, 0x21a7, 0x1146, 0x0925, 0x2a6a, 
	0x5c52, 0x7d77, 0x7577, 0x64d5, 0x6cf5, 0x6cf6, 0x64f6, 0x7537, 0x7557, 0x6d16, 0x6494, 0x4bb0, 0x32cd, 0x220a, 0x1167, 0x0926, 
	0x08e5, 0x00a4, 0x0126, 0x6452, 0x6cd4, 0x64b4, 0x6cf5, 0x7d37, 0x74f6, 0x74f6, 0x7d57, 0x4370, 0x0968, 0x0967, 0x0947, 0x19a9, 
	0x222b, 0x2a8c, 0x3b2f, 0x53f2, 0x6494, 0x6cd5, 0x64b5, 0x5cb4, 0x5c74, 0x5c73, 0x5453, 0x6494, 0x6cb5, 0x5bf2, 0x328d, 0x0947, 
	0x1146, 0x21a7, 0x2187, 0x1946, 0x2146, 0x2125, 0x2146, 0x2145, 0x2125, 0x1904, 0x08a3, 0x7c10, 0xefbf, 0xe77e, 0xdf1c, 0xd6fc, 
	0x9d34, 0x8451, 0x8451, 0xadb7, 0xd6db, 0xbe38, 0xbe18, 0x8451, 0x7c10, 0x7c30, 0x73ef, 0x7c10, 0x7c10, 0x73cf, 0x73f0, 0x73f0, 
	0x73cf, 0x73cf, 0x73cf, 0x6baf, 0x6bae, 0x6b8e, 0x6b8e, 0x6baf, 0x634d, 0x6b8e, 0x636e, 0x73cf, 0x9d35, 0xa555, 0x5b0c, 0x10e4, 
	0x2145, 0x2166, 0x1905, 0x1925, 0x2145, 0x1925, 0x2146, 0x2145, 0x1945, 0x2145, 0x2145, 0x1945, 0x1945, 0x1925, 0x1945, 0x1945, 
	0x1925, 0x1925, 0x1945, 0x1945, 0x2145, 0x2145, 0x2145, 0x1945, 0x2145, 0x2145, 0x2145, 0x2145, 0x2145, 0x1945, 0x1945, 0x1945, 
	0x2145, 0x2125, 0x2125, 0x2125, 0x2125, 0x2125, 0x2125, 0x2125, 0x2145, 0x2145, 0x2145, 0x2125, 0x2125, 0x2125, 0x1925, 0x1925, 
	0x1925, 0x2125, 0x2125, 0x2125, 0x2145, 0x2125, 0x2125, 0x2145, 0x2145, 0x2145, 0x2145, 0x1945, 0x1945, 0x1945, 0x2145, 0x2145, 
	0x2145, 0x2125, 0x2145, 0x2145, 0x2125, 0x2125, 0x2125, 0x2145, 0x2145, 0x2145, 0x1945, 0x1925, 0x1925, 0x1945, 0x1945, 0x1945, 
	0x1925, 0x1925, 0x1945, 0x1945, 0x1945, 0x1945, 0x1945, 0x1945, 0x2145, 0x2145, 0x1945, 0x1945, 0x1945, 0x1945, 0x2145, 0x2145, 
	0x2145, 0x1945, 0x2146, 0x2145, 0x2145, 0x1925, 0x1904, 0x7c31, 0xa575, 0x6b8e, 0x3a08, 0x2165, 0x1904, 0x1924, 0x2166, 0x2166, 
	0x2966, 0x2145, 0x2145, 0x1904, 0x8431, 0xc659, 0xad76, 0xad76, 0xad96, 0xb5d7, 0xad76, 0xadb7, 0xb5d7, 0x4269, 0x29a6, 0x73f0, 
	0x94b3, 0x8c92, 0x4229, 0x1904, 0x2145, 0x2145, 0x2186, 0x1925, 0x1966, 0x1146, 0x21c8, 0x1187, 0x0126, 0x2a4a, 0x5c11, 0x7d56, 
	0x7556, 0x6d36, 0x64f5, 0x6516, 0x6d36, 0x7d77, 0x7537, 0x5c53, 0x3b0e, 0x1a2a, 0x0126, 0x00c4, 0x00e4, 0x08e5, 0x10e5, 0x10e5, 
	0x1905, 0x1105, 0x0905, 0x1187, 0x4b8f, 0x74d4, 0x6cb4, 0x6c94, 0x7cf6, 0x74d5, 0x430e, 0x0926, 0x1167, 0x1987, 0x21a8, 0x1967, 
	0x1947, 0x1127, 0x0906, 0x0906, 0x0967, 0x222a, 0x434f, 0x5c53, 0x6494, 0x6494, 0x5c53, 0x5433, 0x5c53, 0x6494, 0x6474, 0x5c12, 
	0x222a, 0x0905, 0x1125, 0x2187, 0x1905, 0x2125, 0x2125, 0x10e4, 0x2145, 0x10a3, 0x6baf, 0xefbe, 0xe79e, 0xd6fc, 0xb5f8, 0x4249, 
	0x2145, 0x1104, 0x1904, 0x2145, 0x636d, 0xadb6, 0x8492, 0x7c30, 0x7c51, 0x7c10, 0x7c10, 0x7c10, 0x73ef, 0x73ef, 0x73cf, 0x73f0, 
	0x73cf, 0x73cf, 0x73cf, 0x73cf, 0x6baf, 0x6bae, 0x6b8e, 0x636e, 0x6b8e, 0x634d, 0x73cf, 0x94f4, 0xb5d7, 0x73cf, 0x1904, 0x2166, 
	0x2166, 0x2125, 0x1925, 0x2145, 0x2145, 0x2125, 0x2125, 0x2145, 0x1945, 0x1945, 0x2145, 0x1945, 0x1945, 0x1925, 0x1945, 0x1945, 
	0x1925, 0x1945, 0x1945, 0x2145, 0x2145, 0x2145, 0x1945, 0x1925, 0x2145, 0x2145, 0x2145, 0x2145, 0x2145, 0x2145, 0x2145, 0x2145, 
	0x2145, 0x2125, 0x2125, 0x2125, 0x2125, 0x2125, 0x2125, 0x1925, 0x2145, 0x2125, 0x2125, 0x2125, 0x2125, 0x2125, 0x2125, 0x2125, 
	0x2125, 0x2125, 0x2145, 0x2145, 0x2145, 0x2145, 0x2145, 0x2145, 0x2145, 0x2145, 0x2145, 0x2145, 0x2145, 0x2145, 0x2145, 0x2145, 
	0x2145, 0x2145, 0x2145, 0x2145, 0x2145, 0x2145, 0x2145, 0x2145, 0x2145, 0x2145, 0x2145, 0x1945, 0x1945, 0x1945, 0x1945, 0x1925, 
	0x1925, 0x1945, 0x1945, 0x1945, 0x2145, 0x2145, 0x2145, 0x1945, 0x2145, 0x2145, 0x1945, 0x1945, 0x1945, 0x2145, 0x2145, 0x2145, 
	0x2146, 0x1945, 0x1905, 0x2145, 0x1925, 0x08a3, 0x52ec, 0xce9a, 0xbe39, 0xbe18, 0xbe18, 0xa555, 0x73cf, 0x4a8a, 0x31c7, 0x1924, 
	0x10c3, 0x2145, 0x2145, 0x6b6e, 0xc679, 0xb5f7, 0xa575, 0xad96, 0xad76, 0xad76, 0xb5d7, 0xb5f7, 0x3a28, 0x29a6, 0x7c51, 0x8cb3, 
	0x7bf0, 0x2986, 0x10a2, 0x2145, 0x2125, 0x1904, 0x2166, 0x1966, 0x1966, 0x1987, 0x0926, 0x11a8, 0x4b90, 0x7d36, 0x8577, 0x6cd5, 
	0x64f5, 0x6516, 0x7557, 0x7d98, 0x6cf5, 0x4b90, 0x222b, 0x0126, 0x0105, 0x0105, 0x0925, 0x1125, 0x1125, 0x1925, 0x1925, 0x2146, 
	0x1905, 0x1925, 0x1105, 0x08c4, 0x0905, 0x1167, 0x326b, 0x3acd, 0x328c, 0x1988, 0x08e5, 0x1146, 0x1966, 0x1966, 0x1105, 0x2166, 
	0x2146, 0x1946, 0x1946, 0x1946, 0x1146, 0x0926, 0x0926, 0x0947, 0x2a6b, 0x53b1, 0x6c94, 0x6494, 0x5433, 0x5412, 0x5433, 0x5c32, 
	0x6c52, 0x42ed, 0x21c8, 0x1105, 0x1946, 0x2125, 0x2145, 0x2986, 0x08a2, 0x6b8e, 0xf7df, 0xefbe, 0xd6db, 0xbe18, 0x31e8, 0x1925, 
	0x1925, 0x2146, 0x2166, 0x2166, 0x10e4, 0x4acb, 0x8471, 0x7c30, 0x7410, 0x8451, 0x7c10, 0x73ef, 0x7c10, 0x7c10, 0x73ef, 0x73cf, 
	0x73cf, 0x73cf, 0x73cf, 0x73cf, 0x73cf, 0x6baf, 0x636e, 0x634d, 0x634d, 0x7c30, 0xad96, 0xb5d7, 0x6bae, 0x1904, 0x2145, 0x1925, 
	0x2145, 0x1925, 0x2146, 0x2145, 0x1925, 0x2145, 0x2145, 0x2145, 0x2145, 0x2145, 0x2145, 0x2145, 0x1945, 0x1945, 0x1945, 0x1945, 
	0x2145, 0x1945, 0x1945, 0x1945, 0x1945, 0x1945, 0x1945, 0x1945, 0x1945, 0x1945, 0x1945, 0x1945, 0x2145, 0x2145, 0x2145, 0x2145, 
	0x2145, 0x2125, 0x1925, 0x1925, 0x2125, 0x2125, 0x2125, 0x2125, 0x1925, 0x1925, 0x1925, 0x2125, 0x2125, 0x2145, 0x2145, 0x2145, 
	0x2145, 0x2145, 0x2145, 0x2145, 0x2145, 0x2145, 0x2145, 0x2145, 0x2145, 0x2145, 0x2145, 0x2145, 0x2145, 0x2145, 0x2145, 0x2145, 
	0x2145, 0x2145, 0x2145, 0x2145, 0x2145, 0x2145, 0x2145, 0x1945, 0x1945, 0x1945, 0x2145, 0x2145, 0x2145, 0x1945, 0x1925, 0x1925, 
	0x1925, 0x1945, 0x1945, 0x1945, 0x2145, 0x2145, 0x2145, 0x1945, 0x2145, 0x1945, 0x1945, 0x1945, 0x1945, 0x1945, 0x2145, 0x2145, 
	0x1104, 0x2986, 0x1925, 0x1925, 0x1904, 0x2166, 0xad96, 0xadb7, 0x9cf4, 0xa535, 0xad76, 0xb5b7, 0xbe18, 0xbe39, 0xadb6, 0x94d3, 
	0x73cf, 0x3a08, 0x52cb, 0xc638, 0xb5d7, 0xad76, 0xb5d7, 0xad96, 0xb5b7, 0xb5d7, 0xadb6, 0x31e8, 0x29a7, 0x8451, 0x8492, 0x6b8e, 
	0x2124, 0x18e3, 0x2104, 0x1904, 0x2125, 0x2145, 0x1104, 0x1966, 0x1167, 0x0926, 0x2a6b, 0x74d5, 0x8598, 0x6cf6, 0x6cf6, 0x7537, 
	0x7537, 0x7d57, 0x6cb5, 0x432f, 0x11a9, 0x0927, 0x1947, 0x1126, 0x1946, 0x1966, 0x1966, 0x1945, 0x1945, 0x1965, 0x1945, 0x1104, 
	0x1945, 0x1925, 0x1905, 0x2146, 0x1905, 0x1926, 0x08e5, 0x00a4, 0x10e5, 0x1905, 0x2166, 0x1925, 0x1945, 0x2166, 0x2986, 0x2125, 
	0x2145, 0x2145, 0x2145, 0x2145, 0x2146, 0x1926, 0x1926, 0x1967, 0x1106, 0x0906, 0x19a8, 0x432e, 0x6473, 0x6473, 0x5c32, 0x5c32, 
	0x5c11, 0x7493, 0x42ac, 0x08e5, 0x1925, 0x2145, 0x2946, 0x10a3, 0x6b8e, 0xefbe, 0xefbe, 0xce9a, 0xc679, 0x7c10, 0x0883, 0x1925, 
	0x4aab, 0x9d55, 0x8472, 0x2166, 0x1104, 0x1945, 0x6bae, 0x8451, 0x7c31, 0x7410, 0x7410, 0x7c30, 0x73f0, 0x73ef, 0x73ef, 0x73ef, 
	0x73cf, 0x73ef, 0x73ef, 0x73cf, 0x6bae, 0x6b6e, 0x6b8e, 0x7bf0, 0x9d14, 0xc639, 0xad96, 0x5b2d, 0x2145, 0x1925, 0x2125, 0x2145, 
	0x2146, 0x2145, 0x2166, 0x2125, 0x1925, 0x2145, 0x2145, 0x2146, 0x2145, 0x2145, 0x2145, 0x2145, 0x1945, 0x1945, 0x1945, 0x1945, 
	0x2145, 0x1945, 0x1945, 0x1925, 0x1925, 0x1945, 0x1945, 0x1945, 0x2145, 0x1945, 0x1945, 0x1945, 0x1945, 0x2145, 0x2145, 0x2145, 
	0x2145, 0x1925, 0x1925, 0x1925, 0x2125, 0x2145, 0x2145, 0x2145, 0x2125, 0x2125, 0x2125, 0x2125, 0x2145, 0x2145, 0x2145, 0x2145, 
	0x2145, 0x2125, 0x2125, 0x2125, 0x2125, 0x2145, 0x2145, 0x2145, 0x2145, 0x2145, 0x2145, 0x1945, 0x2145, 0x2145, 0x2145, 0x2145, 
	0x2145, 0x2145, 0x2145, 0x2145, 0x2145, 0x2145, 0x2145, 0x2145, 0x1925, 0x1925, 0x1945, 0x2145, 0x2145, 0x1945, 0x1925, 0x1925, 
	0x1925, 0x1925, 0x1945, 0x1945, 0x1945, 0x1945, 0x1945, 0x1945, 0x1925, 0x1925, 0x1925, 0x1925, 0x1925, 0x1925, 0x1945, 0x1945, 
	0x2166, 0x1925, 0x2145, 0x2145, 0x08a3, 0x7c31, 0xb5f8, 0x9d14, 0x9cf4, 0x9d35, 0x9d35, 0x9d35, 0xa576, 0xad96, 0xadb7, 0xbdf8, 
	0xc659, 0xce7a, 0xc659, 0xb5d7, 0xb5b6, 0xa555, 0xb5d7, 0xad96, 0xb5b7, 0xb5d7, 0x4249, 0x29a7, 0x8451, 0x8cb2, 0x6bae, 0x1925, 
	0x18e3, 0x2145, 0x2124, 0x1904, 0x1904, 0x1925, 0x2187, 0x0905, 0x0947, 0x4b6f, 0x7d37, 0x6cd5, 0x6494, 0x6cf6, 0x7516, 0x7536, 
	0x74d5, 0x3b0e, 0x0967, 0x0926, 0x1968, 0x2167, 0x2167, 0x2146, 0x2146, 0x2145, 0x2145, 0x2145, 0x2165, 0x2165, 0x1965, 0x2165, 
	0x1945, 0x1945, 0x2126, 0x2105, 0x1905, 0x1905, 0x1905, 0x1926, 0x1905, 0x1925, 0x1905, 0x2166, 0x1945, 0x1925, 0x2145, 0x2145, 
	0x2145, 0x2145, 0x2125, 0x2125, 0x2146, 0x2145, 0x2125, 0x2126, 0x1946, 0x2167, 0x1126, 0x00e5, 0x19c8, 0x3b0d, 0x5c31, 0x6452, 
	0x6432, 0x3a8b, 0x1146, 0x1946, 0x2166, 0x2987, 0x10a3, 0x6b6e, 0xffff, 0xf7be, 0xd6db, 0xbe38, 0xbe59, 0x4aab, 0x10c4, 0x29a7, 
	0xa576, 0xa597, 0xb618, 0x8493, 0x10e4, 0x10e4, 0x52ec, 0x8451, 0x7c10, 0x7c31, 0x73ef, 0x73cf, 0x73cf, 0x73cf, 0x7c10, 0x73f0, 
	0x73ef, 0x73cf, 0x73cf, 0x7c10, 0x8451, 0x8c92, 0x9d14, 0xbdf8, 0xbe18, 0x9cf4, 0x3a08, 0x10a3, 0x2145, 0x1905, 0x2166, 0x2145, 
	0x2145, 0x2146, 0x2145, 0x2145, 0x2146, 0x2145, 0x1945, 0x2145, 0x2145, 0x2145, 0x2145, 0x2145, 0x2145, 0x2145, 0x2145, 0x2145, 
	0x1945, 0x1945, 0x1925, 0x1925, 0x1945, 0x1945, 0x1945, 0x1945, 0x2145, 0x2145, 0x1945, 0x1945, 0x1945, 0x1945, 0x1945, 0x1945, 
	0x2145, 0x1925, 0x1925, 0x1925, 0x2125, 0x2145, 0x2145, 0x2145, 0x2145, 0x2145, 0x2145, 0x2145, 0x2145, 0x2145, 0x2145, 0x2145, 
	0x2125, 0x2125, 0x2125, 0x2125, 0x2125, 0x2145, 0x2145, 0x2145, 0x2145, 0x2145, 0x2145, 0x2145, 0x1945, 0x2145, 0x2145, 0x2145, 
	0x2145, 0x2145, 0x2145, 0x1945, 0x2145, 0x2145, 0x2145, 0x2125, 0x1925, 0x1925, 0x1945, 0x1945, 0x1945, 0x1945, 0x2145, 0x2125, 
	0x1925, 0x1945, 0x1945, 0x1945, 0x1945, 0x1945, 0x1945, 0x1945, 0x2145, 0x1945, 0x1925, 0x1925, 0x1925, 0x1925, 0x1925, 0x1925, 
	0x1925, 0x2125, 0x1905, 0x10c4, 0x4a8b, 0xbe19, 0x9d35, 0x94d4, 0x9d15, 0x9d14, 0x9d35, 0xa555, 0xa555, 0xa555, 0xa575, 0xadb6, 
	0xadb7, 0xad96, 0xb5d7, 0xadb6, 0xad96, 0xb5d7, 0xad96, 0xb5d6, 0xb5d7, 0x4a8a, 0x31a6, 0x8471, 0x8cb2, 0x73cf, 0x1904, 0x1104, 
	0x1904, 0x2145, 0x1924, 0x10e3, 0x2166, 0x1125, 0x00e5, 0x11a8, 0x5c12, 0x6495, 0x6495, 0x6cd6, 0x6cf6, 0x7516, 0x74d4, 0x432e, 
	0x1167, 0x1967, 0x1987, 0x2187, 0x2167, 0x2146, 0x2146, 0x2146, 0x2146, 0x2145, 0x2145, 0x2165, 0x2145, 0x1945, 0x1945, 0x1945, 
	0x2145, 0x2125, 0x1925, 0x2125, 0x2125, 0x2125, 0x1925, 0x1925, 0x2125, 0x1925, 0x2125, 0x2145, 0x2145, 0x2145, 0x2966, 0x2125, 
	0x2145, 0x2145, 0x2145, 0x2145, 0x2145, 0x2145, 0x2145, 0x2145, 0x2145, 0x1945, 0x2186, 0x1966, 0x1166, 0x0905, 0x21c8, 0x5b8f, 
	0x42ac, 0x1125, 0x1946, 0x2166, 0x2166, 0x10c3, 0x6b8e, 0xefbe, 0xf7df, 0xce9a, 0xc638, 0xc659, 0xbe59, 0x426a, 0x08c4, 0x29a7, 
	0xb618, 0xa576, 0xa597, 0x9d15, 0x10c4, 0x08a3, 0x52cc, 0x7c11, 0x7c10, 0x7c10, 0x7c31, 0x94f3, 0xad76, 0xa555, 0x9d35, 0xa555, 
	0xa555, 0xa535, 0xa535, 0xad76, 0xb5d7, 0xc639, 0xb5f8, 0xa555, 0x632d, 0x2145, 0x2145, 0x2966, 0x2125, 0x2145, 0x1905, 0x2146, 
	0x2145, 0x2145, 0x2145, 0x2145, 0x2145, 0x1945, 0x1945, 0x1945, 0x1945, 0x1945, 0x2145, 0x2145, 0x2125, 0x2145, 0x2145, 0x2145, 
	0x2145, 0x1945, 0x1925, 0x1945, 0x1925, 0x2125, 0x2145, 0x1925, 0x2145, 0x2145, 0x2145, 0x1945, 0x1945, 0x1945, 0x1945, 0x1945, 
	0x2146, 0x2125, 0x1925, 0x1925, 0x2125, 0x2145, 0x2145, 0x2145, 0x2145, 0x2145, 0x2125, 0x2125, 0x2125, 0x2125, 0x2125, 0x2125, 
	0x2145, 0x2145, 0x2145, 0x2145, 0x2145, 0x2145, 0x2145, 0x2145, 0x2145, 0x2145, 0x2145, 0x2145, 0x2145, 0x2145, 0x2145, 0x2145, 
	0x2145, 0x2145, 0x1945, 0x1945, 0x1945, 0x2145, 0x2145, 0x2145, 0x2145, 0x2125, 0x1945, 0x1945, 0x1945, 0x1925, 0x2125, 0x2125, 
	0x1945, 0x1945, 0x1945, 0x1945, 0x2145, 0x2145, 0x2145, 0x2145, 0x1945, 0x1945, 0x1945, 0x1945, 0x1945, 0x1945, 0x1925, 0x1925, 
	0x1905, 0x1905, 0x2125, 0x2126, 0xa556, 0xad97, 0x94d4, 0x9d15, 0x9d14, 0x9d14, 0x9d35, 0xa555, 0xa555, 0xa535, 0xa555, 0xa575, 
	0xa575, 0xadb6, 0xadb6, 0xad96, 0xad96, 0xadb6, 0xb5b6, 0xbe18, 0x5b2c, 0x2145, 0x8c92, 0x94d3, 0x7c10, 0x2145, 0x10e4, 0x2166, 
	0x1945, 0x1925, 0x1945, 0x1966, 0x0904, 0x00e4, 0x222a, 0x6c94, 0x6495, 0x6495, 0x5c74, 0x5c74, 0x6cd5, 0x53d0, 0x19c8, 0x0925, 
	0x2187, 0x2146, 0x1946, 0x2166, 0x2167, 0x2166, 0x2166, 0x2146, 0x2166, 0x2166, 0x2166, 0x2165, 0x2145, 0x2145, 0x2145, 0x2145, 
	0x2165, 0x2145, 0x2145, 0x2145, 0x2145, 0x2145, 0x2125, 0x2125, 0x1925, 0x2145, 0x2125, 0x1924, 0x2145, 0x2145, 0x2125, 0x2145, 
	0x2145, 0x2145, 0x1925, 0x2125, 0x2125, 0x2145, 0x2145, 0x1925, 0x1925, 0x2186, 0x1945, 0x1925, 0x1966, 0x1945, 0x0904, 0x1125, 
	0x1966, 0x2166, 0x1925, 0x29a7, 0x1904, 0x634d, 0xf7df, 0xf7be, 0xd6ba, 0xce79, 0xc638, 0xbe18, 0xce9a, 0x73d0, 0x08c3, 0x2166, 
	0x7411, 0xb5f8, 0xb5f8, 0x426a, 0x1104, 0x08a3, 0x52ec, 0x8451, 0x8431, 0x94d4, 0xad96, 0xb5b7, 0xa555, 0xa535, 0xa555, 0xa576, 
	0xad76, 0xad96, 0xadb7, 0xad96, 0x9cf4, 0x7c10, 0x52ab, 0x2986, 0x1925, 0x2966, 0x2145, 0x2146, 0x2125, 0x2966, 0x2987, 0x1925, 
	0x2145, 0x2145, 0x2125, 0x2145, 0x2145, 0x2145, 0x2145, 0x1945, 0x1945, 0x1945, 0x2145, 0x2145, 0x2145, 0x2145, 0x2145, 0x2145, 
	0x2145, 0x1945, 0x1945, 0x2145, 0x2125, 0x2145, 0x2145, 0x1925, 0x2145, 0x2145, 0x2145, 0x1945, 0x1945, 0x1945, 0x1945, 0x1945, 
	0x2146, 0x2125, 0x2125, 0x2125, 0x2146, 0x2145, 0x2145, 0x2125, 0x2125, 0x2125, 0x2125, 0x2125, 0x2125, 0x2145, 0x2145, 0x2145, 
	0x2145, 0x2145, 0x2145, 0x2145, 0x2145, 0x2145, 0x2145, 0x2145, 0x2145, 0x2145, 0x2145, 0x2145, 0x2145, 0x2145, 0x2145, 0x2145, 
	0x2145, 0x2145, 0x1945, 0x1945, 0x1945, 0x1945, 0x2145, 0x2145, 0x2125, 0x2125, 0x2145, 0x2145, 0x2165, 0x2145, 0x2145, 0x2146, 
	0x2145, 0x1945, 0x2145, 0x2145, 0x2145, 0x2145, 0x2145, 0x2145, 0x1925, 0x2145, 0x2145, 0x2145, 0x1925, 0x1925, 0x1925, 0x1925, 
	0x2145, 0x2966, 0x10a3, 0x73d0, 0xce9b, 0xad97, 0xa556, 0x9d35, 0xa555, 0xa555, 0xa555, 0xad55, 0xad75, 0xad75, 0xad96, 0xb5b6, 
	0xb5d7, 0xadb7, 0xad96, 0xbdf8, 0xadb6, 0xadb6, 0xbe18, 0x73cf, 0x2966, 0x7c10, 0x9d14, 0x7c31, 0x2986, 0x10e4, 0x2986, 0x1905, 
	0x1945, 0x1105, 0x1125, 0x1125, 0x00e5, 0x2a6b, 0x6c74, 0x5c33, 0x5c33, 0x5c33, 0x6474, 0x6474, 0x3acd, 0x0926, 0x0925, 0x1146, 
	0x1946, 0x2146, 0x2166, 0x2166, 0x2146, 0x1945, 0x2146, 0x2166, 0x2146, 0x2145, 0x2146, 0x2146, 0x2145, 0x2166, 0x2166, 0x2145, 
	0x2145, 0x2145, 0x2145, 0x2145, 0x2145, 0x2145, 0x2125, 0x2125, 0x2125, 0x2145, 0x2145, 0x2125, 0x2145, 0x2145, 0x2125, 0x2145, 
	0x2145, 0x2145, 0x2145, 0x2145, 0x2145, 0x2145, 0x2165, 0x2145, 0x2166, 0x1904, 0x1945, 0x1945, 0x1945, 0x1945, 0x1966, 0x1125, 
	0x1945, 0x2166, 0x31e8, 0x10e4, 0x5b2d, 0xef9e, 0xefbe, 0xceba, 0xbe18, 0xbe38, 0xc659, 0xb5b7, 0xcebb, 0x73f0, 0x1925, 0x2987, 
	0x2186, 0x3a4a, 0x3a29, 0x1104, 0x1904, 0x29a7, 0x8451, 0x94d3, 0xa555, 0xbe18, 0x9cf4, 0x5b0c, 0x31c7, 0x2146, 0x2966, 0x2986, 
	0x31a7, 0x39e8, 0x39e8, 0x2987, 0x1925, 0x18e4, 0x1904, 0x2145, 0x2146, 0x2146, 0x2166, 0x2987, 0x2146, 0x1905, 0x2987, 0x1925, 
	0x2166, 0x2166, 0x2145, 0x2145, 0x2145, 0x2145, 0x1925, 0x1925, 0x2145, 0x2145, 0x2145, 0x2145, 0x2145, 0x1945, 0x1945, 0x2145, 
	0x2145, 0x2145, 0x2145, 0x2145, 0x2145, 0x2146, 0x2146, 0x1925, 0x2145, 0x1945, 0x1945, 0x1945, 0x1945, 0x2145, 0x1945, 0x2146, 
	0x2146, 0x2146, 0x2146, 0x2146, 0x2145, 0x2145, 0x2125, 0x2125, 0x2125, 0x2145, 0x2145, 0x2145, 0x2145, 0x2145, 0x2146, 0x2146, 
	0x2125, 0x2125, 0x2125, 0x2145, 0x2145, 0x2145, 0x2145, 0x2145, 0x2145, 0x2145, 0x2145, 0x2145, 0x2145, 0x2145, 0x2145, 0x2145, 
	0x2145, 0x2146, 0x1945, 0x1945, 0x1945, 0x1925, 0x2125, 0x2125, 0x2125, 0x2145, 0x2145, 0x2145, 0x1945, 0x1945, 0x2145, 0x2125, 
	0x2145, 0x2145, 0x2145, 0x2145, 0x2145, 0x2145, 0x2145, 0x2145, 0x2145, 0x2145, 0x2145, 0x2145, 0x1925, 0x1925, 0x1925, 0x1925, 
	0x2145, 0x1904, 0x2986, 0x6b8f, 0x636e, 0x636e, 0x636e, 0x73af, 0x6b8f, 0x6b8e, 0x6b8e, 0x6b8e, 0x6b8e, 0x73af, 0x73cf, 0x7bef, 
	0x7c10, 0x7c10, 0x8c72, 0x8c92, 0x94d3, 0xad76, 0x7c31, 0x1904, 0x73cf, 0xad76, 0x8451, 0x3a08, 0x1925, 0x2146, 0x2146, 0x2146, 
	0x1125, 0x1126, 0x0926, 0x00c4, 0x32ac, 0x6c94, 0x5c33, 0x5412, 0x53f2, 0x6c94, 0x53d1, 0x11a8, 0x00c4, 0x1126, 0x1946, 0x1926, 
	0x1946, 0x1945, 0x1945, 0x1945, 0x2146, 0x2166, 0x2166, 0x2166, 0x2166, 0x2146, 0x2146, 0x2146, 0x2146, 0x2146, 0x2146, 0x2145, 
	0x2145, 0x2145, 0x2145, 0x2145, 0x2145, 0x2145, 0x2145, 0x2145, 0x2145, 0x2145, 0x2145, 0x2166, 0x2145, 0x2145, 0x2166, 0x2145, 
	0x2166, 0x2166, 0x2166, 0x2145, 0x2145, 0x2145, 0x2125, 0x1925, 0x1925, 0x1925, 0x2166, 0x1925, 0x2166, 0x2166, 0x1945, 0x2166, 
	0x1946, 0x2186, 0x10e4, 0x5b0c, 0xef9e, 0xe75d, 0xceba, 0xc638, 0xbe38, 0xbe18, 0xb5f7, 0xceba, 0x8451, 0x2145, 0x2986, 0x2186, 
	0x1945, 0x1945, 0x1104, 0x1104, 0x31c7, 0x73f0, 0x9d14, 0xa576, 0xb5b7, 0x73f0, 0x2987, 0x0883, 0x18e4, 0x1905, 0x1904, 0x18e4, 
	0x18e4, 0x18e4, 0x18e4, 0x1905, 0x2145, 0x2145, 0x2125, 0x2146, 0x2966, 0x2166, 0x2146, 0x2146, 0x2146, 0x2146, 0x2146, 0x2146, 
	0x2145, 0x2145, 0x2145, 0x2145, 0x2146, 0x2146, 0x2146, 0x2145, 0x2145, 0x2145, 0x2145, 0x2145, 0x1945, 0x1945, 0x1945, 0x1945, 
	0x2145, 0x2145, 0x2145, 0x2145, 0x2145, 0x2145, 0x2145, 0x1925, 0x1945, 0x1945, 0x1945, 0x1945, 0x2145, 0x2145, 0x2146, 0x2146, 
	0x2146, 0x2146, 0x2125, 0x2125, 0x2125, 0x2125, 0x2145, 0x2145, 0x2145, 0x2145, 0x2145, 0x2145, 0x2145, 0x2145, 0x2145, 0x2145, 
	0x2125, 0x2125, 0x2145, 0x2145, 0x2145, 0x2145, 0x2145, 0x2145, 0x2125, 0x2125, 0x2145, 0x2145, 0x2145, 0x2145, 0x1945, 0x1945, 
	0x2146, 0x2146, 0x1945, 0x1945, 0x1945, 0x1945, 0x2125, 0x2125, 0x2125, 0x2146, 0x2166, 0x1945, 0x1945, 0x1945, 0x2146, 0x2146, 
	0x2145, 0x2145, 0x2145, 0x2145, 0x2145, 0x2145, 0x1945, 0x1925, 0x1945, 0x1925, 0x1925, 0x1925, 0x1925, 0x1925, 0x1925, 0x1945, 
	0x2166, 0x2166, 0x1925, 0x1104, 0x08c4, 0x10e4, 0x1104, 0x10c4, 0x10e4, 0x10e4, 0x10e4, 0x10e4, 0x10e4, 0x1904, 0x1904, 0x1904, 
	0x2125, 0x1905, 0x2125, 0x2145, 0x2166, 0x2987, 0x2166, 0x2987, 0x52cc, 0x5b0c, 0x39e8, 0x1905, 0x2125, 0x2946, 0x2125, 0x2146, 
	0x1946, 0x1967, 0x00c5, 0x32ac, 0x6c94, 0x4bf2, 0x5413, 0x4bf2, 0x6473, 0x32ac, 0x0946, 0x08e5, 0x1125, 0x1926, 0x10e5, 0x1926, 
	0x1945, 0x1945, 0x2145, 0x2145, 0x2166, 0x2166, 0x2166, 0x2166, 0x2166, 0x2145, 0x2146, 0x2146, 0x2146, 0x2146, 0x2146, 0x2146, 
	0x2166, 0x2166, 0x2166, 0x2146, 0x2145, 0x2145, 0x2145, 0x2145, 0x2146, 0x1945, 0x2146, 0x2166, 0x2145, 0x2145, 0x2166, 0x2146, 
	0x2145, 0x2166, 0x2166, 0x2146, 0x2145, 0x2145, 0x2145, 0x2145, 0x2145, 0x2146, 0x2146, 0x2146, 0x1925, 0x2146, 0x1925, 0x1946, 
	0x2186, 0x08c3, 0x530c, 0xe77d, 0xdf5d, 0xc679, 0xbe38, 0xbdf7, 0xbdf7, 0xbe18, 0xce9a, 0x7c30, 0x2986, 0x29a6, 0x2166, 0x634d, 
	0x5b4d, 0x3a49, 0x4aaa, 0x636e, 0x8472, 0xa555, 0xb5d7, 0xb5d7, 0x634d, 0x10c4, 0x10e4, 0x1905, 0x18e4, 0x1925, 0x1925, 0x1925, 
	0x2125, 0x1905, 0x18e4, 0x1904, 0x2125, 0x1925, 0x1904, 0x1925, 0x2125, 0x29a7, 0x29a7, 0x2166, 0x2166, 0x2987, 0x2146, 0x2166, 
	0x2146, 0x2165, 0x2165, 0x2146, 0x2146, 0x2146, 0x2146, 0x2145, 0x2145, 0x2145, 0x2145, 0x2145, 0x1945, 0x1945, 0x1945, 0x1945, 
	0x2145, 0x2125, 0x2145, 0x2145, 0x2145, 0x2145, 0x2145, 0x1925, 0x1945, 0x1945, 0x1945, 0x1945, 0x2145, 0x2146, 0x2126, 0x2126, 
	0x2146, 0x2125, 0x2125, 0x2125, 0x2125, 0x2125, 0x2145, 0x2145, 0x2145, 0x2145, 0x2145, 0x2145, 0x2125, 0x2125, 0x2125, 0x2125, 
	0x2145, 0x2145, 0x2145, 0x2145, 0x2145, 0x2145, 0x2145, 0x2145, 0x2145, 0x2145, 0x2145, 0x2145, 0x2145, 0x2145, 0x2145, 0x2145, 
	0x2146, 0x2146, 0x1945, 0x1945, 0x1945, 0x2145, 0x2145, 0x2125, 0x2125, 0x2146, 0x2146, 0x1945, 0x1945, 0x1966, 0x1966, 0x1946, 
	0x1946, 0x1946, 0x1946, 0x1946, 0x1946, 0x1946, 0x1946, 0x1946, 0x1946, 0x1926, 0x1926, 0x1925, 0x1926, 0x1946, 0x1946, 0x1946, 
	0x1145, 0x1966, 0x1946, 0x1105, 0x1105, 0x1946, 0x1125, 0x1946, 0x1946, 0x1946, 0x1946, 0x1946, 0x1946, 0x2166, 0x2166, 0x2166, 
	0x2146, 0x2187, 0x1925, 0x2187, 0x2146, 0x1926, 0x29a7, 0x29a7, 0x2146, 0x1925, 0x2125, 0x2966, 0x2146, 0x2125, 0x2105, 0x1925, 
	0x1105, 0x0905, 0x328c, 0x6c94, 0x5412, 0x5412, 0x53f2, 0x6474, 0x2a6b, 0x00c4, 0x08e4, 0x1946, 0x1105, 0x2146, 0x2146, 0x1925, 
	0x1925, 0x1945, 0x2145, 0x2145, 0x2145, 0x2145, 0x2145, 0x2166, 0x2166, 0x2125, 0x2125, 0x2146, 0x2146, 0x2146, 0x2146, 0x2166, 
	0x2146, 0x2145, 0x2145, 0x1945, 0x1925, 0x1925, 0x1945, 0x1945, 0x1945, 0x2146, 0x1945, 0x1925, 0x2166, 0x2145, 0x1945, 0x2166, 
	0x2145, 0x2146, 0x2146, 0x2146, 0x2146, 0x2166, 0x2166, 0x2966, 0x2146, 0x2146, 0x1925, 0x1925, 0x2166, 0x1925, 0x2145, 0x1925, 
	0x0882, 0x530c, 0xdf3c, 0xd6fb, 0xc69a, 0xbe18, 0xbe18, 0xb5d7, 0xbe18, 0xce9a, 0x8c72, 0x2165, 0x2986, 0x2145, 0x73cf, 0xa596, 
	0x9514, 0x94f3, 0x9514, 0x9d14, 0xa555, 0xbe18, 0xbdf8, 0x5aec, 0x10a3, 0x18e4, 0x1904, 0x18e4, 0x1904, 0x10a3, 0x10e4, 0x10c4, 
	0x18e4, 0x18e4, 0x10e4, 0x10c4, 0x10c4, 0x1904, 0x31a7, 0x4249, 0x5aec, 0x94d4, 0x634e, 0x1905, 0x2967, 0x2146, 0x2166, 0x2146, 
	0x2186, 0x2186, 0x2166, 0x2166, 0x2146, 0x1946, 0x1946, 0x1946, 0x2146, 0x2146, 0x2146, 0x2146, 0x1945, 0x1945, 0x1946, 0x1946, 
	0x1946, 0x1945, 0x2145, 0x2145, 0x2125, 0x2145, 0x2145, 0x1945, 0x1945, 0x1945, 0x1945, 0x2145, 0x2145, 0x2146, 0x2126, 0x2126, 
	0x2125, 0x2125, 0x2145, 0x2145, 0x2145, 0x2145, 0x2145, 0x2145, 0x2145, 0x2145, 0x2145, 0x2145, 0x2145, 0x2145, 0x2145, 0x2145, 
	0x2145, 0x2145, 0x2145, 0x2145, 0x2145, 0x2145, 0x2145, 0x2145, 0x2145, 0x2145, 0x2145, 0x2145, 0x2145, 0x2145, 0x2145, 0x2145, 
	0x2146, 0x2146, 0x1945, 0x1945, 0x1945, 0x2145, 0x2145, 0x2125, 0x2146, 0x2146, 0x1946, 0x1946, 0x1166, 0x1147, 0x1147, 0x1146, 
	0x1126, 0x1126, 0x1126, 0x1126, 0x1126, 0x1126, 0x1106, 0x1106, 0x1106, 0x1106, 0x0905, 0x0905, 0x0906, 0x1106, 0x0906, 0x0906, 
	0x1126, 0x08e5, 0x1106, 0x1126, 0x1106, 0x0905, 0x1106, 0x1126, 0x1126, 0x1126, 0x1126, 0x1126, 0x1126, 0x1926, 0x1946, 0x1967, 
	0x1987, 0x1987, 0x1967, 0x1166, 0x1987, 0x19a7, 0x1987, 0x21a7, 0x1146, 0x2187, 0x2186, 0x1945, 0x1945, 0x2145, 0x2986, 0x2146, 
	0x1946, 0x324a, 0x7473, 0x5bf2, 0x53d1, 0x6453, 0x6453, 0x224a, 0x00e5, 0x1146, 0x10e4, 0x1925, 0x2145, 0x18e4, 0x1905, 0x1905, 
	0x2125, 0x1925, 0x1925, 0x1925, 0x2145, 0x2145, 0x2145, 0x2125, 0x2166, 0x2145, 0x2145, 0x2146, 0x2146, 0x2146, 0x2146, 0x2125, 
	0x2146, 0x2166, 0x2166, 0x2146, 0x2146, 0x2166, 0x2166, 0x2146, 0x2145, 0x2166, 0x2145, 0x2145, 0x2166, 0x2146, 0x2145, 0x2166, 
	0x2166, 0x2166, 0x2146, 0x2146, 0x2145, 0x2145, 0x2145, 0x2145, 0x2166, 0x1904, 0x2146, 0x2125, 0x2125, 0x1925, 0x1905, 0x0882, 
	0x4aaa, 0xdf1c, 0xdf1c, 0xbe38, 0xb5d7, 0xad96, 0xb5d7, 0xb5f7, 0xc659, 0x8cb2, 0x1904, 0x2986, 0x2145, 0x636e, 0xa555, 0x94d3, 
	0x94d3, 0x94f4, 0x94d3, 0xa555, 0xc659, 0xbdf8, 0x5b0c, 0x10a3, 0x2125, 0x18e4, 0x1905, 0x10c4, 0x2987, 0x3a09, 0x39e8, 0x3a09, 
	0x3a09, 0x39e8, 0x3a08, 0x4a6a, 0x5aec, 0x6b6e, 0x73af, 0x73f0, 0x7c10, 0x7c31, 0x8cb3, 0x31c8, 0x2146, 0x2146, 0x18e4, 0x2166, 
	0x2166, 0x2166, 0x1966, 0x1966, 0x1987, 0x2187, 0x1987, 0x2187, 0x1967, 0x1946, 0x1946, 0x1946, 0x1946, 0x1946, 0x1946, 0x1947, 
	0x1946, 0x1946, 0x1946, 0x1946, 0x1925, 0x2145, 0x2145, 0x2145, 0x1925, 0x1925, 0x1945, 0x2145, 0x2145, 0x2146, 0x2126, 0x2126, 
	0x2125, 0x2125, 0x2145, 0x2145, 0x2145, 0x2145, 0x2125, 0x2125, 0x2145, 0x2145, 0x2145, 0x2145, 0x2146, 0x2146, 0x2145, 0x2145, 
	0x2125, 0x2145, 0x2145, 0x2145, 0x2145, 0x2145, 0x2145, 0x2145, 0x2145, 0x2145, 0x2145, 0x2145, 0x2145, 0x2145, 0x2145, 0x2145, 
	0x2125, 0x2125, 0x2145, 0x1945, 0x1945, 0x2145, 0x2125, 0x2146, 0x2146, 0x1946, 0x1966, 0x19a8, 0x19c9, 0x19c9, 0x19a9, 0x19a9, 
	0x19a9, 0x19a9, 0x19a8, 0x19a9, 0x19a9, 0x19a9, 0x19a8, 0x1988, 0x19a8, 0x1188, 0x1188, 0x1188, 0x19a8, 0x19a9, 0x19a8, 0x1188, 
	0x19a8, 0x19a9, 0x19a9, 0x1188, 0x19c9, 0x19a9, 0x19a9, 0x19a9, 0x19a9, 0x19a9, 0x19a9, 0x19c9, 0x19c9, 0x19c9, 0x19c9, 0x21e9, 
	0x19e9, 0x19c9, 0x19e9, 0x11a8, 0x1187, 0x0967, 0x1187, 0x0967, 0x1167, 0x1167, 0x1146, 0x1946, 0x1966, 0x1945, 0x1925, 0x2166, 
	0x1126, 0x29e9, 0x538f, 0x6c53, 0x6c53, 0x6412, 0x220a, 0x0105, 0x1146, 0x1125, 0x2166, 0x2145, 0x1904, 0x2145, 0x2146, 0x2125, 
	0x2125, 0x2145, 0x2145, 0x1925, 0x1925, 0x2125, 0x2145, 0x2145, 0x2125, 0x2125, 0x2125, 0x2145, 0x2146, 0x2166, 0x2986, 0x2166, 
	0x2966, 0x2966, 0x2966, 0x2166, 0x2166, 0x2166, 0x2166, 0x2145, 0x2986, 0x2145, 0x2146, 0x2166, 0x2145, 0x2146, 0x2166, 0x2145, 
	0x2146, 0x2166, 0x2166, 0x2166, 0x2166, 0x2966, 0x2966, 0x2966, 0x2966, 0x2146, 0x2145, 0x2145, 0x18e4, 0x2125, 0x0862, 0x4a8a, 
	0xdf3c, 0xcedb, 0xbe18, 0xad96, 0xadb7, 0xb5d7, 0xa576, 0xbdf8, 0x8c72, 0x1904, 0x2986, 0x2145, 0x634d, 0xa576, 0x94f3, 0x94d3, 
	0x94f3, 0x8cb2, 0xa576, 0xc659, 0xb5d7, 0x52ec, 0x1904, 0x2966, 0x1905, 0x2966, 0x18e4, 0x31c8, 0x7c11, 0x7c11, 0x7bf0, 0x7bf0, 
	0x8431, 0x7c10, 0x7c10, 0x8411, 0x7c10, 0x7bf0, 0x7bf0, 0x73cf, 0x73af, 0x6b8e, 0x8c93, 0x634e, 0x1904, 0x1925, 0x2145, 0x2146, 
	0x2186, 0x2186, 0x1966, 0x1967, 0x1987, 0x1187, 0x1167, 0x1167, 0x1167, 0x1167, 0x1147, 0x1147, 0x1147, 0x1147, 0x1147, 0x1147, 
	0x1147, 0x1146, 0x1146, 0x1946, 0x1926, 0x1925, 0x2125, 0x2125, 0x2125, 0x2125, 0x2145, 0x2145, 0x2145, 0x2145, 0x2145, 0x2125, 
	0x2145, 0x2145, 0x2145, 0x2125, 0x2125, 0x2125, 0x2125, 0x2145, 0x2125, 0x2125, 0x2145, 0x2145, 0x2145, 0x2125, 0x2125, 0x2125, 
	0x2125, 0x2145, 0x2145, 0x2145, 0x2145, 0x2145, 0x2145, 0x2145, 0x2145, 0x2145, 0x2145, 0x2145, 0x2145, 0x2145, 0x2145, 0x2145, 
	0x2125, 0x2125, 0x1945, 0x1945, 0x2145, 0x2125, 0x2125, 0x2126, 0x2146, 0x1926, 0x2a2a, 0x5390, 0x53b1, 0x4b90, 0x4b90, 0x4370, 
	0x4b70, 0x4b70, 0x4b91, 0x4b70, 0x4370, 0x4b91, 0x4b91, 0x4b91, 0x4370, 0x4370, 0x4370, 0x4b70, 0x4b91, 0x4b91, 0x4391, 0x4390, 
	0x4b91, 0x4b91, 0x4bb1, 0x4bb1, 0x4bb1, 0x4bb1, 0x4bb1, 0x4bb1, 0x4bb1, 0x4bd2, 0x4bd2, 0x4bd2, 0x4bd2, 0x4bd2, 0x4bf2, 0x53f2, 
	0x4bf2, 0x53f2, 0x53f2, 0x4bb1, 0x4370, 0x3b2f, 0x2acd, 0x226b, 0x19e9, 0x0967, 0x0926, 0x1146, 0x1145, 0x1966, 0x2186, 0x2166, 
	0x1987, 0x1166, 0x1146, 0x324a, 0x63d0, 0x322a, 0x08e5, 0x1146, 0x1946, 0x1925, 0x2125, 0x2145, 0x2145, 0x2125, 0x2145, 0x2145, 
	0x1925, 0x1905, 0x1905, 0x2145, 0x2145, 0x2125, 0x2125, 0x1925, 0x2125, 0x2125, 0x2125, 0x2145, 0x1925, 0x10e4, 0x10e4, 0x10e4, 
	0x10e4, 0x10e4, 0x10c3, 0x10c3, 0x10c3, 0x10c3, 0x10c3, 0x10c3, 0x10c3, 0x10c3, 0x10a3, 0x08a2, 0x0882, 0x0882, 0x08a2, 0x08a3, 
	0x10c3, 0x10c3, 0x10c3, 0x10e4, 0x10e4, 0x10e4, 0x10e4, 0x18e4, 0x10c3, 0x10e3, 0x10a3, 0x10a2, 0x10a3, 0x1082, 0x5aec, 0xdf1c, 
	0xc679, 0xbe18, 0xad96, 0xad96, 0xa576, 0xa576, 0xb5d8, 0x8452, 0x18e4, 0x2125, 0x2125, 0x5b0c, 0xa555, 0x8cb3, 0x94f4, 0x94b3, 
	0x94d3, 0xad76, 0xb5d7, 0xbdf8, 0x5aec, 0x1904, 0x2966, 0x2987, 0x2986, 0x10e4, 0x4229, 0x8431, 0x7c11, 0x8431, 0x7c11, 0x7c11, 
	0x7c10, 0x7bf0, 0x7c10, 0x7c10, 0x7bf0, 0x7bef, 0x7bf0, 0x7bef, 0x73af, 0x7bf0, 0x7bf0, 0x94b3, 0x31c7, 0x10e4, 0x2166, 0x2145, 
	0x2186, 0x2187, 0x1967, 0x21c9, 0x430e, 0x4b70, 0x434f, 0x3b2f, 0x434f, 0x3b0e, 0x432f, 0x3b0e, 0x3b0e, 0x3aee, 0x3ace, 0x3b0f, 
	0x3b2f, 0x3b0e, 0x430e, 0x326b, 0x1126, 0x1926, 0x1925, 0x2125, 0x2125, 0x2125, 0x2145, 0x2145, 0x2145, 0x2145, 0x2145, 0x2145, 
	0x2145, 0x2145, 0x2145, 0x2145, 0x2125, 0x2125, 0x2125, 0x2125, 0x2125, 0x2145, 0x2145, 0x2145, 0x2146, 0x2146, 0x2145, 0x2145, 
	0x2145, 0x2145, 0x2146, 0x2146, 0x2145, 0x2145, 0x2145, 0x2145, 0x2146, 0x2145, 0x2145, 0x2146, 0x2146, 0x2145, 0x2145, 0x2146, 
	0x2146, 0x2145, 0x2145, 0x2145, 0x2145, 0x2145, 0x2125, 0x2126, 0x1926, 0x1105, 0x220a, 0x434f, 0x4bd1, 0x53f3, 0x53f3, 0x4bf3, 
	0x4bf2, 0x4bf2, 0x4bf2, 0x4bf2, 0x5413, 0x4bf3, 0x4bf2, 0x5454, 0x5433, 0x5413, 0x5413, 0x5433, 0x5434, 0x5433, 0x5433, 0x5433, 
	0x5433, 0x5434, 0x5434, 0x5434, 0x5434, 0x5454, 0x5454, 0x5454, 0x4c34, 0x5454, 0x5454, 0x5454, 0x5454, 0x5454, 0x5454, 0x5454, 
	0x5475, 0x5475, 0x5454, 0x4c13, 0x4bf3, 0x4bf3, 0x4c13, 0x4bf2, 0x53d2, 0x4bb0, 0x3b0e, 0x2a4a, 0x19a7, 0x1146, 0x1166, 0x1967, 
	0x1987, 0x1166, 0x1967, 0x1146, 0x1946, 0x1125, 0x1946, 0x1925, 0x2146, 0x2125, 0x1925, 0x2145, 0x2166, 0x1945, 0x1925, 0x2145, 
	0x1925, 0x2146, 0x2145, 0x1904, 0x2125, 0x1925, 0x10e4, 0x1925, 0x08a3, 0x10a3, 0x10c3, 0x2145, 0x3a08, 0x5aec, 0x73af, 0x7c10, 
	0x8451, 0x8451, 0x8431, 0x8430, 0x8431, 0x7c30, 0x7c10, 0x7c10, 0x7bf0, 0x7bf0, 0x7bf0, 0x73ef, 0x73ef, 0x7bf0, 0x7bf0, 0x7bf0, 
	0x7c10, 0x7c10, 0x7c10, 0x7c30, 0x7c31, 0x7c31, 0x7c30, 0x7c30, 0x8431, 0x7c30, 0x8431, 0x73cf, 0x7bcf, 0x8c71, 0xe71c, 0xce59, 
	0xbdf8, 0xad96, 0xa576, 0xadb7, 0xa555, 0xb5b7, 0x8472, 0x10c4, 0x1905, 0x1905, 0x5aec, 0xa555, 0x94d3, 0x8c92, 0x94d3, 0x94d3, 
	0x9d14, 0xbdf8, 0xb5f8, 0x4a6a, 0x1904, 0x29a7, 0x2966, 0x2166, 0x2145, 0x2986, 0x5b0c, 0x94b3, 0x8431, 0x7c10, 0x7c10, 0x7c10, 
	0x7c10, 0x7bf0, 0x7bf0, 0x7bef, 0x7bf0, 0x7bf0, 0x73cf, 0x7bef, 0x7c10, 0x636d, 0x73af, 0x8cb2, 0x5b2c, 0x08a3, 0x2145, 0x1945, 
	0x2146, 0x2187, 0x1967, 0x21e9, 0x4b90, 0x53f2, 0x5433, 0x4c12, 0x43d1, 0x4bf2, 0x4bd1, 0x4bd2, 0x4bb1, 0x4bd2, 0x4bb2, 0x4391, 
	0x4391, 0x4390, 0x434f, 0x3acd, 0x1947, 0x2147, 0x2126, 0x2126, 0x2125, 0x2125, 0x2125, 0x2125, 0x2145, 0x2145, 0x1945, 0x1945, 
	0x2145, 0x2125, 0x2125, 0x2125, 0x2125, 0x2125, 0x2125, 0x2125, 0x2145, 0x2145, 0x2145, 0x2145, 0x2145, 0x2145, 0x2145, 0x2145, 
	0x2145, 0x2145, 0x2145, 0x2145, 0x2145, 0x2145, 0x2145, 0x2145, 0x2145, 0x2145, 0x2145, 0x2145, 0x2145, 0x2145, 0x2145, 0x2145, 
	0x2145, 0x2145, 0x2145, 0x2145, 0x2125, 0x2125, 0x2125, 0x2126, 0x1946, 0x1126, 0x222a, 0x4370, 0x5413, 0x64b6, 0x5cb6, 0x5cb6, 
	0x64f7, 0x64f6, 0x64f7, 0x64f7, 0x64f7, 0x6517, 0x6d37, 0x64f7, 0x6d38, 0x6d38, 0x6d38, 0x6d38, 0x6d58, 0x6d58, 0x6d58, 0x6d38, 
	0x6d38, 0x7538, 0x6d38, 0x6d38, 0x6d38, 0x6d58, 0x6d58, 0x6d58, 0x6d58, 0x6d58, 0x6d58, 0x6d58, 0x6d78, 0x6d79, 0x6d79, 0x6d79, 
	0x6d79, 0x6d59, 0x6d59, 0x6d59, 0x6d58, 0x6d18, 0x64b6, 0x5c75, 0x5413, 0x5413, 0x4bd1, 0x53d1, 0x53b0, 0x32cd, 0x19c9, 0x0967, 
	0x19a8, 0x1987, 0x1987, 0x1966, 0x1946, 0x1925, 0x2125, 0x1905, 0x1905, 0x2146, 0x2146, 0x2145, 0x1945, 0x2166, 0x2166, 0x1925, 
	0x2146, 0x2146, 0x2125, 0x2125, 0x1925, 0x18e4, 0x10c3, 0x0882, 0x31e7, 0x634d, 0x9d34, 0xce9a, 0xe75d, 0xe77d, 0xef9e, 0xf7df, 
	0xef9e, 0xf79e, 0xef9e, 0xef9e, 0xef9e, 0xef9e, 0xef7e, 0xef7d, 0xef5d, 0xef7d, 0xef5d, 0xe75d, 0xe75d, 0xe75d, 0xe75d, 0xe75d, 
	0xe77d, 0xef7e, 0xef9e, 0xefbe, 0xefbf, 0xf7df, 0xf7bf, 0xf7bf, 0xf7df, 0xf7bf, 0xef9e, 0xf7be, 0xef7d, 0xf79e, 0xce59, 0xc618, 
	0xb5b7, 0xad96, 0xadb7, 0xa576, 0xb5f8, 0x8c72, 0x10c4, 0x1905, 0x10a3, 0x4a8b, 0x9d15, 0x94b3, 0x8c92, 0x94d3, 0x8431, 0x9d14, 
	0xbe18, 0xb5d7, 0x426a, 0x2145, 0x2146, 0x2146, 0x2145, 0x2986, 0x6b8f, 0x8c93, 0x3a09, 0x7c31, 0x8451, 0x8451, 0x8451, 0x8451, 
	0x8430, 0x7c10, 0x7c10, 0x7bef, 0x7c10, 0x7c10, 0x73cf, 0x7bef, 0x73af, 0x7bef, 0x6bae, 0x7c10, 0x8451, 0x2986, 0x1925, 0x1925, 
	0x2166, 0x2167, 0x1967, 0x19a8, 0x436f, 0x5433, 0x6d17, 0x6d37, 0x6d57, 0x6d78, 0x6d78, 0x6d57, 0x6d37, 0x6d17, 0x6d17, 0x6d17, 
	0x6d17, 0x5cb5, 0x4370, 0x32ad, 0x08e5, 0x1926, 0x1905, 0x2126, 0x2125, 0x2125, 0x2125, 0x2125, 0x2145, 0x2145, 0x1945, 0x1945, 
	0x1925, 0x2125, 0x2125, 0x2125, 0x2125, 0x2125, 0x2125, 0x2145, 0x2145, 0x2145, 0x2145, 0x2145, 0x2145, 0x2145, 0x2145, 0x2145, 
	0x2125, 0x2125, 0x2145, 0x2145, 0x2145, 0x2145, 0x2145, 0x2146, 0x2145, 0x2125, 0x2145, 0x2145, 0x2145, 0x2145, 0x2145, 0x2145, 
	0x2145, 0x2145, 0x2145, 0x2145, 0x2125, 0x2125, 0x2125, 0x2126, 0x1926, 0x08e5, 0x21ea, 0x3b4f, 0x4bf2, 0x5cd6, 0x5cd7, 0x5cd7, 
	0x5cd6, 0x5cd6, 0x5cd6, 0x6517, 0x64f7, 0x64f7, 0x6d38, 0x6d38, 0x6d37, 0x6d37, 0x6d37, 0x6d37, 0x6d37, 0x6d37, 0x6d37, 0x6d37, 
	0x6d37, 0x6d18, 0x6d38, 0x6d38, 0x6d38, 0x6d38, 0x6d38, 0x6d38, 0x6d38, 0x6d38, 0x6d38, 0x6d38, 0x6d58, 0x6d58, 0x6d58, 0x6d58, 
	0x6d59, 0x6d59, 0x6d59, 0x6d59, 0x6d38, 0x6d58, 0x7578, 0x7579, 0x7579, 0x6d17, 0x64d6, 0x5c94, 0x4bf2, 0x4bf2, 0x4bd1, 0x32ee, 
	0x11a8, 0x0946, 0x1167, 0x1946, 0x1946, 0x2146, 0x1905, 0x2125, 0x2125, 0x1925, 0x2146, 0x2166, 0x2166, 0x2166, 0x2166, 0x2166, 
	0x2146, 0x2146, 0x1925, 0x2146, 0x18e4, 0x0882, 0x4229, 0x9cf4, 0xd6fb, 0xe75d, 0xe75d, 0xd6fb, 0xd6ba, 0xd6ba, 0xce9a, 0xd6ba, 
	0xdefb, 0xe71c, 0xe73c, 0xe73c, 0xe73d, 0xef5d, 0xe73d, 0xe73d, 0xe73c, 0xe73d, 0xe73d, 0xe73c, 0xe73c, 0xe71c, 0xdefc, 0xdefb, 
	0xd6bb, 0xd6bb, 0xd6bb, 0xd6bb, 0xd6bb, 0xceba, 0xce9a, 0xce9a, 0xce9a, 0xce9a, 0xc659, 0xc659, 0xce59, 0xc638, 0xc618, 0xb5b6, 
	0xb5b7, 0xb5d7, 0xa555, 0xbdf8, 0x8c93, 0x18e4, 0x1905, 0x10c3, 0x52ab, 0x9d15, 0x8cb3, 0x8c93, 0x8472, 0x8c72, 0x9d14, 0xb5d7, 
	0xbdf8, 0x4a8a, 0x18e4, 0x2145, 0x2987, 0x2986, 0x2145, 0x2987, 0x94b3, 0xad76, 0x636e, 0x4aab, 0x8c72, 0x8451, 0x8451, 0x7c10, 
	0x7c10, 0x8430, 0x7c10, 0x7bef, 0x7bef, 0x7bef, 0x7bef, 0x7bef, 0x7bf0, 0x73ae, 0x73cf, 0x8431, 0x94d3, 0x52cb, 0x08c3, 0x1925, 
	0x2125, 0x1926, 0x1967, 0x19a8, 0x3b2f, 0x4c13, 0x7558, 0x6537, 0x6557, 0x6537, 0x6537, 0x6d57, 0x6d57, 0x6537, 0x64f7, 0x64f7, 
	0x64f7, 0x5c95, 0x332f, 0x3aee, 0x1147, 0x1947, 0x2126, 0x2125, 0x2125, 0x2125, 0x2125, 0x2145, 0x2145, 0x2145, 0x1945, 0x2145, 
	0x1925, 0x2125, 0x2125, 0x2145, 0x2125, 0x2125, 0x2125, 0x2145, 0x2125, 0x2125, 0x2125, 0x2145, 0x2145, 0x2145, 0x2145, 0x2145, 
	0x2125, 0x2125, 0x2145, 0x2145, 0x2145, 0x2145, 0x2145, 0x2145, 0x2145, 0x2145, 0x2145, 0x2145, 0x2145, 0x2145, 0x2145, 0x2145, 
	0x2145, 0x2145, 0x2145, 0x2145, 0x2125, 0x2125, 0x2125, 0x2125, 0x1946, 0x0905, 0x220a, 0x4370, 0x4bf3, 0x5cd6, 0x5cd6, 0x5cd7, 
	0x5475, 0x64f6, 0x6517, 0x64f7, 0x6d37, 0x6d17, 0x64f6, 0x6d17, 0x6d17, 0x6d17, 0x6d37, 0x6d37, 0x6d37, 0x6d37, 0x6d37, 0x6d37, 
	0x6d37, 0x6d37, 0x6d37, 0x6d37, 0x6d37, 0x6d38, 0x7558, 0x7558, 0x7558, 0x6d58, 0x6d58, 0x6d58, 0x6d57, 0x6d57, 0x6d57, 0x6d58, 
	0x6d58, 0x6d58, 0x6d58, 0x6d58, 0x6d58, 0x6d38, 0x6537, 0x6537, 0x6d58, 0x6d78, 0x6d78, 0x7599, 0x6d57, 0x5cb5, 0x4c33, 0x43d2, 
	0x4390, 0x32cd, 0x1188, 0x00e5, 0x1126, 0x2166, 0x1925, 0x1925, 0x1925, 0x2166, 0x2146, 0x2146, 0x2186, 0x2166, 0x1945, 0x2986, 
	0x2166, 0x2166, 0x2166, 0x10c3, 0x39e8, 0xa535, 0xdf3c, 0xef7e, 0xd6bb, 0xce9a, 0xc659, 0xc659, 0xce79, 0xc659, 0xc659, 0xd6bb, 
	0xd6ba, 0xdefc, 0xe73c, 0xe73d, 0xe73d, 0xe75d, 0xef5d, 0xef5d, 0xef5d, 0xef5d, 0xef7d, 0xef5d, 0xef5d, 0xe73c, 0xdefc, 0xd6db, 
	0xd6db, 0xd6bb, 0xce9a, 0xce9a, 0xce7a, 0xc679, 0xc659, 0xc659, 0xc659, 0xc639, 0xbe18, 0xc659, 0xbdf8, 0xbdd7, 0xbdf7, 0xb5d7, 
	0xb5d7, 0xad96, 0xbe18, 0x94d3, 0x10c3, 0x2125, 0x18e4, 0x4a8a, 0x9d14, 0x8cb3, 0x94b3, 0x8c92, 0x8451, 0x94d3, 0xb5d7, 0xb5d7, 
	0x4a8a, 0x18c4, 0x2946, 0x2125, 0x2125, 0x2146, 0x31a7, 0x2125, 0x4a6a, 0x9d15, 0x9cf4, 0x4a8a, 0x6b8e, 0x8c71, 0x8c72, 0x8430, 
	0x8430, 0x8430, 0x7c10, 0x8430, 0x7c10, 0x7bcf, 0x7c10, 0x7bcf, 0x6b8e, 0x7bef, 0x8451, 0x94d3, 0x6b8e, 0x2165, 0x1104, 0x1925, 
	0x2125, 0x2146, 0x1106, 0x1188, 0x3b0e, 0x43b1, 0x6d17, 0x5cd6, 0x64f6, 0x7577, 0x7557, 0x6d16, 0x64d5, 0x7557, 0x6d17, 0x5cd6, 
	0x64f7, 0x5cb5, 0x332f, 0x32cd, 0x1126, 0x1105, 0x1925, 0x2125, 0x2125, 0x2125, 0x2125, 0x2145, 0x2145, 0x2145, 0x2145, 0x2145, 
	0x2145, 0x2145, 0x2145, 0x2145, 0x2145, 0x2125, 0x2145, 0x2145, 0x2125, 0x2125, 0x2145, 0x2145, 0x2145, 0x2145, 0x2145, 0x2145, 
	0x2145, 0x2145, 0x2145, 0x2145, 0x2145, 0x2145, 0x2145, 0x2145, 0x2125, 0x2125, 0x2125, 0x2145, 0x2145, 0x2145, 0x2145, 0x2145, 
	0x2146, 0x2146, 0x1945, 0x1925, 0x2125, 0x2125, 0x2105, 0x1905, 0x1926, 0x0905, 0x19e9, 0x4370, 0x4bf2, 0x5cb6, 0x54b6, 0x5cb6, 
	0x6cf7, 0x5c74, 0x5434, 0x5c74, 0x64b5, 0x6cd6, 0x64b5, 0x64b5, 0x6495, 0x6495, 0x64b5, 0x64b5, 0x64b5, 0x64b5, 0x64b5, 0x64b5, 
	0x64b5, 0x64b5, 0x64b5, 0x6494, 0x6495, 0x64b5, 0x64b5, 0x64b5, 0x64b5, 0x64d5, 0x64d5, 0x64d5, 0x64b5, 0x64b5, 0x64d5, 0x64d5, 
	0x6cf6, 0x6cf6, 0x6d16, 0x7557, 0x7d78, 0x7598, 0x7578, 0x7578, 0x6d37, 0x6d37, 0x6517, 0x6537, 0x6557, 0x6d78, 0x6558, 0x5cb5, 
	0x43d2, 0x4370, 0x4bb1, 0x32ac, 0x0926, 0x0925, 0x1946, 0x1946, 0x1946, 0x1925, 0x2166, 0x2166, 0x1925, 0x2166, 0x29a7, 0x2145, 
	0x2166, 0x2986, 0x1925, 0x6b8e, 0xdefc, 0xef9e, 0xd6db, 0xc639, 0xc659, 0xce7a, 0xce9a, 0xc659, 0xce79, 0xce7a, 0xc639, 0xc659, 
	0xce9a, 0xdedb, 0xe71c, 0xe73c, 0xe73c, 0xe73d, 0xe75d, 0xef5d, 0xef5d, 0xef5d, 0xef7d, 0xef5d, 0xe75d, 0xe73c, 0xdefb, 0xd6bb, 
	0xd6ba, 0xd69a, 0xce7a, 0xce79, 0xc659, 0xc659, 0xc659, 0xc659, 0xbe39, 0xbe39, 0xbe18, 0xbe18, 0xbdf8, 0xbdf8, 0xbdd7, 0xb5b7, 
	0xad96, 0xc619, 0x94d3, 0x2125, 0x2166, 0x10e4, 0x4aab, 0x9d14, 0x94d3, 0x8431, 0x8c92, 0x8c92, 0x94b3, 0xad96, 0xb5d7, 0x4a69, 
	0x0882, 0x1905, 0x2125, 0x2125, 0x2966, 0x2125, 0x2146, 0x2986, 0x2125, 0x73af, 0xb5b7, 0x73af, 0x4a69, 0x8c71, 0x8c72, 0x8c71, 
	0x8451, 0x8431, 0x7c10, 0x8431, 0x8430, 0x7bef, 0x8410, 0x7bcf, 0x8410, 0x94b2, 0x9cf4, 0x5aec, 0x10c3, 0x10e4, 0x1924, 0x1925, 
	0x1925, 0x1905, 0x1946, 0x1167, 0x3b0e, 0x4bb1, 0x5c95, 0x6cf6, 0x6d36, 0x4c12, 0x1a6b, 0x09c9, 0x1a2b, 0x2acd, 0x5c54, 0x6cf6, 
	0x64f6, 0x5c95, 0x332f, 0x32cd, 0x1167, 0x1125, 0x1925, 0x2145, 0x2125, 0x2125, 0x2125, 0x2145, 0x2145, 0x2145, 0x2145, 0x2145, 
	0x2145, 0x2145, 0x2145, 0x2145, 0x2145, 0x2145, 0x2145, 0x2145, 0x2145, 0x2145, 0x2145, 0x2145, 0x2145, 0x2145, 0x2145, 0x2145, 
	0x2125, 0x2145, 0x2145, 0x2145, 0x2145, 0x2145, 0x2145, 0x2145, 0x2125, 0x1925, 0x1925, 0x2145, 0x2145, 0x1945, 0x1945, 0x2145, 
	0x2146, 0x2146, 0x1925, 0x1925, 0x2125, 0x2125, 0x2105, 0x1905, 0x1925, 0x1105, 0x19e9, 0x4390, 0x4c12, 0x5cb6, 0x54b6, 0x5cb6, 
	0x6cf6, 0x1a2b, 0x0168, 0x11ea, 0x09a9, 0x09a9, 0x11a9, 0x11ca, 0x11a9, 0x11a9, 0x11a9, 0x11c9, 0x11c9, 0x11c9, 0x11c9, 0x11a9, 
	0x11c9, 0x09a9, 0x09a8, 0x09a8, 0x0988, 0x0988, 0x0988, 0x0988, 0x09a8, 0x09a8, 0x0988, 0x0988, 0x0988, 0x09a8, 0x11a8, 0x11a8, 
	0x0988, 0x11a8, 0x19e9, 0x1a0a, 0x224b, 0x32cd, 0x4bb0, 0x5c53, 0x7537, 0x7d78, 0x6d37, 0x6d17, 0x6517, 0x64f7, 0x5cf7, 0x6d18, 
	0x6d17, 0x5c54, 0x3b50, 0x4bb1, 0x3aee, 0x0967, 0x1167, 0x1946, 0x1945, 0x2166, 0x1925, 0x1945, 0x2987, 0x2146, 0x1905, 0x2166, 
	0x2145, 0x2166, 0x9d34, 0xffff, 0xe75d, 0xce7a, 0xc659, 0xc639, 0xce7a, 0xbe18, 0xbe18, 0xbe18, 0xce7a, 0xd6db, 0xd6db, 0xdefc, 
	0xe73c, 0xe75d, 0xef7e, 0xef9e, 0xf7be, 0xf7be, 0xf7bf, 0xffdf, 0xffff, 0xffff, 0xffff, 0xf7df, 0xf7df, 0xf7bf, 0xef9e, 0xef5d, 
	0xe73d, 0xe71c, 0xdefc, 0xdedc, 0xd6db, 0xd6db, 0xd6bb, 0xcebb, 0xd6bb, 0xcebb, 0xce7a, 0xce7a, 0xce7a, 0xce9a, 0xc639, 0xd69a, 
	0xce7a, 0xad76, 0x3187, 0x2966, 0x18e4, 0x52ab, 0xad75, 0x94f3, 0x8c92, 0x94f3, 0x8c92, 0x94f3, 0xad75, 0xb5f7, 0x4a69, 0x0862, 
	0x2125, 0x18e4, 0x1905, 0x1905, 0x2126, 0x2126, 0x2146, 0x31a7, 0x2166, 0x31c8, 0x9cd4, 0xad76, 0x4a8a, 0x6b8e, 0x8c92, 0x7c10, 
	0x8451, 0x8451, 0x8430, 0x8430, 0x8431, 0x8410, 0x8410, 0x8c51, 0x94d3, 0xa535, 0x4249, 0x10e3, 0x1904, 0x2145, 0x1945, 0x1925, 
	0x2145, 0x1105, 0x1967, 0x0926, 0x32cd, 0x4b91, 0x6c95, 0x6cb5, 0x32cd, 0x00e6, 0x0147, 0x0106, 0x0106, 0x00e6, 0x1188, 0x53f2, 
	0x64d6, 0x64d6, 0x3b4f, 0x32cc, 0x1146, 0x1946, 0x1945, 0x2125, 0x2125, 0x2145, 0x1945, 0x1945, 0x2145, 0x2145, 0x2145, 0x2145, 
	0x2125, 0x2145, 0x2145, 0x2145, 0x2145, 0x2145, 0x2145, 0x2145, 0x2125, 0x2145, 0x2145, 0x2145, 0x2145, 0x2145, 0x2145, 0x2145, 
	0x1925, 0x1925, 0x2125, 0x2145, 0x2145, 0x2145, 0x2145, 0x2145, 0x2145, 0x2125, 0x2145, 0x2145, 0x2145, 0x2145, 0x2145, 0x2146, 
	0x2146, 0x2146, 0x2145, 0x2145, 0x2125, 0x2125, 0x2125, 0x1925, 0x1925, 0x1126, 0x19e9, 0x4370, 0x4bf2, 0x5cb6, 0x5cd6, 0x5cb5, 
	0x6cf6, 0x222b, 0x0968, 0x1189, 0x0948, 0x0968, 0x0968, 0x0127, 0x0147, 0x0147, 0x0147, 0x0147, 0x0147, 0x0147, 0x0147, 0x0147, 
	0x0147, 0x0147, 0x0127, 0x0127, 0x0127, 0x0127, 0x0147, 0x0147, 0x0147, 0x0127, 0x0127, 0x0126, 0x0106, 0x0106, 0x0106, 0x0106, 
	0x0126, 0x0106, 0x0106, 0x0126, 0x0126, 0x0106, 0x0106, 0x0126, 0x09a8, 0x32cd, 0x6474, 0x7d37, 0x6d17, 0x6cf7, 0x6d17, 0x64f7, 
	0x6d17, 0x6d17, 0x6d17, 0x4bd2, 0x53f2, 0x4bb0, 0x11a8, 0x1167, 0x1966, 0x1966, 0x2166, 0x2146, 0x1925, 0x2146, 0x2126, 0x18c4, 
	0x2146, 0xb5f8, 0xf7bf, 0xce9a, 0xbdf8, 0xbe18, 0xc639, 0xc679, 0xc639, 0xce9a, 0xdefc, 0xc679, 0xa555, 0x8c72, 0x6b8e, 0x5b0c, 
	0x52cb, 0x5aeb, 0x5aec, 0x5aec, 0x5b0c, 0x5b0c, 0x632c, 0x634d, 0x6b6e, 0x6b6d, 0x634d, 0x634d, 0x634d, 0x634d, 0x634d, 0x632d, 
	0x632d, 0x630c, 0x5aec, 0x5aec, 0x5aec, 0x5aec, 0x52cc, 0x52cb, 0x52cb, 0x52cb, 0x52cc, 0x52ec, 0x5b0c, 0x5b0c, 0x632d, 0x632d, 
	0x634d, 0x2966, 0x2146, 0x1904, 0x52cb, 0xb5f7, 0x94d3, 0x94f3, 0x94f3, 0x94f3, 0x94f3, 0xad76, 0xbdf8, 0x52aa, 0x0882, 0x1904, 
	0x1925, 0x1905, 0x1905, 0x2146, 0x1925, 0x2125, 0x2146, 0x2125, 0x2966, 0x2146, 0x634d, 0xad76, 0x7c10, 0x4a8a, 0x8c71, 0x8c71, 
	0x8451, 0x8c71, 0x8c71, 0x8430, 0x8c51, 0x8c72, 0x8451, 0xa555, 0x9d14, 0x39e8, 0x1904, 0x2125, 0x2145, 0x2145, 0x1945, 0x1925, 
	0x1925, 0x1945, 0x1126, 0x1167, 0x42ee, 0x4b70, 0x7d16, 0x434f, 0x0106, 0x0106, 0x0947, 0x19e9, 0x1188, 0x1168, 0x0106, 0x0968, 
	0x6475, 0x64b5, 0x4370, 0x3acd, 0x1146, 0x1966, 0x2145, 0x2145, 0x2145, 0x2145, 0x1945, 0x1945, 0x2145, 0x2145, 0x2125, 0x2125, 
	0x1925, 0x2145, 0x2145, 0x2145, 0x2145, 0x2145, 0x2145, 0x2145, 0x1925, 0x1925, 0x2145, 0x2145, 0x2145, 0x2145, 0x2145, 0x2145, 
	0x1925, 0x2125, 0x2125, 0x2125, 0x2125, 0x2125, 0x2145, 0x2145, 0x2145, 0x2145, 0x2145, 0x2145, 0x2145, 0x2145, 0x2145, 0x2145, 
	0x2145, 0x2145, 0x2146, 0x2146, 0x2125, 0x2125, 0x2125, 0x2125, 0x1926, 0x1106, 0x220a, 0x4370, 0x4bf2, 0x5cb6, 0x5cb6, 0x5cb6, 
	0x6cf6, 0x226b, 0x0968, 0x19c9, 0x3b0e, 0x32ee, 0x330e, 0x330e, 0x330e, 0x3b2f, 0x3b0e, 0x3b0e, 0x32ee, 0x3b2e, 0x332f, 0x330f, 
	0x330e, 0x330e, 0x3b0e, 0x3b0f, 0x3b2f, 0x3b2f, 0x3b0f, 0x330f, 0x330e, 0x330e, 0x32ee, 0x32ee, 0x32ed, 0x32ed, 0x32cd, 0x32cd, 
	0x2a8c, 0x2aac, 0x224b, 0x11c9, 0x0967, 0x0127, 0x0126, 0x0106, 0x0106, 0x0105, 0x0926, 0x19a9, 0x5bf2, 0x7d37, 0x6cf6, 0x6cf6, 
	0x64f6, 0x6517, 0x6d37, 0x7558, 0x5c94, 0x43d1, 0x43d0, 0x11e9, 0x1167, 0x1988, 0x2167, 0x1946, 0x1925, 0x2146, 0x18e4, 0x2125, 
	0xb5d7, 0xe75d, 0xbe18, 0xb5d7, 0xc639, 0xbe18, 0xbe18, 0xc67a, 0xd6bb, 0xb5d7, 0x6b8e, 0x39e8, 0x1904, 0x08a3, 0x10e4, 0x0882, 
	0x08a3, 0x0882, 0x0882, 0x0882, 0x0882, 0x0882, 0x0882, 0x1083, 0x1083, 0x1083, 0x10a3, 0x10a3, 0x10a3, 0x10c3, 0x10c4, 0x10a3, 
	0x10a3, 0x10a3, 0x10a3, 0x08a3, 0x08a2, 0x0882, 0x1082, 0x10a3, 0x10a3, 0x10a3, 0x10c4, 0x10e4, 0x10e4, 0x10c4, 0x18e4, 0x1905, 
	0x2145, 0x2186, 0x1925, 0x52eb, 0xb5b7, 0x94d3, 0x9d14, 0x9d14, 0x9514, 0x9d55, 0xb5d7, 0xb5d7, 0x5b0c, 0x0042, 0x1925, 0x1125, 
	0x1125, 0x0925, 0x3229, 0x1105, 0x1946, 0x1925, 0x2146, 0x2125, 0x2146, 0x2145, 0x31a7, 0x9d14, 0x94d3, 0x4a8a, 0x7bef, 0x94b2, 
	0x8c71, 0x8c71, 0x8431, 0x8c51, 0x8451, 0x8c92, 0xa555, 0x8c92, 0x31c7, 0x2125, 0x2145, 0x2166, 0x2166, 0x2166, 0x1925, 0x2166, 
	0x1945, 0x1966, 0x1146, 0x1168, 0x42ce, 0x5370, 0x74b5, 0x19c9, 0x0106, 0x0967, 0x432f, 0x6453, 0x6413, 0x2a6c, 0x0106, 0x0106, 
	0x3b2f, 0x6cd6, 0x4b90, 0x3aed, 0x1167, 0x1946, 0x1926, 0x2146, 0x1945, 0x1945, 0x2146, 0x2146, 0x2145, 0x2125, 0x2145, 0x2145, 
	0x2145, 0x1945, 0x2145, 0x2145, 0x2145, 0x2145, 0x2145, 0x2145, 0x2125, 0x2145, 0x2145, 0x2145, 0x2145, 0x2145, 0x2145, 0x2145, 
	0x2125, 0x2145, 0x2145, 0x2145, 0x2125, 0x2125, 0x2125, 0x2125, 0x2145, 0x2145, 0x2145, 0x2145, 0x2125, 0x2125, 0x2125, 0x2145, 
	0x2145, 0x2145, 0x2145, 0x2145, 0x2145, 0x2145, 0x2145, 0x2145, 0x1946, 0x1126, 0x220a, 0x4370, 0x43f2, 0x5cb6, 0x5cb6, 0x5cb5, 
	0x6cf5, 0x224b, 0x0947, 0x2a2b, 0x6cb5, 0x7536, 0x7537, 0x7517, 0x6d37, 0x7537, 0x7516, 0x7d37, 0x7537, 0x7557, 0x7557, 0x7578, 
	0x7558, 0x7557, 0x7557, 0x7557, 0x7d58, 0x7d58, 0x7d58, 0x7558, 0x7558, 0x7557, 0x7557, 0x7557, 0x7557, 0x7557, 0x7557, 0x7557, 
	0x7d78, 0x7d58, 0x7517, 0x74d6, 0x6cb5, 0x5c33, 0x3b4f, 0x2aac, 0x09a8, 0x00c5, 0x00e5, 0x1147, 0x00c5, 0x19ea, 0x6454, 0x7d78, 
	0x6d37, 0x6517, 0x64f6, 0x6d37, 0x6d78, 0x5cb5, 0x4c12, 0x5412, 0x220a, 0x1126, 0x2188, 0x1946, 0x1925, 0x2126, 0x10c4, 0x9cf4, 
	0xdedc, 0xbe18, 0xa555, 0xb5b7, 0xad96, 0xb5b7, 0xc659, 0xadb7, 0x634d, 0x2166, 0x1904, 0x1924, 0x1904, 0x1904, 0x1904, 0x2166, 
	0x2145, 0x2145, 0x2145, 0x2125, 0x2125, 0x1925, 0x2125, 0x2125, 0x2145, 0x2145, 0x2145, 0x2146, 0x2146, 0x2166, 0x2166, 0x2146, 
	0x2145, 0x2145, 0x2145, 0x2145, 0x1925, 0x2125, 0x2125, 0x2125, 0x2105, 0x2125, 0x1945, 0x1946, 0x2166, 0x2166, 0x2966, 0x2966, 
	0x2986, 0x2165, 0x5b0c, 0xadb7, 0xad56, 0xa535, 0xa534, 0xa555, 0xa555, 0xadb6, 0xc639, 0x5aec, 0x10a3, 0x1905, 0x1925, 0x0905, 
	0x0925, 0x538f, 0x536f, 0x326a, 0x08e5, 0x1125, 0x1925, 0x1925, 0x1905, 0x2986, 0x2125, 0x6b6e, 0xad76, 0x6b8e, 0x52ab, 0x8471, 
	0x8c51, 0x8c71, 0x8c71, 0x8c51, 0x94b3, 0xa535, 0x7bf0, 0x2145, 0x2145, 0x2166, 0x2987, 0x2166, 0x2146, 0x2166, 0x2146, 0x1925, 
	0x1945, 0x1945, 0x1126, 0x1168, 0x42ee, 0x4b50, 0x6c33, 0x0126, 0x0106, 0x1a0a, 0x6453, 0x5c13, 0x6c95, 0x5bf2, 0x0926, 0x0106, 
	0x226c, 0x6cb6, 0x4370, 0x3b0e, 0x1167, 0x1946, 0x2126, 0x2146, 0x1925, 0x1945, 0x1945, 0x2145, 0x2125, 0x2125, 0x2125, 0x2145, 
	0x2145, 0x2145, 0x2145, 0x2145, 0x2145, 0x2125, 0x2145, 0x2145, 0x2145, 0x2145, 0x2145, 0x2145, 0x2145, 0x2125, 0x2125, 0x2125, 
	0x2145, 0x2145, 0x2145, 0x2145, 0x2125, 0x2125, 0x2125, 0x2145, 0x2125, 0x2125, 0x2125, 0x2125, 0x2125, 0x2125, 0x2125, 0x2145, 
	0x2145, 0x2145, 0x2125, 0x2125, 0x2145, 0x2145, 0x2145, 0x2145, 0x1926, 0x1126, 0x220a, 0x4370, 0x43f2, 0x5cb6, 0x5495, 0x5c95, 
	0x64b5, 0x224b, 0x0927, 0x19ea, 0x6c94, 0x64b5, 0x64b5, 0x64d6, 0x5cb6, 0x5cd6, 0x5cb5, 0x64d5, 0x64d6, 0x64f6, 0x5cd6, 0x64f6, 
	0x64f6, 0x64f6, 0x64f6, 0x64f6, 0x64f6, 0x64f6, 0x64f6, 0x64f6, 0x6517, 0x6517, 0x6516, 0x6516, 0x6516, 0x6516, 0x6516, 0x6516, 
	0x64f6, 0x64f7, 0x64f6, 0x64d6, 0x6cf7, 0x6d17, 0x6d16, 0x6cf6, 0x64b5, 0x53d1, 0x19ea, 0x00e6, 0x0106, 0x0147, 0x0988, 0x330e, 
	0x7557, 0x6d37, 0x7558, 0x6d17, 0x6d17, 0x6d58, 0x64f6, 0x4bf2, 0x53b1, 0x21c9, 0x2167, 0x2166, 0x1946, 0x0862, 0x7bf0, 0xd6dc, 
	0xb5b7, 0xa575, 0xa555, 0xad76, 0xad96, 0xbdf8, 0x8c92, 0x31c7, 0x2145, 0x2165, 0x2145, 0x2166, 0x4aab, 0x7c10, 0x9d14, 0xadb6, 
	0xbdf8, 0xbe39, 0xc659, 0xc639, 0xbe38, 0xbe38, 0xc638, 0xc638, 0xc638, 0xbe18, 0xbe18, 0xbe18, 0xbe18, 0xbe18, 0xbe18, 0xbdf8, 
	0xb5d7, 0xb5b7, 0xb5b7, 0xadb7, 0xad96, 0xad96, 0xad76, 0xad55, 0xa535, 0xa535, 0x9d35, 0x9d35, 0x9d15, 0x9d15, 0x9cf4, 0x9cf4, 
	0x9d14, 0x9d14, 0xb5f7, 0xa535, 0xa535, 0xa555, 0xa555, 0xa555, 0xbdf7, 0xc659, 0x632d, 0x18e4, 0x2125, 0x2146, 0x1126, 0x0905, 
	0x4b8f, 0x6432, 0x4b4f, 0x4b6f, 0x2a2a, 0x00c4, 0x1926, 0x1946, 0x2125, 0x1904, 0x1904, 0x4a49, 0x9d14, 0x8472, 0x4a6a, 0x7c30, 
	0x8451, 0x8c72, 0x8431, 0x8c72, 0xad75, 0x7c10, 0x1904, 0x2986, 0x2966, 0x2966, 0x2146, 0x2145, 0x2125, 0x2146, 0x2966, 0x2145, 
	0x1945, 0x1966, 0x1126, 0x1188, 0x430f, 0x4b91, 0x6453, 0x0126, 0x0106, 0x222a, 0x6413, 0x6412, 0x6c54, 0x5bd1, 0x0126, 0x0106, 
	0x1a4c, 0x64b5, 0x4370, 0x430e, 0x1167, 0x1946, 0x2126, 0x2146, 0x1925, 0x1945, 0x1945, 0x2145, 0x2125, 0x2125, 0x2125, 0x2145, 
	0x2145, 0x2145, 0x2145, 0x2145, 0x2145, 0x2145, 0x2145, 0x2145, 0x2145, 0x2145, 0x2145, 0x2145, 0x2145, 0x2125, 0x2125, 0x2125, 
	0x2125, 0x2125, 0x2145, 0x2145, 0x2145, 0x2145, 0x2145, 0x2145, 0x2145, 0x2145, 0x2145, 0x2145, 0x2145, 0x2145, 0x2125, 0x2145, 
	0x2145, 0x2145, 0x2125, 0x2125, 0x2125, 0x2145, 0x1925, 0x1925, 0x1925, 0x1126, 0x220a, 0x4390, 0x4c12, 0x5cb5, 0x5495, 0x5495, 
	0x64b5, 0x1a2b, 0x0927, 0x19a9, 0x6494, 0x64b5, 0x5cb5, 0x5cd6, 0x5cf6, 0x5cf6, 0x64f6, 0x64f6, 0x6516, 0x6d17, 0x6517, 0x6537, 
	0x6517, 0x6517, 0x6517, 0x6517, 0x6517, 0x6517, 0x6517, 0x6517, 0x6d17, 0x6d17, 0x6517, 0x6517, 0x6516, 0x6516, 0x6516, 0x5d16, 
	0x6517, 0x6517, 0x6517, 0x6517, 0x6517, 0x64f7, 0x5cd6, 0x5cd6, 0x64f6, 0x7517, 0x7517, 0x53f2, 0x224b, 0x0147, 0x0167, 0x0167, 
	0x1a4b, 0x6cf5, 0x7d58, 0x7517, 0x6d17, 0x64f7, 0x6d17, 0x6cf6, 0x53d1, 0x2a0a, 0x1926, 0x2187, 0x10e4, 0x426a, 0xce7a, 0xc639, 
	0xa555, 0x9d34, 0xad76, 0xad96, 0xbdf8, 0x73cf, 0x10e3, 0x1925, 0x10a3, 0x2145, 0x634d, 0xa576, 0xc659, 0xc67a, 0xc67a, 0xc67a, 
	0xce9a, 0xd6db, 0xdf1c, 0xdf1c, 0xdf1c, 0xdf1c, 0xdf1c, 0xdf1c, 0xdf1c, 0xdefc, 0xdefc, 0xdefb, 0xd6db, 0xd6bb, 0xd6bb, 0xce9a, 
	0xce7a, 0xce7a, 0xc67a, 0xc659, 0xc659, 0xbe39, 0xbe18, 0xbdf8, 0xbdf8, 0xbdf8, 0xb5d7, 0xadd7, 0xadb7, 0xadb7, 0xad97, 0xad96, 
	0xad97, 0xa576, 0xa555, 0xad75, 0x9d14, 0xa535, 0xad75, 0xbdf7, 0xce79, 0x6b6d, 0x1904, 0x2946, 0x2946, 0x2146, 0x1967, 0x53b0, 
	0x6c94, 0x5c33, 0x6453, 0x3aed, 0x4b6f, 0x2a0a, 0x0905, 0x1946, 0x2166, 0x2986, 0x2125, 0x18e4, 0x7c10, 0x9d14, 0x4a8b, 0x5b0c, 
	0x8cb2, 0x8430, 0x8431, 0x8451, 0x9d14, 0x94d3, 0x2966, 0x2145, 0x2966, 0x2146, 0x2145, 0x2166, 0x2166, 0x2146, 0x2166, 0x2146, 
	0x2145, 0x2186, 0x1146, 0x1188, 0x3b0e, 0x4bb1, 0x6494, 0x11e9, 0x0106, 0x0106, 0x42ee, 0x6c13, 0x5bd1, 0x220a, 0x0947, 0x0106, 
	0x3b50, 0x64d6, 0x4390, 0x3b0e, 0x1167, 0x1966, 0x2146, 0x2145, 0x2145, 0x2145, 0x2145, 0x2145, 0x2145, 0x2145, 0x2145, 0x2145, 
	0x2145, 0x2145, 0x2145, 0x2145, 0x2145, 0x2145, 0x2145, 0x2145, 0x2145, 0x2125, 0x2125, 0x2145, 0x2145, 0x2145, 0x2145, 0x2145, 
	0x2125, 0x2145, 0x2145, 0x2145, 0x2145, 0x2145, 0x2145, 0x2145, 0x2145, 0x2145, 0x2145, 0x2145, 0x2145, 0x2145, 0x2145, 0x2145, 
	0x2145, 0x2145, 0x2125, 0x2126, 0x2125, 0x2125, 0x1925, 0x1925, 0x1926, 0x1126, 0x220a, 0x4390, 0x4c12, 0x5cb5, 0x5495, 0x5475, 
	0x64b5, 0x1a0a, 0x0107, 0x11a9, 0x6494, 0x5c95, 0x5cb5, 0x54b6, 0x5495, 0x4434, 0x4c54, 0x5454, 0x5454, 0x5474, 0x5495, 0x5474, 
	0x5495, 0x5495, 0x5c95, 0x5c95, 0x5c95, 0x5c95, 0x5c95, 0x5c95, 0x6495, 0x5c95, 0x5c95, 0x5c95, 0x5cb5, 0x5cb5, 0x5494, 0x5495, 
	0x54b5, 0x54b5, 0x54b6, 0x5cd6, 0x64f7, 0x64f7, 0x5cf7, 0x5cf7, 0x5cd6, 0x64f7, 0x64d6, 0x6cf6, 0x74f6, 0x5c12, 0x1209, 0x11e9, 
	0x0188, 0x09a8, 0x6c95, 0x7d38, 0x6cd7, 0x6d17, 0x6cf6, 0x7537, 0x3b0e, 0x1146, 0x2187, 0x2166, 0x1904, 0xa576, 0xcebb, 0xa555, 
	0xa555, 0xa535, 0xa535, 0xb5b7, 0x6b6e, 0x0882, 0x1904, 0x08a2, 0x4249, 0x9d35, 0xc659, 0xb5d7, 0xadb7, 0xadb7, 0xb5f7, 0xc639, 
	0xc659, 0xceba, 0xdefb, 0xdefb, 0xdefb, 0xdefb, 0xdefb, 0xd6db, 0xdefb, 0xd6db, 0xd6bb, 0xd6ba, 0xce9a, 0xce7a, 0xc659, 0xc659, 
	0xc639, 0xc639, 0xbe38, 0xbe18, 0xbe18, 0xbe18, 0xbdf8, 0xb5b7, 0xb5b7, 0xad96, 0xad96, 0xa576, 0xa576, 0xa555, 0xa555, 0xa555, 
	0xa535, 0xa555, 0x9d14, 0xa535, 0xad75, 0xb596, 0xc638, 0xce9a, 0x73ae, 0x18c4, 0x3187, 0x2967, 0x2167, 0x1946, 0x536f, 0x6c94, 
	0x5413, 0x6494, 0x5c54, 0x5c13, 0x4350, 0x5390, 0x0926, 0x1126, 0x1925, 0x1925, 0x2125, 0x2125, 0x52aa, 0x9d35, 0x73f0, 0x3a08, 
	0x7c30, 0x8431, 0x8431, 0x8c72, 0x94b3, 0xa555, 0x4a8a, 0x1925, 0x2145, 0x2166, 0x2986, 0x2166, 0x2146, 0x2166, 0x2146, 0x2146, 
	0x2145, 0x2166, 0x1146, 0x11a8, 0x3b2e, 0x43d1, 0x64d5, 0x3b6f, 0x00e6, 0x0947, 0x00e6, 0x1988, 0x1148, 0x1147, 0x0147, 0x0168, 
	0x5c54, 0x5c95, 0x4390, 0x3aed, 0x1167, 0x1966, 0x2145, 0x2145, 0x2145, 0x2145, 0x2145, 0x2145, 0x2145, 0x2145, 0x2145, 0x2145, 
	0x2145, 0x2145, 0x2145, 0x2145, 0x2145, 0x2145, 0x2145, 0x2145, 0x2125, 0x2125, 0x2125, 0x2145, 0x2145, 0x2145, 0x2145, 0x2145, 
	0x2145, 0x2145, 0x2145, 0x2145, 0x2145, 0x2145, 0x2145, 0x2145, 0x2145, 0x2145, 0x2145, 0x2145, 0x2145, 0x2145, 0x2145, 0x2145, 
	0x2145, 0x2145, 0x2126, 0x2126, 0x2125, 0x2125, 0x2145, 0x2145, 0x1946, 0x1126, 0x220a, 0x4390, 0x43f2, 0x54b5, 0x5495, 0x5494, 
	0x5c94, 0x11e9, 0x0106, 0x11a9, 0x5c53, 0x5453, 0x5495, 0x54b6, 0x3c13, 0x2b70, 0x3b90, 0x43b1, 0x4bd1, 0x4bf2, 0x4bf2, 0x5413, 
	0x4c12, 0x4bf2, 0x4bf2, 0x4bf2, 0x4bf2, 0x53f2, 0x53f2, 0x53f3, 0x53f2, 0x53f2, 0x53f2, 0x4bf2, 0x4bf2, 0x4bf2, 0x4bf2, 0x4bf2, 
	0x43d2, 0x43d2, 0x43d2, 0x43f2, 0x4c13, 0x4c54, 0x5495, 0x5cf7, 0x6517, 0x64f7, 0x6cf7, 0x64d6, 0x7537, 0x74f6, 0x6cf5, 0x2acc, 
	0x11e9, 0x0988, 0x11a9, 0x5c34, 0x7d38, 0x6cb6, 0x6cf6, 0x6494, 0x224b, 0x1167, 0x2187, 0x2145, 0x4a8a, 0xdf1c, 0xbe18, 0xa575, 
	0xad96, 0x9d14, 0xb5f8, 0x8451, 0x0882, 0x1925, 0x08a2, 0x5b0c, 0xb5d7, 0xad96, 0x9d35, 0xad96, 0xb5d7, 0xadb6, 0xb5f7, 0xbe18, 
	0xc659, 0xceba, 0xd6fb, 0xdefb, 0xdefb, 0xdefb, 0xd6db, 0xd6bb, 0xd6ba, 0xce9a, 0xce9a, 0xce9a, 0xce79, 0xc659, 0xc639, 0xc639, 
	0xbe18, 0xc618, 0xbe18, 0xbe18, 0xbe18, 0xbe18, 0xbdf8, 0xb5d7, 0xb5d7, 0xadb7, 0xad96, 0xad96, 0xa576, 0xa555, 0xa535, 0xa535, 
	0x9d14, 0xa535, 0xad96, 0xb5d7, 0xc659, 0xc659, 0x9cf3, 0x4a69, 0x10e4, 0x2987, 0x2987, 0x2146, 0x2188, 0x1147, 0x220a, 0x6473, 
	0x64b5, 0x5c95, 0x5433, 0x6495, 0x4bd1, 0x4370, 0x4b4f, 0x1146, 0x1946, 0x2166, 0x1925, 0x2125, 0x2145, 0x8451, 0x94b3, 0x4249, 
	0x636d, 0x8c71, 0x7c30, 0x8c72, 0x8451, 0x9d34, 0x73af, 0x10e4, 0x2966, 0x2166, 0x2166, 0x2145, 0x1925, 0x2166, 0x2166, 0x2146, 
	0x2146, 0x2166, 0x1166, 0x19e9, 0x3b4f, 0x43f1, 0x64f5, 0x64b5, 0x32ee, 0x0107, 0x1148, 0x1147, 0x1147, 0x00c5, 0x09a8, 0x4bd1, 
	0x64d6, 0x5454, 0x4390, 0x32ed, 0x1167, 0x1946, 0x2125, 0x2145, 0x2125, 0x2145, 0x2145, 0x2125, 0x2125, 0x2145, 0x2145, 0x2145, 
	0x2145, 0x2145, 0x2145, 0x2145, 0x2145, 0x2145, 0x2145, 0x2145, 0x2145, 0x2125, 0x2145, 0x2145, 0x2145, 0x2145, 0x2145, 0x2145, 
	0x2145, 0x2145, 0x2145, 0x2145, 0x2145, 0x2125, 0x2145, 0x2145, 0x2145, 0x2145, 0x2145, 0x2145, 0x2145, 0x2145, 0x2145, 0x2145, 
	0x2145, 0x2145, 0x2146, 0x2126, 0x2125, 0x2125, 0x2145, 0x2145, 0x1946, 0x1126, 0x220a, 0x4390, 0x43f2, 0x5495, 0x5474, 0x5474, 
	0x6494, 0x120a, 0x0106, 0x11a8, 0x5c53, 0x5473, 0x5474, 0x5495, 0x4433, 0x3370, 0x330e, 0x2a8c, 0x2a8c, 0x2a6c, 0x2a4b, 0x2a6c, 
	0x2a8c, 0x2a8c, 0x2a6c, 0x326c, 0x2a6c, 0x326c, 0x326c, 0x326c, 0x326c, 0x326c, 0x326c, 0x2a4b, 0x2a4b, 0x2a4b, 0x2a4b, 0x2a4b, 
	0x2a6b, 0x2a8c, 0x2acd, 0x3b0e, 0x436f, 0x43b0, 0x4bd2, 0x4c13, 0x5454, 0x64d6, 0x64d6, 0x6d17, 0x64b5, 0x64d5, 0x6cf5, 0x7536, 
	0x436f, 0x11e9, 0x0968, 0x0989, 0x5c13, 0x74d6, 0x7d17, 0x4bb1, 0x0967, 0x1987, 0x2186, 0x10e4, 0xad75, 0xd6db, 0xa555, 0xad96, 
	0xa575, 0xa596, 0x9514, 0x1925, 0x1925, 0x0082, 0x634d, 0xb5d7, 0xa575, 0xa575, 0xa576, 0x9d34, 0xad96, 0xb5f7, 0xb5f7, 0xd6db, 
	0xdefb, 0xdf3c, 0xe75d, 0xe75d, 0xe73c, 0xe73d, 0xe73c, 0xe73c, 0xe73d, 0xe73c, 0xdf1c, 0xdf1c, 0xdefc, 0xdefc, 0xdefb, 0xd6fb, 
	0xdefc, 0xdf1c, 0xdf1c, 0xdf1c, 0xdf1c, 0xdf1c, 0xdefc, 0xd6db, 0xd6bb, 0xd6bb, 0xce9a, 0xce9a, 0xce9a, 0xce7a, 0xc659, 0xc639, 
	0xd6bb, 0xc639, 0xc67a, 0xadb7, 0x8431, 0x4249, 0x2986, 0x1905, 0x29a7, 0x21a7, 0x1946, 0x21c9, 0x21a8, 0x1167, 0x1188, 0x2aac, 
	0x6cd5, 0x6495, 0x5c74, 0x5c95, 0x5c75, 0x4bb1, 0x53d1, 0x3aee, 0x0926, 0x1946, 0x1925, 0x1904, 0x1904, 0x634d, 0x9d14, 0x52cb, 
	0x4a8a, 0x8451, 0x8431, 0x8451, 0x8c72, 0x9cf4, 0x94b3, 0x2145, 0x2165, 0x2145, 0x1925, 0x2166, 0x2166, 0x2146, 0x2146, 0x1925, 
	0x2166, 0x2166, 0x1966, 0x19c8, 0x3b4f, 0x43f1, 0x5cb5, 0x64f6, 0x6cf6, 0x5bf2, 0x21a9, 0x08e6, 0x1147, 0x2a2b, 0x5c12, 0x6cf6, 
	0x64d5, 0x5474, 0x4390, 0x32ed, 0x1167, 0x1946, 0x2125, 0x2125, 0x2125, 0x2125, 0x2145, 0x2145, 0x2125, 0x2145, 0x2145, 0x2145, 
	0x2145, 0x2145, 0x2145, 0x2145, 0x2145, 0x2145, 0x2145, 0x2145, 0x2145, 0x2145, 0x2145, 0x2145, 0x2145, 0x2145, 0x2145, 0x2145, 
	0x2125, 0x2125, 0x2145, 0x2145, 0x2145, 0x2145, 0x2145, 0x2145, 0x2125, 0x2125, 0x2125, 0x2145, 0x2145, 0x2145, 0x2145, 0x2145, 
	0x2145, 0x2146, 0x2146, 0x2126, 0x2125, 0x1925, 0x2145, 0x2145, 0x1926, 0x1126, 0x220a, 0x4b90, 0x4bf2, 0x5495, 0x5474, 0x5454, 
	0x5c73, 0x1209, 0x0106, 0x11a8, 0x5c53, 0x5473, 0x5474, 0x5cb5, 0x4c33, 0x3b70, 0x224b, 0x0106, 0x0105, 0x0926, 0x0905, 0x1126, 
	0x0906, 0x0906, 0x1126, 0x1126, 0x1126, 0x0906, 0x0906, 0x0905, 0x1126, 0x0906, 0x0905, 0x08e5, 0x08e5, 0x08e5, 0x08e5, 0x0905, 
	0x00e5, 0x0105, 0x0105, 0x0926, 0x11a8, 0x224a, 0x32ed, 0x4370, 0x4bf2, 0x4c13, 0x5c95, 0x64d6, 0x64b6, 0x5cb5, 0x64d5, 0x64b5, 
	0x6cf5, 0x5412, 0x11ea, 0x0148, 0x1189, 0x6413, 0x74d5, 0x32ac, 0x0926, 0x1987, 0x1104, 0x3a08, 0xce9a, 0xbe18, 0x9d34, 0xa596, 
	0x9d55, 0xbe38, 0x4a8a, 0x1904, 0x10e3, 0x5b2c, 0xadb7, 0xa555, 0x9d14, 0x9d35, 0xa555, 0xadb7, 0xc659, 0xdf1c, 0xdf1c, 0xc659, 
	0xbe38, 0xc638, 0xbe38, 0xbe18, 0xbe18, 0xbe18, 0xbe18, 0xbe18, 0xbe18, 0xbdf7, 0xbdf7, 0xbdf7, 0xb5d7, 0xb5d7, 0xb5d7, 0xb5d7, 
	0xb5b7, 0xbdd7, 0xb5f8, 0xb5f8, 0xb5f8, 0xbdf8, 0xb5f8, 0xb5d8, 0xb5b7, 0xb5b7, 0xb5b7, 0xad96, 0xad96, 0xad76, 0xa555, 0x9d15, 
	0x7c31, 0x6b8f, 0x4aab, 0x2186, 0x1904, 0x1905, 0x1946, 0x2167, 0x1987, 0x1988, 0x2a2a, 0x6c32, 0x6412, 0x1168, 0x11a8, 0x0988, 
	0x4370, 0x6cd5, 0x6495, 0x5c74, 0x64b6, 0x5454, 0x4370, 0x53d1, 0x2a4b, 0x0926, 0x1946, 0x1925, 0x1904, 0x2966, 0x94d3, 0x7bf0, 
	0x39e8, 0x7bf0, 0x7c31, 0x7c10, 0x8471, 0x94b3, 0x9d14, 0x3a29, 0x1904, 0x2145, 0x1925, 0x2166, 0x2145, 0x1925, 0x2166, 0x1925, 
	0x1925, 0x2166, 0x1966, 0x1187, 0x3b4f, 0x4c32, 0x54b5, 0x5cd6, 0x64b5, 0x74f6, 0x3aad, 0x1147, 0x1147, 0x5bd1, 0x6494, 0x5c74, 
	0x5c95, 0x5474, 0x3b70, 0x32cd, 0x1146, 0x1946, 0x2125, 0x2125, 0x2145, 0x2125, 0x2125, 0x2125, 0x2145, 0x2145, 0x2145, 0x2145, 
	0x2145, 0x2145, 0x2145, 0x2145, 0x2145, 0x2145, 0x2125, 0x2145, 0x2145, 0x2125, 0x2145, 0x2145, 0x2145, 0x2145, 0x2145, 0x2145, 
	0x2145, 0x2145, 0x2145, 0x2145, 0x2145, 0x2145, 0x2146, 0x2146, 0x2145, 0x2145, 0x2145, 0x2145, 0x2145, 0x2145, 0x2145, 0x2145, 
	0x2145, 0x2146, 0x2146, 0x2146, 0x2125, 0x1925, 0x1945, 0x2145, 0x1946, 0x1126, 0x220a, 0x4bb1, 0x4bf2, 0x5474, 0x5474, 0x4c33, 
	0x5c73, 0x1a2a, 0x00e6, 0x19c9, 0x5c52, 0x4c53, 0x5474, 0x5494, 0x4c33, 0x4390, 0x224b, 0x0926, 0x1146, 0x1926, 0x1946, 0x2146, 
	0x2146, 0x1926, 0x1946, 0x1946, 0x1105, 0x1946, 0x1946, 0x1946, 0x1946, 0x1946, 0x1105, 0x1946, 0x1125, 0x2146, 0x1905, 0x1946, 
	0x1926, 0x1966, 0x1126, 0x1146, 0x1166, 0x0925, 0x0946, 0x19c9, 0x2a8c, 0x4390, 0x4bd2, 0x4bf2, 0x5c95, 0x64d6, 0x5cb5, 0x5cb5, 
	0x64d5, 0x6d16, 0x4bd2, 0x19ea, 0x0968, 0x1148, 0x5b90, 0x2a09, 0x0925, 0x1125, 0x08c3, 0x6b8e, 0xce9a, 0xad96, 0x9d14, 0x9d35, 
	0xad96, 0x8cb3, 0x1945, 0x1925, 0x31e8, 0x9d55, 0x9d34, 0x9d35, 0x9d35, 0x9d14, 0xb5d7, 0xd6fc, 0xceba, 0x73ef, 0x4249, 0x1904, 
	0x1904, 0x1904, 0x1904, 0x1904, 0x1904, 0x1904, 0x1924, 0x1924, 0x1904, 0x1904, 0x1904, 0x18e4, 0x10e4, 0x10e4, 0x10e4, 0x10c3, 
	0x18e4, 0x18e4, 0x18e4, 0x18e4, 0x18e4, 0x18e4, 0x18e4, 0x18e4, 0x18e4, 0x1904, 0x1904, 0x18e4, 0x18e4, 0x1904, 0x10e4, 0x10e4, 
	0x00a3, 0x08c3, 0x0904, 0x1125, 0x1946, 0x2167, 0x1947, 0x1968, 0x19c9, 0x2aac, 0x6c94, 0x6474, 0x74d5, 0x4b70, 0x0167, 0x11e9, 
	0x0987, 0x5c12, 0x6cd5, 0x6495, 0x6495, 0x5c95, 0x5433, 0x3b50, 0x53b1, 0x19c9, 0x1146, 0x1946, 0x1925, 0x10c3, 0x4a6a, 0x94b3, 
	0x3a28, 0x5b0c, 0x7c31, 0x7c30, 0x8431, 0x8c92, 0xa535, 0x52ab, 0x10c3, 0x2145, 0x2125, 0x2166, 0x2145, 0x2145, 0x1925, 0x2166, 
	0x2146, 0x1946, 0x1967, 0x1188, 0x434f, 0x43b1, 0x5cd6, 0x5cd6, 0x5cb5, 0x6cd6, 0x328c, 0x0947, 0x1168, 0x53b1, 0x5c74, 0x5c95, 
	0x5475, 0x4c34, 0x3b90, 0x330e, 0x0946, 0x1926, 0x2125, 0x2125, 0x2125, 0x2125, 0x2125, 0x2125, 0x2145, 0x2145, 0x2145, 0x2145, 
	0x2145, 0x2145, 0x2145, 0x2145, 0x2145, 0x2145, 0x2145, 0x2145, 0x2145, 0x2145, 0x2145, 0x2145, 0x2145, 0x2145, 0x2145, 0x2145, 
	0x2145, 0x2145, 0x2145, 0x2145, 0x2145, 0x2125, 0x2145, 0x2145, 0x2145, 0x2145, 0x2145, 0x2145, 0x2145, 0x2145, 0x2145, 0x2145, 
	0x2145, 0x2145, 0x2146, 0x2146, 0x2125, 0x1945, 0x2145, 0x2145, 0x2166, 0x1146, 0x220a, 0x4bb0, 0x43f2, 0x4c54, 0x4c54, 0x4c33, 
	0x5c53, 0x1a0a, 0x00e6, 0x19ea, 0x5c53, 0x5453, 0x5474, 0x5494, 0x4c12, 0x4390, 0x222a, 0x0905, 0x2187, 0x2146, 0x1925, 0x2125, 
	0x1905, 0x2145, 0x1905, 0x1905, 0x1925, 0x08e4, 0x08c3, 0x08e4, 0x10e4, 0x1104, 0x08c3, 0x1105, 0x1925, 0x1905, 0x1905, 0x2125, 
	0x1946, 0x1946, 0x1966, 0x2187, 0x1987, 0x1987, 0x1987, 0x1987, 0x1167, 0x1188, 0x32cd, 0x4bd1, 0x4bf2, 0x5454, 0x5cb5, 0x5cb5, 
	0x5cb6, 0x5453, 0x6cd6, 0x4370, 0x1168, 0x0906, 0x21c8, 0x1966, 0x1145, 0x1125, 0x10e4, 0x8cb2, 0xbe18, 0x94d3, 0x94f3, 0x9d14, 
	0xad96, 0x52cb, 0x1925, 0x1925, 0x7410, 0xa596, 0xa575, 0x9d34, 0x9d35, 0xb5b7, 0xdf1c, 0xa555, 0x29a6, 0x0882, 0x08a3, 0x2145, 
	0x2145, 0x2145, 0x2145, 0x2145, 0x2145, 0x2166, 0x2966, 0x2966, 0x2966, 0x2966, 0x2966, 0x2966, 0x2166, 0x2166, 0x2166, 0x2145, 
	0x2145, 0x2145, 0x2145, 0x2145, 0x2145, 0x2145, 0x2145, 0x2145, 0x2125, 0x2125, 0x2125, 0x1905, 0x2145, 0x1946, 0x1926, 0x1126, 
	0x1166, 0x1166, 0x0925, 0x0905, 0x1126, 0x1967, 0x1967, 0x21ea, 0x53f2, 0x5c74, 0x5c74, 0x5c74, 0x5c74, 0x7d16, 0x2aad, 0x0967, 
	0x11a8, 0x11c8, 0x6c94, 0x6cb5, 0x5c74, 0x64b6, 0x5c54, 0x5413, 0x4b91, 0x434f, 0x1188, 0x0926, 0x1966, 0x2146, 0x08a3, 0x5aec, 
	0x5b2c, 0x426a, 0x8c92, 0x7c10, 0x7c31, 0x8431, 0x9cf4, 0x73af, 0x10c3, 0x2145, 0x1925, 0x1905, 0x2125, 0x1925, 0x1925, 0x1925, 
	0x1946, 0x1946, 0x1947, 0x1988, 0x4350, 0x43b2, 0x5cd6, 0x5cd6, 0x5cb6, 0x6cf6, 0x2aad, 0x0967, 0x0988, 0x4bb1, 0x5454, 0x5454, 
	0x5475, 0x4c34, 0x3b90, 0x32ee, 0x0946, 0x1926, 0x2126, 0x2125, 0x2125, 0x2145, 0x2145, 0x2146, 0x2146, 0x2146, 0x2146, 0x2145, 
	0x2145, 0x2145, 0x2145, 0x2145, 0x2145, 0x2145, 0x2145, 0x2145, 0x2145, 0x2145, 0x2145, 0x2145, 0x2145, 0x2145, 0x2145, 0x2145, 
	0x2145, 0x2145, 0x2145, 0x2145, 0x2145, 0x2125, 0x2125, 0x2125, 0x2145, 0x2145, 0x2145, 0x2145, 0x2145, 0x2145, 0x2125, 0x2145, 
	0x2145, 0x2145, 0x2146, 0x2146, 0x2146, 0x2145, 0x2145, 0x1945, 0x1946, 0x1146, 0x220a, 0x4bb0, 0x43d2, 0x4c53, 0x4c54, 0x4c33, 
	0x5c53, 0x220b, 0x00e6, 0x19ea, 0x5c53, 0x5453, 0x5474, 0x5495, 0x4c33, 0x4390, 0x224b, 0x0946, 0x1966, 0x1946, 0x2145, 0x2145, 
	0x2105, 0x2146, 0x1905, 0x10e4, 0x3a29, 0x3208, 0x29e7, 0x3208, 0x1925, 0x3228, 0x4aab, 0x2166, 0x10e4, 0x2125, 0x2125, 0x2146, 
	0x2147, 0x1106, 0x1988, 0x1967, 0x1126, 0x1987, 0x1987, 0x1967, 0x1987, 0x1187, 0x0947, 0x11a8, 0x4bb1, 0x4bd1, 0x5c54, 0x5c95, 
	0x5475, 0x5454, 0x5454, 0x6474, 0x3aed, 0x0926, 0x08e4, 0x1925, 0x1945, 0x1104, 0x2165, 0xb5d7, 0xad76, 0x8451, 0x9cf4, 0x94f4, 
	0x9d14, 0x2166, 0x1104, 0x3a08, 0xa555, 0xa555, 0x9d35, 0x9d14, 0xadb6, 0xdf3d, 0xad96, 0x1925, 0x18e4, 0x1904, 0x2165, 0x2145, 
	0x1925, 0x1925, 0x2145, 0x2145, 0x2146, 0x2146, 0x2166, 0x2966, 0x2146, 0x2146, 0x2146, 0x2146, 0x2145, 0x2145, 0x2146, 0x2125, 
	0x2165, 0x2145, 0x2145, 0x2145, 0x2145, 0x2145, 0x2145, 0x2145, 0x2145, 0x2145, 0x2145, 0x2145, 0x2166, 0x1126, 0x1146, 0x1167, 
	0x0946, 0x0967, 0x1187, 0x19c9, 0x21e9, 0x1147, 0x1148, 0x3aee, 0x5c54, 0x5454, 0x5474, 0x5cb5, 0x5c74, 0x6474, 0x74f6, 0x1a0a, 
	0x0967, 0x0967, 0x2a6b, 0x6cb5, 0x64b5, 0x5c54, 0x5454, 0x5c95, 0x43b1, 0x4bd1, 0x32ac, 0x0947, 0x1126, 0x1925, 0x1925, 0x1904, 
	0x4aab, 0x31c7, 0x7c31, 0x8451, 0x7c31, 0x7c31, 0x94b3, 0x8c92, 0x2125, 0x2145, 0x2145, 0x2125, 0x2145, 0x1925, 0x2145, 0x2146, 
	0x1946, 0x1946, 0x1947, 0x1988, 0x4350, 0x4bd2, 0x5cb6, 0x54b6, 0x5cb5, 0x64d6, 0x2aad, 0x0968, 0x09a8, 0x4bb1, 0x5454, 0x4c54, 
	0x5454, 0x4c33, 0x3b90, 0x32ee, 0x0946, 0x1926, 0x2126, 0x2125, 0x2145, 0x2145, 0x2146, 0x2146, 0x2146, 0x2146, 0x2146, 0x2146, 
	0x2145, 0x2145, 0x2145, 0x2145, 0x2145, 0x2145, 0x2145, 0x2145, 0x2145, 0x2145, 0x2145, 0x2145, 0x2145, 0x2145, 0x2145, 0x2146, 
	0x2125, 0x2145, 0x2145, 0x2145, 0x2145, 0x2145, 0x2145, 0x2145, 0x2145, 0x2145, 0x2145, 0x2145, 0x2145, 0x2145, 0x2145, 0x2145, 
	0x2145, 0x2145, 0x2146, 0x2146, 0x2146, 0x2146, 0x2145, 0x1945, 0x1946, 0x1126, 0x220a, 0x4bb1, 0x43d2, 0x4c33, 0x4c33, 0x4c13, 
	0x5c53, 0x220b, 0x00e7, 0x19ca, 0x5c33, 0x5433, 0x5454, 0x5475, 0x4c54, 0x43b1, 0x2a6c, 0x1166, 0x1966, 0x1945, 0x2166, 0x2145, 
	0x2125, 0x1905, 0x18e4, 0x2146, 0x8472, 0x94f4, 0x94f3, 0x8cb2, 0x3a29, 0x8492, 0xadb7, 0x3a29, 0x10c3, 0x18e4, 0x2145, 0x1926, 
	0x1967, 0x1147, 0x4b2f, 0x63d1, 0x430e, 0x326b, 0x1987, 0x1987, 0x1967, 0x1987, 0x21c8, 0x1187, 0x0987, 0x434f, 0x4b91, 0x53f2, 
	0x5454, 0x5475, 0x4c13, 0x4c12, 0x6453, 0x326b, 0x08e4, 0x1905, 0x1925, 0x08a3, 0x4249, 0xc659, 0x9d14, 0x8c92, 0x94d3, 0x9d14, 
	0x73f0, 0x1104, 0x10c3, 0x5b4d, 0xa575, 0x9d14, 0x9d14, 0xa555, 0xce9a, 0xd6db, 0x4249, 0x1904, 0x1904, 0x2145, 0x2145, 0x2145, 
	0x2145, 0x2145, 0x2145, 0x2145, 0x2145, 0x2146, 0x2146, 0x2146, 0x2146, 0x2146, 0x2166, 0x2166, 0x2146, 0x2166, 0x2166, 0x2145, 
	0x2145, 0x2145, 0x2145, 0x2125, 0x2125, 0x2145, 0x2145, 0x2145, 0x2145, 0x1925, 0x2125, 0x1925, 0x1946, 0x1126, 0x2209, 0x3aed, 
	0x432e, 0x436f, 0x53d1, 0x6453, 0x5390, 0x1188, 0x0107, 0x3aee, 0x5c54, 0x4c53, 0x4c74, 0x4c74, 0x5c94, 0x64b5, 0x6474, 0x6453, 
	0x1188, 0x1188, 0x0126, 0x3aed, 0x6cb5, 0x6494, 0x5c74, 0x5c74, 0x5454, 0x3b70, 0x53d1, 0x224b, 0x0926, 0x1125, 0x1925, 0x1104, 
	0x2145, 0x2146, 0x6b6e, 0x8451, 0x7c10, 0x8431, 0x8c72, 0x94d3, 0x31c7, 0x18e4, 0x1904, 0x2145, 0x2125, 0x2146, 0x2146, 0x1945, 
	0x1946, 0x1946, 0x1947, 0x1988, 0x4b70, 0x4bd3, 0x5c96, 0x54b6, 0x5cb5, 0x64b5, 0x2aad, 0x0968, 0x09a8, 0x4bb1, 0x5474, 0x5454, 
	0x4c54, 0x4c33, 0x3b90, 0x330e, 0x0947, 0x1926, 0x2126, 0x2125, 0x2145, 0x2145, 0x2145, 0x2146, 0x2146, 0x2146, 0x2146, 0x2146, 
	0x2145, 0x2145, 0x2145, 0x2145, 0x2145, 0x2145, 0x2145, 0x2145, 0x2145, 0x2145, 0x2145, 0x2145, 0x2146, 0x2145, 0x2145, 0x2145, 
	0x2125, 0x2145, 0x2145, 0x2145, 0x2145, 0x2145, 0x2146, 0x2146, 0x2145, 0x2145, 0x2145, 0x2145, 0x2145, 0x2145, 0x2145, 0x2145, 
	0x2166, 0x2145, 0x2146, 0x2146, 0x2146, 0x2146, 0x2145, 0x1945, 0x1946, 0x1146, 0x220a, 0x4bb1, 0x43d1, 0x4c33, 0x4c13, 0x4bf2, 
	0x5c33, 0x220a, 0x00e6, 0x19aa, 0x5413, 0x4c33, 0x4c54, 0x5475, 0x4c33, 0x43d2, 0x226b, 0x0946, 0x21a7, 0x2166, 0x1945, 0x2145, 
	0x2145, 0x2125, 0x10c4, 0x39c8, 0x8c92, 0x94b3, 0x8cb3, 0x73f0, 0x4269, 0x9d35, 0x9d14, 0x2166, 0x1904, 0x1905, 0x2166, 0x1105, 
	0x1167, 0x11a9, 0x53b1, 0x5c12, 0x5c12, 0x6432, 0x324b, 0x1946, 0x2187, 0x2187, 0x1946, 0x21a7, 0x1166, 0x0126, 0x432f, 0x4b70, 
	0x4bd2, 0x5454, 0x4c33, 0x4c12, 0x4bd1, 0x5bd0, 0x1146, 0x1905, 0x1925, 0x0882, 0x634d, 0xbe38, 0x94f3, 0x94b2, 0x8cb2, 0x9d14, 
	0x5b2c, 0x1104, 0x1104, 0x7410, 0xa555, 0x94f4, 0x9d14, 0xad96, 0xdefc, 0x94d3, 0x18e4, 0x2145, 0x2166, 0x2166, 0x1925, 0x2165, 
	0x2145, 0x2145, 0x2145, 0x2145, 0x2145, 0x2146, 0x2146, 0x2146, 0x2146, 0x2146, 0x2146, 0x2146, 0x2146, 0x2146, 0x2146, 0x2145, 
	0x2145, 0x2145, 0x2145, 0x2145, 0x2145, 0x2146, 0x2165, 0x2165, 0x2145, 0x1925, 0x2145, 0x1946, 0x1967, 0x1167, 0x3acd, 0x5c12, 
	0x5c53, 0x5c53, 0x5c53, 0x5c53, 0x434f, 0x0947, 0x0127, 0x3aee, 0x5c54, 0x4c33, 0x4413, 0x4433, 0x5474, 0x5454, 0x5c74, 0x6cb4, 
	0x4b70, 0x0126, 0x1188, 0x0126, 0x4b90, 0x6cd5, 0x5c53, 0x5453, 0x5433, 0x5453, 0x4391, 0x4bb0, 0x19e9, 0x00e5, 0x1125, 0x1925, 
	0x10e4, 0x18e4, 0x52cc, 0x8431, 0x7bf0, 0x7c31, 0x8431, 0x9cf4, 0x4a8a, 0x18e4, 0x2966, 0x2145, 0x2125, 0x2146, 0x2146, 0x1925, 
	0x2146, 0x1946, 0x1947, 0x1988, 0x4370, 0x4bf3, 0x5475, 0x5495, 0x5c95, 0x6495, 0x2aac, 0x0167, 0x0988, 0x4390, 0x5454, 0x4c34, 
	0x4c34, 0x4c13, 0x3b90, 0x3b0e, 0x0946, 0x1126, 0x1946, 0x2125, 0x1945, 0x1945, 0x1945, 0x2145, 0x2146, 0x2146, 0x2146, 0x2145, 
	0x2145, 0x2145, 0x2145, 0x2145, 0x2145, 0x2145, 0x2145, 0x2145, 0x2146, 0x2145, 0x2125, 0x2145, 0x2146, 0x2146, 0x2145, 0x2145, 
	0x2145, 0x2145, 0x2145, 0x2145, 0x2145, 0x2145, 0x2145, 0x2145, 0x2145, 0x2145, 0x2145, 0x2145, 0x2145, 0x2145, 0x2145, 0x2145, 
	0x2145, 0x2145, 0x2146, 0x2146, 0x2146, 0x2146, 0x2146, 0x2146, 0x1946, 0x1146, 0x220a, 0x4b91, 0x43b1, 0x4412, 0x4413, 0x4bf2, 
	0x5c12, 0x220a, 0x00e6, 0x19a9, 0x5412, 0x4c33, 0x5454, 0x5475, 0x4c33, 0x43d2, 0x2a8c, 0x1167, 0x21a7, 0x2186, 0x2186, 0x2166, 
	0x2145, 0x2145, 0x10c4, 0x630d, 0x8c92, 0x8c72, 0x94b3, 0x6b6e, 0x52cb, 0xad96, 0x7c10, 0x08a3, 0x1925, 0x1925, 0x1925, 0x2187, 
	0x1168, 0x222b, 0x5c12, 0x5c33, 0x5c33, 0x53d1, 0x19c9, 0x1967, 0x1946, 0x2166, 0x2986, 0x1945, 0x1966, 0x1146, 0x0906, 0x3acd, 
	0x53b1, 0x4bd1, 0x4c33, 0x4412, 0x4c11, 0x53f1, 0x29e9, 0x10e5, 0x1905, 0x10a3, 0x73cf, 0xbe18, 0x94f3, 0x8c92, 0x8c92, 0x9d34, 
	0x4acb, 0x1104, 0x2165, 0x8472, 0x9d14, 0x9cf4, 0x94d3, 0xadb7, 0xdefc, 0x5b2d, 0x10c3, 0x2145, 0x2986, 0x1925, 0x1925, 0x2145, 
	0x2145, 0x2145, 0x2145, 0x2145, 0x2145, 0x2146, 0x2146, 0x2146, 0x2146, 0x2146, 0x2146, 0x2146, 0x2146, 0x2146, 0x2146, 0x2145, 
	0x1945, 0x1945, 0x1945, 0x1925, 0x1925, 0x2145, 0x2145, 0x2165, 0x2145, 0x2145, 0x2166, 0x2166, 0x1987, 0x1147, 0x32cd, 0x53f2, 
	0x5433, 0x4c13, 0x5433, 0x5c53, 0x436f, 0x0968, 0x0948, 0x3ace, 0x5413, 0x5453, 0x4c33, 0x4c54, 0x5474, 0x5474, 0x5c54, 0x6474, 
	0x74d5, 0x3acd, 0x0106, 0x0988, 0x0968, 0x53d1, 0x6494, 0x5c53, 0x5454, 0x5433, 0x5413, 0x4370, 0x432f, 0x0926, 0x1146, 0x10e5, 
	0x1104, 0x18e4, 0x31c7, 0x8431, 0x7c10, 0x7c10, 0x8451, 0x9cf4, 0x632d, 0x10c3, 0x2166, 0x2145, 0x2966, 0x2145, 0x2166, 0x2166, 
	0x2145, 0x2166, 0x1967, 0x19a9, 0x4371, 0x4bf3, 0x5455, 0x5475, 0x5c74, 0x5c74, 0x2aac, 0x0968, 0x0988, 0x4370, 0x5433, 0x4c13, 
	0x4c13, 0x4c13, 0x3b90, 0x3b0e, 0x0946, 0x1125, 0x1925, 0x1925, 0x1945, 0x1945, 0x1945, 0x2145, 0x2146, 0x2146, 0x2146, 0x2166, 
	0x2145, 0x2145, 0x2145, 0x2145, 0x2145, 0x2145, 0x2145, 0x2145, 0x2146, 0x2145, 0x2125, 0x2145, 0x2146, 0x2146, 0x2145, 0x2145, 
	0x2145, 0x2145, 0x2145, 0x2145, 0x2145, 0x2145, 0x2145, 0x2145, 0x2145, 0x2145, 0x2145, 0x2145, 0x2145, 0x2145, 0x2145, 0x2145, 
	0x2145, 0x2145, 0x2146, 0x2146, 0x2146, 0x2146, 0x2146, 0x2146, 0x1946, 0x1126, 0x220a, 0x4b91, 0x43b1, 0x4412, 0x43f2, 0x4bf2, 
	0x5412, 0x1a09, 0x00e6, 0x19c9, 0x5412, 0x4c33, 0x5454, 0x5454, 0x4c34, 0x43b1, 0x2a8c, 0x1167, 0x1966, 0x2166, 0x2986, 0x2165, 
	0x2986, 0x1925, 0x2145, 0x7c31, 0x9493, 0x9492, 0x94b3, 0x5aab, 0x73af, 0xb596, 0x5aec, 0x0882, 0x1925, 0x1945, 0x1104, 0x1986, 
	0x0946, 0x32cd, 0x5c33, 0x5432, 0x5433, 0x436f, 0x1187, 0x1967, 0x29a7, 0x2125, 0x1924, 0x29a6, 0x1104, 0x1945, 0x08e5, 0x1147, 
	0x4b2f, 0x4390, 0x43f1, 0x4432, 0x4c12, 0x53f1, 0x19a8, 0x10e5, 0x1925, 0x10c3, 0x7c0f, 0xc638, 0x94f3, 0x8c92, 0x8cd2, 0x9d34, 
	0x426a, 0x1104, 0x2166, 0x8c92, 0x94f4, 0x9cf4, 0x94b3, 0xb5d7, 0xce9a, 0x4a8a, 0x2125, 0x1925, 0x2987, 0x1925, 0x2146, 0x2166, 
	0x2166, 0x2166, 0x2166, 0x2166, 0x2146, 0x2146, 0x2146, 0x2146, 0x2146, 0x2146, 0x2146, 0x2146, 0x1925, 0x2145, 0x2145, 0x1945, 
	0x1945, 0x1945, 0x1945, 0x2125, 0x2125, 0x2145, 0x2145, 0x2165, 0x2165, 0x2165, 0x2166, 0x1946, 0x1967, 0x0967, 0x32ce, 0x4c13, 
	0x4c14, 0x4c13, 0x4c33, 0x5c74, 0x4390, 0x0147, 0x0927, 0x3acd, 0x5c53, 0x5433, 0x4c12, 0x4c33, 0x5474, 0x5454, 0x5453, 0x5433, 
	0x6454, 0x6c54, 0x222b, 0x0127, 0x0147, 0x11c9, 0x6c94, 0x5433, 0x5454, 0x5454, 0x4bf2, 0x4bb1, 0x434f, 0x32ac, 0x00e5, 0x1125, 
	0x10e4, 0x1925, 0x10e4, 0x632d, 0x7c10, 0x7c10, 0x8451, 0x94b3, 0x73cf, 0x1904, 0x1904, 0x1905, 0x2986, 0x2146, 0x2146, 0x2146, 
	0x2145, 0x2166, 0x1967, 0x19a9, 0x4371, 0x4bf3, 0x5454, 0x5454, 0x5434, 0x5c53, 0x2a8c, 0x0968, 0x0988, 0x4370, 0x5433, 0x4c13, 
	0x4c13, 0x4bf3, 0x4390, 0x3b0e, 0x0946, 0x1145, 0x1945, 0x2145, 0x1945, 0x1965, 0x1945, 0x2145, 0x2145, 0x2146, 0x2145, 0x2165, 
	0x2145, 0x2145, 0x2145, 0x2145, 0x2145, 0x2145, 0x2145, 0x2145, 0x2145, 0x2145, 0x2145, 0x2145, 0x2145, 0x2145, 0x2145, 0x2146, 
	0x2145, 0x2145, 0x2145, 0x2145, 0x2145, 0x2145, 0x2145, 0x2146, 0x2145, 0x2145, 0x2145, 0x2145, 0x2145, 0x2145, 0x2145, 0x2145, 
	0x2145, 0x2145, 0x2146, 0x2146, 0x2146, 0x2146, 0x2146, 0x2146, 0x1946, 0x1146, 0x222a, 0x4bb1, 0x43b1, 0x43f2, 0x43d2, 0x43b1, 
	0x53f1, 0x1a09, 0x00e5, 0x19c9, 0x5412, 0x4c12, 0x4c33, 0x4c34, 0x4c33, 0x4bd1, 0x2a6c, 0x1147, 0x29c7, 0x2986, 0x2145, 0x1904, 
	0x1924, 0x10e4, 0x426a, 0x9cf4, 0x8c72, 0x8c72, 0x9493, 0x528b, 0x8431, 0xad76, 0x39e8, 0x10c3, 0x1904, 0x1945, 0x1986, 0x1966, 
	0x0967, 0x436f, 0x5432, 0x4c12, 0x5433, 0x32cd, 0x0926, 0x1987, 0x2146, 0x2145, 0x2145, 0x2124, 0x1924, 0x1925, 0x2167, 0x08c4, 
	0x19c9, 0x4b6f, 0x43b0, 0x4c12, 0x4c12, 0x53f2, 0x19c9, 0x1126, 0x2146, 0x10c3, 0x7c30, 0xc638, 0x94d2, 0x8cd2, 0x8cd3, 0x94f4, 
	0x426a, 0x1924, 0x2166, 0x8471, 0x9d14, 0x94d3, 0x94d3, 0xadb7, 0xce9a, 0x3a29, 0x1904, 0x2125, 0x2146, 0x2166, 0x2145, 0x2146, 
	0x2166, 0x2166, 0x2166, 0x2146, 0x2146, 0x2145, 0x2145, 0x2145, 0x2145, 0x2125, 0x2125, 0x1925, 0x1925, 0x1925, 0x2145, 0x1945, 
	0x1945, 0x1945, 0x1925, 0x1925, 0x2125, 0x2145, 0x2145, 0x2165, 0x1945, 0x2165, 0x2166, 0x2166, 0x2188, 0x1168, 0x32ee, 0x4bf2, 
	0x4c34, 0x4c34, 0x4c33, 0x5453, 0x43b0, 0x0967, 0x0927, 0x3acd, 0x5c33, 0x5412, 0x4c12, 0x4c53, 0x4c53, 0x4c53, 0x5474, 0x5433, 
	0x5413, 0x6454, 0x5c12, 0x0988, 0x0947, 0x0126, 0x224b, 0x6453, 0x53f2, 0x5413, 0x5433, 0x4bf2, 0x4370, 0x4b70, 0x326b, 0x08e5, 
	0x1105, 0x2146, 0x10e4, 0x2146, 0x73cf, 0x8410, 0x8410, 0x8c92, 0x8c72, 0x52ab, 0x4229, 0x31a7, 0x2145, 0x2125, 0x1905, 0x1925, 
	0x2165, 0x2166, 0x1967, 0x19a9, 0x4370, 0x4bf3, 0x5434, 0x5454, 0x5433, 0x5c33, 0x2a6c, 0x0947, 0x0968, 0x434f, 0x5413, 0x4bf2, 
	0x4bf3, 0x4bf3, 0x4390, 0x3b0e, 0x0946, 0x1146, 0x1945, 0x2145, 0x2145, 0x1965, 0x2145, 0x2145, 0x2145, 0x2145, 0x2145, 0x2145, 
	0x2145, 0x2145, 0x2145, 0x2145, 0x2145, 0x2145, 0x2145, 0x2145, 0x2125, 0x2145, 0x2145, 0x2146, 0x2145, 0x2145, 0x2145, 0x2166, 
	0x2145, 0x2145, 0x2145, 0x2145, 0x2125, 0x2145, 0x2145, 0x2145, 0x2145, 0x2145, 0x2145, 0x2145, 0x2145, 0x1945, 0x2145, 0x2165, 
	0x1945, 0x1945, 0x2165, 0x2146, 0x2166, 0x2146, 0x2146, 0x2146, 0x2146, 0x1146, 0x220a, 0x4bb0, 0x43b1, 0x43f2, 0x43d2, 0x43b1, 
	0x4bd1, 0x220a, 0x08e6, 0x1989, 0x53f2, 0x4c13, 0x4c33, 0x4433, 0x4412, 0x4bd1, 0x2a6c, 0x1146, 0x21a6, 0x2165, 0x31c7, 0x52cb, 
	0x52cb, 0x636d, 0x8c72, 0x94b2, 0x94d3, 0x94b3, 0x9492, 0x52ab, 0x9cf4, 0xa515, 0x2145, 0x1925, 0x1905, 0x1945, 0x2166, 0x1146, 
	0x11a8, 0x4bd1, 0x4c12, 0x5412, 0x53d1, 0x19a8, 0x1146, 0x1925, 0x1945, 0x2145, 0x2145, 0x2125, 0x1924, 0x1924, 0x1925, 0x1926, 
	0x08e5, 0x2a4a, 0x53f1, 0x4bb0, 0x5412, 0x53f2, 0x220a, 0x1126, 0x2167, 0x10a3, 0x73cf, 0xce99, 0x8cd2, 0x8c92, 0x94d3, 0x94d3, 
	0x426a, 0x1904, 0x2145, 0x8471, 0x94d3, 0x8cd3, 0x94d3, 0xad96, 0xcebb, 0x4aab, 0x10e3, 0x2166, 0x2166, 0x2986, 0x2145, 0x2166, 
	0x2145, 0x2166, 0x2166, 0x2166, 0x2146, 0x2145, 0x2145, 0x2145, 0x2146, 0x1945, 0x1925, 0x1945, 0x1945, 0x1925, 0x1945, 0x1945, 
	0x1925, 0x1965, 0x2145, 0x1945, 0x2145, 0x2145, 0x2166, 0x2166, 0x1965, 0x2165, 0x2165, 0x2166, 0x2187, 0x1167, 0x32ed, 0x4c12, 
	0x4c13, 0x4c13, 0x4c33, 0x5453, 0x4390, 0x0987, 0x0967, 0x3acd, 0x5c12, 0x5412, 0x4bf2, 0x43f2, 0x4c53, 0x4c33, 0x4bf2, 0x5c74, 
	0x53f2, 0x53f2, 0x6453, 0x53b0, 0x00e5, 0x0947, 0x00e6, 0x3a8d, 0x6413, 0x53f2, 0x4bf2, 0x4c12, 0x43d1, 0x4370, 0x4b90, 0x21ea, 
	0x08e5, 0x1145, 0x1125, 0x10e4, 0x4229, 0x7bf0, 0x8431, 0x8410, 0x8c72, 0x9493, 0x8c72, 0x8472, 0x73d0, 0x6b8e, 0x5aec, 0x2986, 
	0x1925, 0x2166, 0x1946, 0x1188, 0x4370, 0x4bd2, 0x4c13, 0x4c33, 0x4c13, 0x5412, 0x2a4b, 0x0946, 0x0967, 0x4370, 0x4c12, 0x43f2, 
	0x4bf3, 0x4bf2, 0x4390, 0x3b0e, 0x1146, 0x1146, 0x1925, 0x2145, 0x1945, 0x1945, 0x2145, 0x2145, 0x2145, 0x2145, 0x1945, 0x1945, 
	0x2145, 0x2145, 0x2145, 0x2145, 0x2145, 0x2145, 0x2145, 0x2145, 0x2145, 0x2146, 0x2146, 0x2145, 0x2145, 0x2145, 0x2145, 0x2145, 
	0x2145, 0x2145, 0x2145, 0x2145, 0x2145, 0x2145, 0x2145, 0x2145, 0x2145, 0x2165, 0x2145, 0x2145, 0x1945, 0x1945, 0x1945, 0x2145, 
	0x1965, 0x2165, 0x2165, 0x2145, 0x2146, 0x2146, 0x2146, 0x2166, 0x2166, 0x1946, 0x2a2a, 0x4bb1, 0x43b1, 0x43f2, 0x43d2, 0x43b1, 
	0x4bd1, 0x1a0a, 0x08e6, 0x21a9, 0x5bf3, 0x4bf3, 0x4413, 0x4c33, 0x4412, 0x43d1, 0x2a6b, 0x1146, 0x2165, 0x1924, 0x426a, 0x94d3, 
	0x9cf4, 0x9d14, 0x9d14, 0x94d3, 0x94b3, 0x94d3, 0x8c51, 0x5b0c, 0xad76, 0x94f4, 0x1904, 0x2145, 0x2145, 0x2146, 0x2166, 0x1146, 
	0x222a, 0x53f1, 0x4bf2, 0x4bd2, 0x4b4f, 0x1147, 0x1926, 0x1945, 0x1945, 0x2145, 0x2125, 0x2125, 0x1925, 0x1925, 0x1925, 0x1925, 
	0x1125, 0x0926, 0x4b4f, 0x53b1, 0x53f2, 0x5c33, 0x1a0a, 0x0947, 0x2166, 0x10c4, 0x632c, 0xce9a, 0x9513, 0x8cb2, 0x94d3, 0x9d14, 
	0x52cb, 0x1904, 0x1904, 0x73f0, 0x94d3, 0x8c92, 0x94d3, 0x9d34, 0xceba, 0x8471, 0x10c3, 0x29a7, 0x2145, 0x1925, 0x2166, 0x2166, 
	0x2166, 0x2166, 0x2145, 0x2145, 0x2146, 0x2146, 0x2146, 0x2145, 0x2145, 0x1945, 0x1945, 0x1925, 0x1925, 0x1925, 0x1945, 0x2145, 
	0x1945, 0x1945, 0x1945, 0x2165, 0x2166, 0x2145, 0x1945, 0x1945, 0x1985, 0x2185, 0x2986, 0x2166, 0x2187, 0x1167, 0x32cd, 0x4bf2, 
	0x5413, 0x4c13, 0x4c13, 0x4c33, 0x4370, 0x0967, 0x0946, 0x32cc, 0x5c12, 0x4bf2, 0x4c13, 0x43d2, 0x43f2, 0x5453, 0x5c74, 0x53f2, 
	0x5412, 0x5412, 0x53f2, 0x5c32, 0x432e, 0x00e6, 0x08e6, 0x08e6, 0x4b2f, 0x6413, 0x4bf1, 0x4c12, 0x4bf2, 0x4391, 0x3b0f, 0x4b50, 
	0x19a8, 0x08e5, 0x1966, 0x1946, 0x10e4, 0x52cb, 0x8431, 0x7bf0, 0x8410, 0x8411, 0x8431, 0x8431, 0x8431, 0x8c72, 0x94b3, 0x5b0c, 
	0x1904, 0x1946, 0x1946, 0x1988, 0x4370, 0x43b2, 0x4bf2, 0x4c13, 0x4bf3, 0x53f2, 0x224a, 0x0946, 0x0967, 0x4370, 0x4bf2, 0x43f2, 
	0x4bf3, 0x4bf2, 0x4391, 0x3b2e, 0x1167, 0x1946, 0x1925, 0x2145, 0x1945, 0x2145, 0x2145, 0x2145, 0x2145, 0x2145, 0x2145, 0x1945, 
	0x2145, 0x2145, 0x2145, 0x2145, 0x2145, 0x2145, 0x2145, 0x2145, 0x2145, 0x2145, 0x2146, 0x2145, 0x2145, 0x2145, 0x2145, 0x2145, 
	0x2146, 0x2145, 0x2125, 0x2125, 0x2145, 0x2146, 0x2145, 0x2145, 0x2145, 0x2145, 0x2145, 0x2145, 0x1945, 0x1945, 0x2145, 0x1945, 
	0x2145, 0x2165, 0x2165, 0x2146, 0x2146, 0x2146, 0x2166, 0x2166, 0x1966, 0x1146, 0x222a, 0x4bb1, 0x3bb1, 0x3bd2, 0x3bd2, 0x43b1, 
	0x4bd1, 0x1a0a, 0x0906, 0x19a9, 0x53f2, 0x4bf2, 0x43f3, 0x4433, 0x43f2, 0x4390, 0x222b, 0x1126, 0x2166, 0x18e3, 0x4229, 0x94b3, 
	0x8c92, 0x8cb2, 0x8c92, 0x94d3, 0x94b3, 0x9cf4, 0x7bf0, 0x6b6e, 0xbdf8, 0x8c72, 0x10e4, 0x2166, 0x2166, 0x2146, 0x1946, 0x1146, 
	0x2a6b, 0x53f1, 0x4bd1, 0x4bd1, 0x3acd, 0x0906, 0x1105, 0x1925, 0x1925, 0x1925, 0x2125, 0x2125, 0x2145, 0x1925, 0x1925, 0x1925, 
	0x1146, 0x00e5, 0x2a4b, 0x5bf2, 0x53f2, 0x5c33, 0x2a6c, 0x0926, 0x2187, 0x18e4, 0x4a8a, 0xce99, 0x9d34, 0x8cd2, 0x8cb3, 0x9cf4, 
	0x6b6e, 0x1904, 0x1904, 0x5b0c, 0x94d3, 0x94f3, 0x8cb3, 0x94f3, 0xbe59, 0xbe18, 0x2986, 0x1925, 0x2166, 0x2986, 0x2986, 0x2166, 
	0x2166, 0x2146, 0x2145, 0x2125, 0x2125, 0x2125, 0x1925, 0x1925, 0x1925, 0x1905, 0x1925, 0x1925, 0x1925, 0x1945, 0x1925, 0x1945, 
	0x1945, 0x2165, 0x2165, 0x2145, 0x2145, 0x2145, 0x2166, 0x2166, 0x1965, 0x2165, 0x2165, 0x2166, 0x2187, 0x1167, 0x32ed, 0x4bf2, 
	0x4c13, 0x4c13, 0x4413, 0x4c33, 0x436f, 0x0947, 0x0926, 0x32ac, 0x5c12, 0x4bd1, 0x4c13, 0x43f2, 0x4412, 0x43b1, 0x4bd2, 0x5c33, 
	0x5413, 0x53f2, 0x5412, 0x53f2, 0x6c94, 0x2a6b, 0x00e6, 0x1127, 0x1168, 0x5390, 0x5412, 0x4c12, 0x4c12, 0x4bf2, 0x4371, 0x4b71, 
	0x4b4f, 0x0926, 0x1967, 0x1966, 0x1945, 0x18e4, 0x6b4d, 0x8c51, 0x8410, 0x7bf0, 0x73cf, 0x7bf0, 0x7bf0, 0x73af, 0x8431, 0x4aab, 
	0x1924, 0x1966, 0x1946, 0x1988, 0x4370, 0x43b2, 0x43d2, 0x43f2, 0x43d2, 0x4bf2, 0x222a, 0x0926, 0x0967, 0x3b4f, 0x4bf2, 0x43d2, 
	0x43d3, 0x4bd2, 0x43b1, 0x3b2e, 0x1167, 0x1946, 0x1925, 0x2145, 0x2145, 0x2145, 0x2145, 0x2145, 0x2145, 0x2146, 0x2166, 0x2145, 
	0x2146, 0x2145, 0x2145, 0x2125, 0x2125, 0x2145, 0x2145, 0x2145, 0x2125, 0x2145, 0x2145, 0x2145, 0x2145, 0x2145, 0x2145, 0x2145, 
	0x2146, 0x2145, 0x2125, 0x2125, 0x2145, 0x2146, 0x2145, 0x2145, 0x2145, 0x2145, 0x2145, 0x2145, 0x2145, 0x2145, 0x2145, 0x2145, 
	0x2145, 0x2145, 0x2145, 0x2146, 0x2146, 0x2146, 0x2146, 0x2166, 0x1966, 0x1166, 0x224a, 0x4bb1, 0x3bb1, 0x3bf2, 0x3bd2, 0x43d1, 
	0x4bd1, 0x1a0a, 0x0906, 0x19a9, 0x53d2, 0x43d2, 0x43d2, 0x4413, 0x43d1, 0x43b0, 0x222a, 0x08e5, 0x1945, 0x10c3, 0x39e8, 0x8c72, 
	0x8c72, 0x94b2, 0x8c92, 0x9cd3, 0x94d3, 0x9d14, 0x6b6e, 0x73af, 0xbe18, 0x73f0, 0x10c4, 0x2986, 0x2166, 0x1945, 0x1946, 0x1146, 
	0x32ac, 0x53f1, 0x43b1, 0x53f2, 0x326c, 0x08e5, 0x1125, 0x1925, 0x1925, 0x1925, 0x2125, 0x2125, 0x2145, 0x1945, 0x2145, 0x1925, 
	0x1926, 0x1967, 0x1167, 0x53b0, 0x53f2, 0x5412, 0x3b0e, 0x0947, 0x2187, 0x1925, 0x4229, 0xc638, 0x9d34, 0x8c92, 0x8cb2, 0x94b3, 
	0x7c31, 0x2145, 0x1925, 0x31e8, 0x94d3, 0x8cb2, 0x94d3, 0x8cd3, 0xa555, 0xdf1c, 0x8c92, 0x1904, 0x2145, 0x2166, 0x2986, 0x2125, 
	0x2125, 0x2145, 0x2145, 0x2145, 0x1925, 0x1925, 0x1925, 0x1925, 0x2146, 0x2125, 0x1925, 0x1925, 0x1925, 0x1925, 0x1945, 0x1945, 
	0x2166, 0x2145, 0x2145, 0x2145, 0x2145, 0x2146, 0x2166, 0x2166, 0x1945, 0x1965, 0x2165, 0x2146, 0x2167, 0x1147, 0x32cd, 0x4bf2, 
	0x4bf2, 0x4bf2, 0x43f2, 0x4c33, 0x434f, 0x0947, 0x0946, 0x3aac, 0x53f1, 0x4bd1, 0x43d2, 0x43d2, 0x5453, 0x2aee, 0x1a0b, 0x5c33, 
	0x53f2, 0x5c53, 0x4bf2, 0x5432, 0x5c32, 0x5c12, 0x21ea, 0x0906, 0x0106, 0x19c9, 0x5c12, 0x53f2, 0x4bf2, 0x4bf2, 0x4bb2, 0x4b71, 
	0x53b1, 0x430e, 0x0906, 0x1967, 0x1946, 0x2145, 0x2986, 0x73af, 0x7c10, 0x7bf0, 0x7bf0, 0x73cf, 0x73cf, 0x73cf, 0x7c10, 0x52cb, 
	0x1925, 0x2166, 0x1946, 0x1188, 0x4350, 0x43b2, 0x43d2, 0x43d2, 0x43b2, 0x4bd1, 0x222a, 0x0926, 0x0947, 0x3b4f, 0x43d2, 0x43d2, 
	0x43d3, 0x4bd2, 0x43b1, 0x3b2e, 0x0946, 0x1946, 0x1925, 0x2145, 0x2145, 0x2145, 0x2145, 0x2145, 0x2145, 0x2146, 0x2146, 0x2145, 
	0x2146, 0x2145, 0x2145, 0x2125, 0x2125, 0x2145, 0x2145, 0x2145, 0x2145, 0x2145, 0x2145, 0x2145, 0x2145, 0x2145, 0x2145, 0x2145, 
	0x2145, 0x2145, 0x2145, 0x2145, 0x2145, 0x2145, 0x2145, 0x2145, 0x2145, 0x2145, 0x2145, 0x2145, 0x2145, 0x2145, 0x2145, 0x2145, 
	0x2145, 0x2145, 0x2145, 0x2145, 0x2146, 0x2146, 0x2146, 0x2146, 0x1966, 0x1146, 0x224a, 0x4bd1, 0x43d2, 0x3bf2, 0x3bd2, 0x43d1, 
	0x4bf1, 0x222a, 0x0906, 0x1988, 0x4bb1, 0x43b2, 0x43d2, 0x43d2, 0x3bb1, 0x43b1, 0x220a, 0x08c4, 0x1905, 0x18c3, 0x4229, 0x94b3, 
	0x8c71, 0x94b2, 0x8c72, 0x94b2, 0x94b2, 0x9cf4, 0x6b4d, 0x8431, 0xbe18, 0x6b6e, 0x10e4, 0x2166, 0x2146, 0x1946, 0x1946, 0x1126, 
	0x3aed, 0x4bd1, 0x4390, 0x53d1, 0x220a, 0x08e5, 0x1925, 0x2145, 0x1925, 0x2125, 0x2125, 0x2125, 0x1925, 0x1945, 0x2145, 0x2146, 
	0x1946, 0x1967, 0x0947, 0x32ed, 0x5412, 0x5453, 0x436f, 0x0967, 0x21a8, 0x2146, 0x2966, 0xad75, 0xb5d7, 0x8471, 0x8c92, 0x8472, 
	0x94b3, 0x31c7, 0x2145, 0x10e4, 0x7c10, 0x94d3, 0x8c92, 0x94f3, 0x8492, 0xbe38, 0xd6fc, 0x8451, 0x2145, 0x1925, 0x2986, 0x2145, 
	0x2125, 0x2125, 0x2125, 0x1925, 0x1925, 0x1925, 0x1905, 0x1925, 0x18e4, 0x1925, 0x2145, 0x2145, 0x2145, 0x2145, 0x2146, 0x2166, 
	0x2166, 0x1925, 0x2145, 0x2986, 0x2986, 0x2146, 0x2146, 0x1945, 0x1965, 0x2165, 0x2145, 0x2145, 0x1966, 0x1147, 0x32cd, 0x4bd2, 
	0x43d2, 0x43f2, 0x43f2, 0x4c13, 0x4350, 0x0947, 0x0926, 0x3aac, 0x53f1, 0x4bd1, 0x43b1, 0x3b91, 0x5433, 0x2acd, 0x00e6, 0x3aae, 
	0x6454, 0x5433, 0x5433, 0x5432, 0x5433, 0x5c12, 0x53b0, 0x0926, 0x0906, 0x0126, 0x32cc, 0x5c32, 0x4bd1, 0x4bd2, 0x43b2, 0x53f3, 
	0x4370, 0x5bd2, 0x326c, 0x0906, 0x1967, 0x2187, 0x1904, 0x3a08, 0x8410, 0x7bf0, 0x73cf, 0x73cf, 0x73af, 0x73f0, 0x73cf, 0x52cb, 
	0x1925, 0x1966, 0x1946, 0x1187, 0x434f, 0x4391, 0x43b1, 0x43b2, 0x43b1, 0x4bb1, 0x220a, 0x0926, 0x0947, 0x3b2f, 0x43d2, 0x43b2, 
	0x43d2, 0x43d2, 0x4bb1, 0x3b2e, 0x0946, 0x1946, 0x1925, 0x2145, 0x2145, 0x2145, 0x2145, 0x2145, 0x2145, 0x2146, 0x2145, 0x2145, 
	0x2145, 0x2145, 0x2145, 0x2125, 0x2125, 0x2145, 0x2145, 0x2145, 0x2145, 0x2146, 0x2145, 0x2145, 0x2145, 0x2145, 0x2145, 0x2145, 
	0x2145, 0x2145, 0x2145, 0x2145, 0x2145, 0x2145, 0x2145, 0x2145, 0x2145, 0x2145, 0x2145, 0x2145, 0x2145, 0x2145, 0x2145, 0x2145, 
	0x2145, 0x2145, 0x2145, 0x2145, 0x2146, 0x2146, 0x2146, 0x1946, 0x1946, 0x1146, 0x222a, 0x4bd1, 0x43d2, 0x43f2, 0x3bd1, 0x43d1, 
	0x4bf1, 0x224b, 0x0927, 0x1188, 0x4bb1, 0x4bb1, 0x43d2, 0x43d2, 0x3bb1, 0x4390, 0x220a, 0x08c5, 0x2125, 0x18e4, 0x4209, 0x8c72, 
	0x8c72, 0x94b2, 0x8c92, 0x94b2, 0x94b3, 0x9cd3, 0x632c, 0x8c51, 0xc619, 0x5b0c, 0x18e4, 0x2166, 0x2146, 0x2166, 0x2166, 0x1125, 
	0x432e, 0x4bb0, 0x4390, 0x4bb1, 0x19c9, 0x0905, 0x1925, 0x1925, 0x1925, 0x2125, 0x2125, 0x2125, 0x1925, 0x1925, 0x2145, 0x2146, 
	0x2167, 0x1926, 0x1147, 0x224a, 0x5432, 0x5432, 0x4bf1, 0x11c8, 0x1987, 0x2987, 0x10c4, 0x8431, 0xce9a, 0x8c92, 0x8451, 0x8451, 
	0x8cb3, 0x634e, 0x1904, 0x10e4, 0x4249, 0x9d35, 0x8cb3, 0x94d3, 0x8cb3, 0x94d3, 0xce9a, 0xdf3d, 0xa555, 0x4aab, 0x1925, 0x10a3, 
	0x10c3, 0x08a3, 0x0862, 0x0862, 0x0862, 0x0882, 0x0862, 0x0062, 0x0883, 0x0883, 0x0062, 0x0062, 0x0883, 0x10c3, 0x10e4, 0x10c4, 
	0x1905, 0x2145, 0x2966, 0x2966, 0x2145, 0x2146, 0x2166, 0x2166, 0x1946, 0x2166, 0x2145, 0x2145, 0x2167, 0x1147, 0x32cd, 0x4bd2, 
	0x43d2, 0x43d2, 0x43d2, 0x4c13, 0x4350, 0x0947, 0x0926, 0x328c, 0x53d1, 0x4390, 0x43b1, 0x43b1, 0x4c12, 0x32ee, 0x00c6, 0x1168, 
	0x4b70, 0x6474, 0x4bf2, 0x5433, 0x4bf2, 0x5c33, 0x5c12, 0x4b4f, 0x00e5, 0x1167, 0x0126, 0x434f, 0x5c53, 0x4bb1, 0x5413, 0x4bd3, 
	0x4bd2, 0x4b91, 0x53d2, 0x220a, 0x1126, 0x1946, 0x1925, 0x1925, 0x52cb, 0x8431, 0x738e, 0x73cf, 0x73ef, 0x73af, 0x73ef, 0x52cb, 
	0x1104, 0x1966, 0x1946, 0x1187, 0x4350, 0x4391, 0x3b91, 0x3bb1, 0x3b91, 0x4bb1, 0x220a, 0x0926, 0x0947, 0x3b2f, 0x43b1, 0x43b2, 
	0x43d2, 0x43b2, 0x4bd1, 0x3b2f, 0x0946, 0x1966, 0x1925, 0x2145, 0x1945, 0x2145, 0x2145, 0x2145, 0x2125, 0x2145, 0x2145, 0x2145, 
	0x2145, 0x2145, 0x2145, 0x2145, 0x2145, 0x2145, 0x2145, 0x2145, 0x2145, 0x2145, 0x2145, 0x2145, 0x2145, 0x2145, 0x2145, 0x2145, 
	0x2145, 0x2145, 0x2145, 0x2145, 0x2145, 0x2145, 0x2145, 0x2145, 0x2145, 0x2145, 0x2145, 0x2145, 0x2145, 0x2145, 0x2145, 0x2145, 
	0x2145, 0x2145, 0x2145, 0x2145, 0x2145, 0x2146, 0x2146, 0x2166, 0x1946, 0x1146, 0x222a, 0x4bb1, 0x3bb1, 0x3bd2, 0x43d1, 0x43d1, 
	0x5412, 0x224b, 0x0947, 0x19a9, 0x53d1, 0x4bb1, 0x43b1, 0x43b2, 0x3b91, 0x4390, 0x2a2a, 0x10e5, 0x2126, 0x18e4, 0x4229, 0x94b3, 
	0x8c71, 0x8c92, 0x8c72, 0x94b2, 0x94b2, 0x9492, 0x630c, 0x9492, 0xc619, 0x52ab, 0x18e4, 0x2166, 0x1946, 0x2146, 0x1946, 0x1126, 
	0x432e, 0x4b90, 0x4390, 0x4bb0, 0x19a8, 0x1105, 0x1105, 0x1924, 0x1925, 0x2145, 0x2125, 0x2125, 0x1945, 0x1945, 0x2145, 0x2145, 
	0x2166, 0x2167, 0x1967, 0x19c9, 0x4bf1, 0x5432, 0x5c53, 0x226b, 0x1126, 0x2187, 0x1905, 0x52ab, 0xc639, 0x9d14, 0x7c31, 0x8c92, 
	0x8451, 0x94d3, 0x2986, 0x2125, 0x1925, 0x6baf, 0x94f4, 0x8cb2, 0x94d3, 0x8c92, 0x8c92, 0xb5d7, 0xcebb, 0xd6fc, 0xbe18, 0x9d14, 
	0x8431, 0x7c31, 0x7c10, 0x7bf0, 0x7c11, 0x7c11, 0x7c11, 0x7c10, 0x8431, 0x8451, 0x8472, 0x8472, 0x8cb3, 0x8cb3, 0x8472, 0x7c10, 
	0x5b0c, 0x4249, 0x2165, 0x10c3, 0x10c3, 0x2145, 0x2186, 0x1945, 0x1945, 0x2166, 0x2166, 0x2146, 0x2187, 0x1147, 0x3acd, 0x53d1, 
	0x43b1, 0x43d2, 0x43d2, 0x4c13, 0x4350, 0x0947, 0x0926, 0x328c, 0x53d1, 0x3b70, 0x43b1, 0x43d2, 0x5412, 0x32cd, 0x0907, 0x1107, 
	0x1188, 0x53f2, 0x5c33, 0x4c12, 0x4bf2, 0x5412, 0x5c12, 0x6433, 0x3aad, 0x00e5, 0x0967, 0x0967, 0x4b90, 0x5c33, 0x4391, 0x5413, 
	0x53f3, 0x4bb2, 0x53d2, 0x4b90, 0x1188, 0x1167, 0x1946, 0x1925, 0x1925, 0x6b6e, 0x7bcf, 0x738e, 0x73cf, 0x6b8e, 0x7c10, 0x426a, 
	0x1104, 0x1966, 0x1946, 0x1187, 0x4350, 0x4391, 0x3b91, 0x3bb1, 0x3b91, 0x4bb1, 0x220a, 0x0926, 0x0947, 0x3b2f, 0x43b1, 0x43b2, 
	0x43b2, 0x43b2, 0x4bd2, 0x434f, 0x0947, 0x1967, 0x1926, 0x2145, 0x1945, 0x2145, 0x2145, 0x2145, 0x2125, 0x2145, 0x2145, 0x2145, 
	0x2145, 0x2145, 0x2145, 0x2145, 0x2145, 0x2145, 0x2145, 0x2145, 0x2145, 0x2145, 0x2145, 0x2145, 0x2145, 0x2145, 0x2145, 0x2145, 
	0x2145, 0x2145, 0x2145, 0x2145, 0x2145, 0x2145, 0x2145, 0x2125, 0x2145, 0x2145, 0x2145, 0x2145, 0x2145, 0x2145, 0x2125, 0x2145, 
	0x1945, 0x2145, 0x2145, 0x2145, 0x2145, 0x1945, 0x1946, 0x1946, 0x1946, 0x1146, 0x222b, 0x4bb1, 0x3b91, 0x43b1, 0x43b1, 0x4bd1, 
	0x5412, 0x224b, 0x0947, 0x19c9, 0x5bd1, 0x4bb1, 0x4bb1, 0x43b1, 0x43b1, 0x4bb0, 0x2a2b, 0x1105, 0x1946, 0x18e4, 0x4229, 0x8c92, 
	0x8c71, 0x8c92, 0x8c92, 0x94d3, 0x94b2, 0x8c72, 0x5b0c, 0x9cd3, 0xbe18, 0x4a6a, 0x18e4, 0x2166, 0x1946, 0x1925, 0x1946, 0x1946, 
	0x4b4f, 0x4370, 0x4390, 0x4370, 0x1167, 0x1105, 0x1925, 0x2145, 0x2145, 0x2145, 0x2145, 0x2145, 0x2145, 0x2145, 0x2145, 0x2146, 
	0x1925, 0x2187, 0x1987, 0x0967, 0x3b6f, 0x5432, 0x5432, 0x3b2e, 0x1167, 0x2167, 0x2146, 0x2146, 0xb5b7, 0xb5f8, 0x8451, 0x8451, 
	0x8c72, 0x8452, 0x6baf, 0x10e4, 0x1924, 0x2165, 0x8472, 0x94d3, 0x8c92, 0x8c92, 0x8c92, 0x8472, 0x94d3, 0xad96, 0xbe39, 0xcebb, 
	0xd6db, 0xd6fc, 0xdefc, 0xdefc, 0xdefc, 0xdf1c, 0xdf1d, 0xe73d, 0xe73d, 0xe77e, 0xef9e, 0xef7e, 0xef7e, 0xefbf, 0xf7df, 0xf7df, 
	0xf7df, 0xe75d, 0xceba, 0xa555, 0x632d, 0x2986, 0x1104, 0x1104, 0x2145, 0x2166, 0x2166, 0x2166, 0x2186, 0x1146, 0x3aac, 0x4bb0, 
	0x43b1, 0x43b1, 0x43d1, 0x4c13, 0x4350, 0x0947, 0x0926, 0x328c, 0x4bd1, 0x43d1, 0x3b90, 0x43b1, 0x5433, 0x2a8c, 0x1107, 0x1947, 
	0x08e6, 0x19e9, 0x5c53, 0x5c33, 0x4c12, 0x4c12, 0x53f2, 0x5c12, 0x6433, 0x222a, 0x0126, 0x0147, 0x11c9, 0x53f2, 0x53f3, 0x4bb2, 
	0x4bf3, 0x4bd3, 0x4bb2, 0x53f2, 0x432f, 0x0947, 0x19a8, 0x2187, 0x1905, 0x2966, 0x7bf0, 0x7bf0, 0x73af, 0x73af, 0x7bf0, 0x52ab, 
	0x1904, 0x1966, 0x1146, 0x1167, 0x432f, 0x4391, 0x3b91, 0x43b1, 0x4391, 0x4bb1, 0x220a, 0x0926, 0x0947, 0x3b0f, 0x43b1, 0x43b2, 
	0x43b2, 0x43b2, 0x4bf2, 0x434f, 0x0947, 0x1967, 0x1926, 0x1925, 0x1945, 0x2145, 0x2145, 0x2145, 0x2125, 0x2145, 0x2145, 0x2145, 
	0x2145, 0x2145, 0x2145, 0x2145, 0x2145, 0x2145, 0x2145, 0x2145, 0x2125, 0x2125, 0x2125, 0x2145, 0x2145, 0x2145, 0x2145, 0x2145, 
	0x2145, 0x2145, 0x2145, 0x2145, 0x2145, 0x2145, 0x2145, 0x2125, 0x2145, 0x2145, 0x2145, 0x2145, 0x2145, 0x2145, 0x2145, 0x2145, 
	0x1945, 0x1945, 0x2145, 0x2145, 0x2145, 0x1945, 0x1946, 0x1946, 0x1946, 0x1146, 0x222a, 0x4bb1, 0x43b1, 0x3b70, 0x4bf2, 0x53d1, 
	0x32cd, 0x11a9, 0x19a9, 0x21c9, 0x2a6c, 0x53b1, 0x53f2, 0x4391, 0x3b90, 0x4bd1, 0x2a2a, 0x1126, 0x2166, 0x1904, 0x4a6a, 0x94b2, 
	0x8c71, 0x8c92, 0x94b2, 0x94d3, 0x94d3, 0x9492, 0x5aec, 0x9d14, 0xbdf8, 0x4229, 0x1904, 0x2125, 0x1925, 0x1925, 0x1925, 0x1946, 
	0x4b4f, 0x434f, 0x4bb0, 0x4b70, 0x1167, 0x1126, 0x1925, 0x2145, 0x2125, 0x2145, 0x2145, 0x2145, 0x2145, 0x1965, 0x2166, 0x2146, 
	0x2146, 0x2146, 0x2187, 0x1167, 0x32ed, 0x5452, 0x4bf1, 0x4bf1, 0x19c9, 0x1967, 0x2146, 0x18e5, 0x6b8e, 0xce9a, 0x94f3, 0x7c30, 
	0x8451, 0x8431, 0x8c72, 0x4a6a, 0x1904, 0x10e4, 0x2986, 0x8451, 0x94d3, 0x8cb3, 0x8451, 0x8472, 0x8c92, 0x7c31, 0x7c31, 0x8cb3, 
	0x94d3, 0x9cf4, 0x9d14, 0xa535, 0xa555, 0xa575, 0xad76, 0xad96, 0xad96, 0xb5d7, 0xbdf8, 0xbdf8, 0xb5f7, 0xb5f8, 0xbe18, 0xbe39, 
	0xc679, 0xc679, 0xdefc, 0xf7be, 0xf7be, 0xd6db, 0x94f4, 0x428a, 0x1904, 0x10e4, 0x2986, 0x2166, 0x1966, 0x1146, 0x3aac, 0x53b0, 
	0x4390, 0x4390, 0x3b91, 0x53f2, 0x432f, 0x0947, 0x0926, 0x328c, 0x4bb1, 0x43d1, 0x3bb1, 0x43b1, 0x5412, 0x32cd, 0x0906, 0x1927, 
	0x1947, 0x00c5, 0x32ac, 0x6453, 0x5433, 0x5413, 0x5413, 0x5c13, 0x5c13, 0x5bf2, 0x19c9, 0x0967, 0x0147, 0x226c, 0x5c12, 0x53f3, 
	0x4bf3, 0x4bf3, 0x4bd2, 0x43b1, 0x5c33, 0x32ad, 0x0946, 0x21a7, 0x2187, 0x10e4, 0x3a09, 0x7bf0, 0x738e, 0x73af, 0x7bcf, 0x4a8a, 
	0x1904, 0x1945, 0x1126, 0x1167, 0x3b0f, 0x3b70, 0x3b91, 0x3b91, 0x3b70, 0x4390, 0x220a, 0x0926, 0x0947, 0x3aee, 0x4391, 0x43b2, 
	0x3b92, 0x43b2, 0x4bd2, 0x434f, 0x0947, 0x1967, 0x1926, 0x2145, 0x2145, 0x2145, 0x2145, 0x2145, 0x2125, 0x2145, 0x2145, 0x2145, 
	0x2145, 0x2145, 0x2145, 0x2145, 0x2145, 0x2145, 0x2145, 0x2145, 0x2125, 0x2145, 0x2145, 0x2145, 0x2145, 0x2145, 0x2145, 0x2145, 
	0x2145, 0x2145, 0x2145, 0x2145, 0x2145, 0x2145, 0x2145, 0x2145, 0x2145, 0x2145, 0x2145, 0x2145, 0x2145, 0x2145, 0x2145, 0x2145, 
	0x1966, 0x1965, 0x2145, 0x2145, 0x1945, 0x1945, 0x2146, 0x1966, 0x1966, 0x0926, 0x2a4b, 0x4370, 0x4391, 0x4bd2, 0x4b90, 0x224b, 
	0x0948, 0x0968, 0x1168, 0x1188, 0x1188, 0x11c9, 0x4b70, 0x4bb1, 0x4391, 0x4bd1, 0x2a2a, 0x1126, 0x2166, 0x1905, 0x4a6a, 0x8c92, 
	0x8c71, 0x8c92, 0x8c92, 0x94b2, 0x94b2, 0x8c72, 0x5aec, 0x9d14, 0xbdf8, 0x3a08, 0x18e4, 0x2125, 0x1925, 0x1905, 0x1105, 0x1146, 
	0x4b4f, 0x434f, 0x4390, 0x434f, 0x1147, 0x1126, 0x1925, 0x2145, 0x2145, 0x2145, 0x2145, 0x2146, 0x2165, 0x1965, 0x2166, 0x2166, 
	0x2146, 0x2146, 0x1967, 0x1147, 0x2a8c, 0x5432, 0x4c12, 0x53f2, 0x2a6c, 0x1126, 0x2167, 0x2146, 0x2966, 0xa555, 0xbe39, 0x8c72, 
	0x8451, 0x8451, 0x7c31, 0x7c31, 0x3a08, 0x10c3, 0x1904, 0x2145, 0x73cf, 0x8cb3, 0x8c92, 0x8472, 0x8472, 0x8472, 0x8cb3, 0x8c92, 
	0x8c92, 0x94b3, 0x94d3, 0x94f3, 0x9cf4, 0x9d14, 0xa534, 0xa555, 0xadb6, 0xa555, 0xa534, 0xa575, 0xad96, 0xa555, 0x9d14, 0x94f4, 
	0x94f4, 0x9d14, 0xa555, 0xa554, 0xbe17, 0xdf1c, 0xef9e, 0xef9e, 0xa555, 0x4a8a, 0x1904, 0x2165, 0x2186, 0x1986, 0x1967, 0x3acd, 
	0x4bb0, 0x4bd1, 0x4390, 0x4bb1, 0x432f, 0x0927, 0x0927, 0x328c, 0x4bd1, 0x43b1, 0x3bb1, 0x43b1, 0x5432, 0x32ac, 0x1106, 0x1947, 
	0x1946, 0x1946, 0x0906, 0x4b6f, 0x6474, 0x53f3, 0x5c54, 0x53f3, 0x5c13, 0x53f2, 0x53b1, 0x0967, 0x11a8, 0x0127, 0x32cd, 0x5c13, 
	0x4bd2, 0x43d3, 0x43d2, 0x4c13, 0x4391, 0x5c12, 0x222a, 0x0926, 0x1967, 0x2146, 0x10c4, 0x4a8b, 0x7bf0, 0x6b6e, 0x7bf0, 0x4a6a, 
	0x1904, 0x1945, 0x1126, 0x1167, 0x3b0f, 0x3b70, 0x3b70, 0x3b70, 0x3b70, 0x4390, 0x220a, 0x0926, 0x0947, 0x3aee, 0x4391, 0x43b2, 
	0x3b91, 0x43b2, 0x4bd2, 0x434f, 0x0947, 0x1967, 0x1926, 0x2145, 0x2145, 0x2145, 0x2145, 0x2145, 0x2125, 0x2145, 0x2145, 0x2145, 
	0x2145, 0x2145, 0x2145, 0x2145, 0x2145, 0x2125, 0x2145, 0x2145, 0x2145, 0x2145, 0x2145, 0x2145, 0x2145, 0x2145, 0x2145, 0x2145, 
	0x2145, 0x2145, 0x2145, 0x2145, 0x2145, 0x2145, 0x2145, 0x2145, 0x2146, 0x2145, 0x2145, 0x2145, 0x2145, 0x2145, 0x2145, 0x2145, 
	0x1966, 0x1965, 0x2165, 0x2145, 0x1945, 0x2145, 0x2146, 0x2166, 0x1966, 0x0926, 0x2a4b, 0x53d1, 0x4350, 0x4bb2, 0x2a6c, 0x0968, 
	0x11a9, 0x19ea, 0x2a2b, 0x19a9, 0x1167, 0x0947, 0x19ea, 0x4bb2, 0x43b1, 0x4bf1, 0x2a2a, 0x1126, 0x2167, 0x1925, 0x424a, 0x8c72, 
	0x8451, 0x8451, 0x8471, 0x8451, 0x8c71, 0x8451, 0x5aeb, 0xa534, 0xb5f8, 0x31e8, 0x10e4, 0x1925, 0x1925, 0x1905, 0x1925, 0x1146, 
	0x4b4f, 0x434f, 0x4390, 0x434f, 0x1147, 0x1126, 0x1925, 0x2145, 0x2145, 0x2145, 0x2146, 0x2146, 0x2165, 0x1965, 0x2166, 0x2166, 
	0x2966, 0x2166, 0x1966, 0x1147, 0x224b, 0x5432, 0x4bf2, 0x4bd1, 0x4b6f, 0x1147, 0x1926, 0x2146, 0x08a3, 0x5b4d, 0xbe18, 0x94f4, 
	0x7bf0, 0x7c10, 0x7bf0, 0x8431, 0x7bf0, 0x31c7, 0x10c3, 0x1925, 0x10e4, 0x52ec, 0x8472, 0x94f4, 0x8c92, 0x7c31, 0x8472, 0x8c92, 
	0x8cb2, 0x94d3, 0x94d3, 0x9cf4, 0x9d14, 0xa555, 0xa555, 0xa555, 0xa555, 0xa555, 0xa575, 0xa555, 0xa555, 0xa535, 0xa555, 0xa555, 
	0x9d35, 0x9cf4, 0x94d3, 0x9d14, 0x94f3, 0x94f3, 0xadb6, 0xd6db, 0xffff, 0xdefc, 0x8471, 0x2165, 0x1965, 0x1966, 0x1146, 0x0926, 
	0x32ac, 0x4b90, 0x4bb0, 0x4bb1, 0x430e, 0x0947, 0x0927, 0x328c, 0x4bd1, 0x3b91, 0x3b91, 0x43b1, 0x5432, 0x328c, 0x08e5, 0x2147, 
	0x2146, 0x1925, 0x1126, 0x1167, 0x5c33, 0x5c13, 0x5c34, 0x53f3, 0x53f3, 0x53f2, 0x5c33, 0x432f, 0x0147, 0x0968, 0x0967, 0x432f, 
	0x5413, 0x43b2, 0x4c13, 0x4bf2, 0x43b1, 0x4bf2, 0x4b90, 0x19c9, 0x1126, 0x2167, 0x2146, 0x18e4, 0x632d, 0x7bf0, 0x7bd0, 0x424a, 
	0x1904, 0x1945, 0x1126, 0x1167, 0x3b2f, 0x3b70, 0x3b70, 0x3b70, 0x3b70, 0x4390, 0x220a, 0x0926, 0x0947, 0x3aee, 0x4391, 0x4391, 
	0x3b71, 0x4391, 0x4bd2, 0x434f, 0x1147, 0x1946, 0x1925, 0x2125, 0x2145, 0x2145, 0x2145, 0x2145, 0x2125, 0x2146, 0x2145, 0x2145, 
	0x2145, 0x2145, 0x2145, 0x2145, 0x2125, 0x2125, 0x2125, 0x2145, 0x2145, 0x2145, 0x2145, 0x2145, 0x2145, 0x2145, 0x2145, 0x2145, 
	0x2145, 0x2145, 0x2145, 0x2145, 0x2145, 0x2145, 0x2145, 0x2146, 0x2146, 0x2145, 0x2145, 0x2145, 0x2145, 0x2145, 0x2145, 0x2146, 
	0x1945, 0x1965, 0x2165, 0x2145, 0x2145, 0x2145, 0x1946, 0x1946, 0x1946, 0x1126, 0x222a, 0x53d2, 0x4370, 0x4330, 0x1168, 0x1167, 
	0x19ca, 0x4b50, 0x6412, 0x63f2, 0x220a, 0x0947, 0x0107, 0x32ee, 0x4bd2, 0x5412, 0x2a4b, 0x1146, 0x2187, 0x1926, 0x426a, 0x8c72, 
	0x7c30, 0x7c30, 0x8431, 0x7c30, 0x8431, 0x8431, 0x52cb, 0x9d14, 0xb5f8, 0x31e8, 0x10c4, 0x1925, 0x1925, 0x1905, 0x1925, 0x1946, 
	0x4b2f, 0x4350, 0x4370, 0x3b2f, 0x1147, 0x1946, 0x2145, 0x2145, 0x2145, 0x2146, 0x2146, 0x2146, 0x2165, 0x1965, 0x2165, 0x2165, 
	0x2166, 0x2166, 0x2166, 0x1167, 0x1a0a, 0x5412, 0x43d1, 0x4390, 0x53d1, 0x2a2a, 0x1106, 0x1926, 0x1105, 0x10e4, 0x8cd3, 0xc659, 
	0x8c92, 0x7bef, 0x7bf0, 0x7bf0, 0x8431, 0x8431, 0x4249, 0x1925, 0x1904, 0x10c3, 0x2986, 0x4a8a, 0x73cf, 0x8cb3, 0x94d3, 0x9cf4, 
	0x9d14, 0xa535, 0xa555, 0xa575, 0xad76, 0xad96, 0xad96, 0xad96, 0xb5b6, 0xadb6, 0xad96, 0xad96, 0xadb6, 0xadb6, 0xadb6, 0xad96, 
	0xad96, 0xa576, 0xa534, 0x9d34, 0x9d13, 0x9d34, 0x94f3, 0x8cb3, 0xad96, 0xe73c, 0xe77d, 0xadb6, 0x2165, 0x1105, 0x1946, 0x1126, 
	0x0926, 0x3aed, 0x434f, 0x53b1, 0x4b2f, 0x0947, 0x0926, 0x328c, 0x4bd1, 0x3b71, 0x3b91, 0x3b91, 0x5c32, 0x2a8c, 0x08e6, 0x2147, 
	0x2125, 0x2145, 0x1966, 0x1126, 0x19ea, 0x6c74, 0x53f2, 0x5413, 0x53f3, 0x4bf2, 0x53f2, 0x53f2, 0x32cd, 0x0127, 0x1168, 0x19a9, 
	0x53b1, 0x5413, 0x3b70, 0x43d1, 0x4bd2, 0x43b1, 0x53f2, 0x432f, 0x0947, 0x1967, 0x1946, 0x2146, 0x1905, 0x6b8f, 0x7bf0, 0x4229, 
	0x1104, 0x1946, 0x1126, 0x1167, 0x4350, 0x3b71, 0x3b50, 0x3350, 0x3b50, 0x4370, 0x220a, 0x0926, 0x0947, 0x3aee, 0x4371, 0x3b71, 
	0x3b51, 0x3b71, 0x4bd2, 0x432f, 0x1147, 0x1946, 0x1925, 0x2125, 0x2145, 0x2145, 0x2145, 0x2146, 0x2126, 0x2146, 0x2146, 0x2145, 
	0x2145, 0x2145, 0x2145, 0x2145, 0x2145, 0x2125, 0x2125, 0x2125, 0x2145, 0x2145, 0x2145, 0x2145, 0x2145, 0x2145, 0x2145, 0x2145, 
	0x2125, 0x2125, 0x2145, 0x2145, 0x2145, 0x2145, 0x2145, 0x2145, 0x2146, 0x2145, 0x2145, 0x2145, 0x2145, 0x2145, 0x2145, 0x2146, 
	0x1945, 0x1945, 0x2145, 0x2145, 0x2145, 0x2145, 0x1945, 0x1946, 0x1946, 0x1146, 0x2a2b, 0x4b91, 0x4bb1, 0x32ce, 0x0947, 0x1167, 
	0x3acd, 0x5bf2, 0x4b70, 0x53b1, 0x4b4f, 0x0947, 0x0948, 0x2a8d, 0x53f2, 0x5c32, 0x2a6b, 0x1947, 0x21a8, 0x1946, 0x4a4a, 0x8c72, 
	0x8431, 0x7c30, 0x8451, 0x7c30, 0x7c30, 0x7c10, 0x52cb, 0x9cf4, 0xb5d7, 0x39e8, 0x10a3, 0x1925, 0x1925, 0x1905, 0x1905, 0x1126, 
	0x432f, 0x4350, 0x3b70, 0x434f, 0x1167, 0x1946, 0x2166, 0x2165, 0x2165, 0x2166, 0x2146, 0x2146, 0x2166, 0x1965, 0x2165, 0x2165, 
	0x2145, 0x2166, 0x1946, 0x1967, 0x19c9, 0x5412, 0x4bd1, 0x3b70, 0x4370, 0x432f, 0x1127, 0x1926, 0x08c4, 0x1105, 0x29a7, 0xb5f7, 
	0xbdf8, 0x8c72, 0x6b8e, 0x8431, 0x73f0, 0x7bf0, 0x8c72, 0x634e, 0x31a7, 0x1904, 0x1904, 0x10c4, 0x1904, 0x29a7, 0x31e8, 0x426a, 
	0x4aab, 0x52ab, 0x52cb, 0x52ab, 0x52ab, 0x4aaa, 0x4a8a, 0x4a8a, 0x4a8a, 0x4249, 0x3a28, 0x3a29, 0x3a29, 0x4249, 0x52cb, 0x6b8e, 
	0x8472, 0x8cb3, 0xad76, 0xadb6, 0x9d14, 0x9d14, 0x94f3, 0x9d14, 0x8c92, 0x94b3, 0xc639, 0xe75d, 0xb5f8, 0x1105, 0x10e4, 0x1926, 
	0x1946, 0x0905, 0x430e, 0x5bd1, 0x42ed, 0x0926, 0x0947, 0x2a6b, 0x4b91, 0x3b70, 0x3b71, 0x3b91, 0x5c32, 0x328c, 0x1126, 0x2167, 
	0x2145, 0x1925, 0x2166, 0x1126, 0x0926, 0x328c, 0x6474, 0x5413, 0x4bf2, 0x4bf2, 0x4bf2, 0x4bd2, 0x5c12, 0x222b, 0x0947, 0x0968, 
	0x1a0a, 0x53f2, 0x4bb1, 0x4bd1, 0x3b90, 0x43b1, 0x3b70, 0x5c33, 0x3acd, 0x0906, 0x1946, 0x2187, 0x1925, 0x2987, 0x73f0, 0x4249, 
	0x10e4, 0x1945, 0x1126, 0x1187, 0x4350, 0x4371, 0x3350, 0x3350, 0x3350, 0x4350, 0x21e9, 0x0926, 0x0947, 0x32ce, 0x3b50, 0x3b50, 
	0x3350, 0x3b71, 0x4bd2, 0x432f, 0x1147, 0x1946, 0x1926, 0x2125, 0x2145, 0x2145, 0x2145, 0x2146, 0x2126, 0x2146, 0x2146, 0x2145, 
	0x2145, 0x2145, 0x2145, 0x2145, 0x2145, 0x2145, 0x2145, 0x2145, 0x2125, 0x2145, 0x2145, 0x2145, 0x2145, 0x2145, 0x2145, 0x2145, 
	0x2125, 0x2145, 0x2145, 0x2145, 0x2145, 0x2145, 0x2145, 0x2145, 0x2146, 0x2145, 0x2145, 0x2145, 0x2145, 0x2145, 0x2145, 0x2146, 
	0x2146, 0x2146, 0x2145, 0x2145, 0x2145, 0x2145, 0x2145, 0x2146, 0x1946, 0x1126, 0x2a2b, 0x53b1, 0x4b91, 0x32ad, 0x0947, 0x0947, 
	0x430e, 0x53b1, 0x4b90, 0x53d1, 0x4b2e, 0x1167, 0x1168, 0x2a8d, 0x5412, 0x5c33, 0x326b, 0x1967, 0x21a8, 0x2146, 0x4a4a, 0x8c51, 
	0x8431, 0x7c10, 0x7c31, 0x7c10, 0x7c10, 0x7c10, 0x52cb, 0x94d3, 0xb5b7, 0x4229, 0x0883, 0x1925, 0x1905, 0x1925, 0x1905, 0x1126, 
	0x430e, 0x4350, 0x3b70, 0x434f, 0x19a8, 0x1967, 0x2166, 0x2165, 0x2166, 0x2146, 0x2146, 0x2146, 0x1945, 0x1965, 0x1965, 0x2165, 
	0x2165, 0x2166, 0x1946, 0x1126, 0x11a8, 0x53f2, 0x4bd1, 0x3b70, 0x3b0f, 0x5391, 0x21ea, 0x08e5, 0x1126, 0x1105, 0x0082, 0x4249, 
	0xc659, 0xbdf8, 0x94d3, 0x73cf, 0x8451, 0x8431, 0x8431, 0x8472, 0x8451, 0x634e, 0x3a29, 0x2146, 0x1905, 0x1925, 0x1925, 0x1904, 
	0x18e4, 0x18e4, 0x18e4, 0x10e4, 0x10c3, 0x10c3, 0x10c3, 0x10c3, 0x10c3, 0x10c3, 0x10c3, 0x1904, 0x1904, 0x10e4, 0x1904, 0x1925, 
	0x1905, 0x29a7, 0x3a28, 0x6b8e, 0x94f3, 0x9d14, 0x94f3, 0x8cb3, 0x8c93, 0x8c72, 0x8c71, 0xad96, 0xd6fc, 0xa596, 0x10a4, 0x1905, 
	0x2146, 0x1126, 0x1167, 0x53b0, 0x4b0e, 0x0926, 0x0926, 0x2a6c, 0x4391, 0x3b71, 0x3b71, 0x4371, 0x5c12, 0x32ac, 0x0906, 0x1946, 
	0x2145, 0x2145, 0x1925, 0x1946, 0x1947, 0x0926, 0x4b4f, 0x6494, 0x5433, 0x4bf2, 0x4c12, 0x4bd1, 0x53f2, 0x53d1, 0x220a, 0x0927, 
	0x0947, 0x2a4b, 0x53d1, 0x3b4f, 0x43b1, 0x43d2, 0x3b70, 0x4391, 0x5c12, 0x2a2b, 0x1126, 0x1946, 0x2187, 0x1925, 0x426a, 0x3a49, 
	0x10e4, 0x1946, 0x1126, 0x1988, 0x4b70, 0x4391, 0x3350, 0x3350, 0x332f, 0x3b4f, 0x21e9, 0x0926, 0x0947, 0x32ce, 0x3b30, 0x3330, 
	0x3330, 0x3b51, 0x4bd2, 0x3b2e, 0x1147, 0x1946, 0x1926, 0x2125, 0x2145, 0x2145, 0x2145, 0x2146, 0x2125, 0x2145, 0x2145, 0x1945, 
	0x2145, 0x2145, 0x2145, 0x2145, 0x2145, 0x2145, 0x2145, 0x2145, 0x2125, 0x2125, 0x2145, 0x2145, 0x2145, 0x2145, 0x2145, 0x2145, 
	0x2145, 0x2145, 0x2145, 0x2145, 0x2145, 0x2145, 0x2145, 0x2145, 0x2146, 0x2145, 0x2145, 0x2145, 0x1945, 0x1945, 0x1945, 0x1945, 
	0x2146, 0x2146, 0x2145, 0x2145, 0x2125, 0x2125, 0x2146, 0x2146, 0x1946, 0x1126, 0x2a2a, 0x53d1, 0x4350, 0x3aee, 0x1147, 0x1167, 
	0x19c9, 0x53b1, 0x4bb1, 0x4b90, 0x220a, 0x1188, 0x0927, 0x32ce, 0x53f2, 0x5c33, 0x326b, 0x1946, 0x2187, 0x1926, 0x4229, 0x8431, 
	0x7c10, 0x73f0, 0x7c10, 0x73f0, 0x7bf0, 0x7bf0, 0x52ab, 0x94b3, 0xbdd8, 0x4a6a, 0x0882, 0x1925, 0x1905, 0x1925, 0x1925, 0x1126, 
	0x430e, 0x4350, 0x3b70, 0x4370, 0x19c9, 0x1967, 0x2166, 0x2165, 0x2145, 0x2146, 0x2146, 0x2146, 0x1965, 0x1965, 0x1965, 0x2165, 
	0x2165, 0x2166, 0x1926, 0x1126, 0x1988, 0x53d2, 0x4391, 0x332f, 0x3b2f, 0x3aee, 0x42ed, 0x1147, 0x08c4, 0x1125, 0x1925, 0x0882, 
	0x52aa, 0xc639, 0xd6ba, 0x94d3, 0x7bf0, 0x7c10, 0x8431, 0x7c11, 0x8451, 0x8472, 0x8452, 0x7c10, 0x634d, 0x426a, 0x31c8, 0x2986, 
	0x2966, 0x2166, 0x2166, 0x2166, 0x2966, 0x2986, 0x29a7, 0x29a7, 0x29a7, 0x31c7, 0x31e8, 0x31e8, 0x31e8, 0x31e8, 0x29a7, 0x2146, 
	0x1925, 0x2146, 0x1905, 0x2125, 0x31c7, 0x636d, 0x9d35, 0x8cb3, 0x8431, 0x94b3, 0x8451, 0x73ef, 0xa596, 0xcedb, 0x94d4, 0x0863, 
	0x1905, 0x1925, 0x0926, 0x2a2a, 0x4b0e, 0x0906, 0x0926, 0x2a4b, 0x4b91, 0x3b50, 0x3b51, 0x4391, 0x5c12, 0x32ac, 0x0906, 0x1946, 
	0x1945, 0x2166, 0x1925, 0x2166, 0x1926, 0x1147, 0x1188, 0x53f1, 0x5c53, 0x5433, 0x43d1, 0x4bf2, 0x4bb1, 0x53f2, 0x5390, 0x1168, 
	0x1146, 0x0947, 0x3aed, 0x4370, 0x3b70, 0x3b90, 0x3b91, 0x3b50, 0x4bb1, 0x5bf2, 0x21c9, 0x1106, 0x1946, 0x1946, 0x1945, 0x29a7, 
	0x1905, 0x2146, 0x1126, 0x1988, 0x4b70, 0x4391, 0x3350, 0x3330, 0x332f, 0x3b4f, 0x21e9, 0x0926, 0x0947, 0x32cd, 0x3b30, 0x3330, 
	0x3310, 0x3b50, 0x4bd2, 0x3b0e, 0x0947, 0x1126, 0x1925, 0x1925, 0x1925, 0x2145, 0x2146, 0x2146, 0x2125, 0x2125, 0x2145, 0x1945, 
	0x2145, 0x2145, 0x2145, 0x2145, 0x2145, 0x2145, 0x2145, 0x2145, 0x2125, 0x2145, 0x2145, 0x2145, 0x2145, 0x2145, 0x2145, 0x2145, 
	0x2145, 0x2145, 0x2145, 0x2145, 0x2145, 0x2145, 0x2145, 0x2146, 0x2146, 0x2145, 0x2145, 0x2145, 0x1945, 0x1945, 0x1945, 0x1945, 
	0x2146, 0x2146, 0x2145, 0x2145, 0x2125, 0x2125, 0x2146, 0x2146, 0x1926, 0x1126, 0x220a, 0x434f, 0x4370, 0x4370, 0x11a9, 0x1188, 
	0x0967, 0x11c9, 0x32ad, 0x19c9, 0x1187, 0x0947, 0x19ca, 0x53d2, 0x4bf2, 0x5c32, 0x326b, 0x1146, 0x2167, 0x1905, 0x4229, 0x8431, 
	0x7c31, 0x73f0, 0x7c10, 0x73ef, 0x73f0, 0x73cf, 0x4aab, 0x8c92, 0xc639, 0x5acc, 0x0883, 0x2125, 0x1905, 0x1925, 0x1925, 0x1126, 
	0x3b0e, 0x4350, 0x4370, 0x4390, 0x19e9, 0x1987, 0x2166, 0x2165, 0x2165, 0x2166, 0x2146, 0x2166, 0x2166, 0x2166, 0x2166, 0x2166, 
	0x1945, 0x2145, 0x1926, 0x1126, 0x19a8, 0x53d1, 0x4370, 0x330f, 0x330f, 0x3aee, 0x430e, 0x1967, 0x0905, 0x1125, 0x1125, 0x1104, 
	0x10a3, 0x4249, 0xbe18, 0xd6db, 0xad96, 0x8451, 0x7bf0, 0x8431, 0x8452, 0x8452, 0x8c92, 0x8c92, 0x94b3, 0x94d3, 0x8c92, 0x8c92, 
	0x8c72, 0x8452, 0x8452, 0x8472, 0x8c92, 0x8c92, 0x8cb3, 0x94d3, 0x9d14, 0x9d14, 0x9d14, 0x9d14, 0x9d14, 0x9cf4, 0x94d3, 0x8c93, 
	0x6b8f, 0x3a29, 0x2986, 0x1925, 0x1925, 0x10e3, 0x29a7, 0x8451, 0x8c93, 0x7c10, 0x8c72, 0x7c31, 0x7410, 0xadb7, 0xd6dc, 0x6b4e, 
	0x0863, 0x2166, 0x1105, 0x1126, 0x322a, 0x1967, 0x00e5, 0x326c, 0x4370, 0x3b50, 0x3b50, 0x4391, 0x5c13, 0x32cd, 0x0906, 0x1946, 
	0x2146, 0x2145, 0x2146, 0x2145, 0x2146, 0x2187, 0x1146, 0x220a, 0x6473, 0x5433, 0x4bf2, 0x43d1, 0x4391, 0x4370, 0x53d1, 0x3aee, 
	0x1147, 0x1187, 0x0947, 0x434f, 0x4390, 0x3b70, 0x3b71, 0x3b71, 0x3b50, 0x6433, 0x4b6f, 0x1147, 0x1126, 0x1946, 0x1945, 0x1925, 
	0x1925, 0x2166, 0x1126, 0x1167, 0x4b70, 0x4391, 0x3350, 0x332f, 0x332f, 0x3b4f, 0x21e9, 0x0926, 0x0947, 0x32ad, 0x332f, 0x3330, 
	0x3330, 0x3b51, 0x4bd2, 0x3b0e, 0x1147, 0x1126, 0x1926, 0x1925, 0x1925, 0x2145, 0x2146, 0x2145, 0x2125, 0x2125, 0x2145, 0x2145, 
	0x2145, 0x2145, 0x2145, 0x2145, 0x2145, 0x2145, 0x2145, 0x2145, 0x2145, 0x2145, 0x2145, 0x2145, 0x2145, 0x2145, 0x2145, 0x2145, 
	0x2145, 0x2145, 0x2145, 0x2145, 0x2145, 0x2145, 0x2145, 0x2145, 0x2145, 0x2145, 0x2145, 0x2145, 0x2145, 0x2145, 0x2145, 0x2145, 
	0x2145, 0x2145, 0x2145, 0x2125, 0x2145, 0x2125, 0x2146, 0x2146, 0x1946, 0x1125, 0x220a, 0x4b91, 0x3b50, 0x3b30, 0x330e, 0x11ea, 
	0x1188, 0x0947, 0x1126, 0x1147, 0x0926, 0x19c9, 0x3b0f, 0x4bb1, 0x4bb1, 0x5412, 0x326b, 0x1126, 0x1946, 0x1905, 0x39e8, 0x7c11, 
	0x7c10, 0x7c10, 0x73f0, 0x73f0, 0x73cf, 0x73f0, 0x52cb, 0x8451, 0xc639, 0x6b6e, 0x0883, 0x1925, 0x1905, 0x1925, 0x1925, 0x1126, 
	0x3ace, 0x4371, 0x4371, 0x4370, 0x224b, 0x1967, 0x1946, 0x2166, 0x2145, 0x2166, 0x2166, 0x2166, 0x2166, 0x2166, 0x2166, 0x1966, 
	0x2166, 0x1945, 0x1925, 0x1105, 0x21e9, 0x53d1, 0x4371, 0x2aef, 0x3310, 0x32ee, 0x3ace, 0x19a8, 0x08e5, 0x10e5, 0x1105, 0x1946, 
	0x1946, 0x18e4, 0x31a7, 0xa555, 0xd6fb, 0xbe18, 0x9d34, 0x8472, 0x7c31, 0x7c31, 0x8451, 0x8c92, 0x8c92, 0x8c71, 0x8c92, 0x8c92, 
	0x94d3, 0x94d3, 0x94d3, 0x9cf4, 0x9cf4, 0x94f3, 0x9cf4, 0x9d14, 0x9d14, 0x9d34, 0xa535, 0x9d34, 0x9d14, 0x9d14, 0x9d14, 0x9d14, 
	0x9d35, 0x9d14, 0x8451, 0x5b0c, 0x1904, 0x1904, 0x10e3, 0x2125, 0x73f0, 0x8431, 0x7c31, 0x8451, 0x7c10, 0x7c31, 0xbdf8, 0xce7a, 
	0x31a7, 0x1905, 0x1946, 0x1946, 0x1947, 0x1947, 0x0906, 0x326c, 0x4370, 0x3b70, 0x3350, 0x3b71, 0x5c33, 0x32cd, 0x0905, 0x2166, 
	0x2146, 0x2125, 0x2946, 0x2125, 0x2166, 0x1946, 0x21c8, 0x0926, 0x328c, 0x6474, 0x5433, 0x3b90, 0x43d2, 0x3b91, 0x3b4f, 0x53b1, 
	0x328c, 0x0926, 0x1147, 0x1188, 0x432f, 0x4370, 0x3b50, 0x3350, 0x3b50, 0x3b50, 0x6433, 0x3acd, 0x00e5, 0x1966, 0x1966, 0x2146, 
	0x1926, 0x1946, 0x1926, 0x1187, 0x4b90, 0x4390, 0x3330, 0x3330, 0x330f, 0x3b2f, 0x21ea, 0x0926, 0x0947, 0x32ad, 0x332f, 0x3330, 
	0x3330, 0x3350, 0x4bd2, 0x3b2f, 0x1147, 0x1946, 0x2146, 0x2126, 0x2146, 0x2145, 0x2145, 0x2145, 0x2126, 0x2126, 0x2145, 0x1945, 
	0x2145, 0x2145, 0x2145, 0x2145, 0x2145, 0x2145, 0x2145, 0x2125, 0x2145, 0x2145, 0x2145, 0x2145, 0x2145, 0x2145, 0x2145, 0x2145, 
	0x2145, 0x2145, 0x2145, 0x2145, 0x2145, 0x2145, 0x2145, 0x2146, 0x2145, 0x2145, 0x2145, 0x2145, 0x2145, 0x2145, 0x2145, 0x2145, 
	0x2145, 0x2145, 0x2145, 0x2145, 0x2145, 0x2125, 0x2126, 0x2146, 0x1946, 0x1126, 0x220a, 0x4bb1, 0x3b50, 0x3330, 0x3b70, 0x32ee, 
	0x19e9, 0x19c8, 0x1967, 0x1947, 0x2a4b, 0x434f, 0x53d1, 0x4370, 0x4390, 0x5412, 0x2a4a, 0x0905, 0x1946, 0x18e4, 0x31c8, 0x7c11, 
	0x73cf, 0x73f0, 0x73f0, 0x73ef, 0x73f0, 0x73cf, 0x5b0c, 0x7bf0, 0xc619, 0x7bf0, 0x10a3, 0x1905, 0x2146, 0x1926, 0x1925, 0x1126, 
	0x2a8d, 0x3b50, 0x3b50, 0x4390, 0x2a6c, 0x1167, 0x2187, 0x2166, 0x2165, 0x2165, 0x2166, 0x2166, 0x2146, 0x2146, 0x2146, 0x1945, 
	0x1925, 0x2146, 0x1125, 0x08e4, 0x220a, 0x53d1, 0x3b50, 0x330f, 0x2acf, 0x3b30, 0x3aee, 0x1147, 0x0906, 0x1146, 0x1126, 0x1126, 
	0x1947, 0x1946, 0x10e4, 0x2165, 0x73ae, 0xc679, 0xd6db, 0xc69a, 0xa576, 0x94f4, 0x8431, 0x7c10, 0x7c10, 0x8410, 0x8451, 0x8c71, 
	0x8451, 0x8451, 0x8c71, 0x8c72, 0x8c92, 0x8c92, 0x94b3, 0x94d3, 0x94d3, 0x9cf3, 0x9cf3, 0x94d3, 0x94d3, 0x94d3, 0x94b3, 0x8cb2, 
	0x8c92, 0x8472, 0x8cb2, 0x8c92, 0x7c30, 0x31c7, 0x10a3, 0x2125, 0x1904, 0x73d0, 0x8452, 0x8472, 0x8471, 0x7c30, 0x94d3, 0xd6bb, 
	0x94b3, 0x18e4, 0x1925, 0x2167, 0x2147, 0x1906, 0x1967, 0x2a4b, 0x4350, 0x3b50, 0x3350, 0x3b71, 0x5c53, 0x32cd, 0x0905, 0x2166, 
	0x2146, 0x2125, 0x2946, 0x2125, 0x2166, 0x2145, 0x2187, 0x1987, 0x1147, 0x4b4f, 0x5c33, 0x4bf2, 0x3370, 0x3370, 0x4390, 0x4350, 
	0x4b70, 0x21ea, 0x0906, 0x1988, 0x21ea, 0x432f, 0x332f, 0x3b50, 0x3330, 0x3b50, 0x4b91, 0x5c12, 0x326b, 0x0905, 0x1967, 0x1926, 
	0x1946, 0x1926, 0x1946, 0x1187, 0x436f, 0x43b1, 0x3330, 0x3330, 0x330f, 0x3b2f, 0x21ea, 0x0926, 0x0947, 0x32ad, 0x332f, 0x3330, 
	0x3330, 0x3330, 0x4bd2, 0x3b2f, 0x1146, 0x1946, 0x2126, 0x2126, 0x2146, 0x2145, 0x2145, 0x2145, 0x2146, 0x2146, 0x2145, 0x2145, 
	0x2145, 0x2145, 0x2145, 0x2145, 0x2145, 0x2145, 0x2145, 0x2146, 0x2146, 0x2145, 0x2145, 0x2145, 0x2145, 0x2145, 0x2145, 0x2145, 
	0x2145, 0x2145, 0x2145, 0x2145, 0x2145, 0x2145, 0x2145, 0x2146, 0x2145, 0x2145, 0x2145, 0x2145, 0x2145, 0x2145, 0x2145, 0x2145, 
	0x2145, 0x2145, 0x2145, 0x2145, 0x2145, 0x2125, 0x2126, 0x2146, 0x1925, 0x1105, 0x220a, 0x4b91, 0x3b30, 0x2aef, 0x3b50, 0x3b2f, 
	0x4b6f, 0x2209, 0x0906, 0x21a9, 0x5390, 0x4b90, 0x3b2f, 0x330f, 0x4370, 0x53f1, 0x220a, 0x08e5, 0x1926, 0x10e4, 0x29a7, 0x73cf, 
	0x73ef, 0x73f0, 0x6bae, 0x73cf, 0x73cf, 0x73cf, 0x5b0c, 0x6bae, 0xc659, 0x94b3, 0x10c4, 0x1925, 0x1925, 0x1925, 0x2166, 0x1126, 
	0x226c, 0x3b70, 0x3b70, 0x43b1, 0x32cd, 0x1167, 0x2187, 0x2166, 0x2166, 0x2166, 0x2146, 0x2146, 0x2146, 0x2146, 0x2145, 0x2125, 
	0x1925, 0x1946, 0x1105, 0x00e4, 0x2a6b, 0x53f2, 0x3b2f, 0x2aef, 0x3330, 0x32ce, 0x3acd, 0x1147, 0x08e5, 0x21c9, 0x324b, 0x1167, 
	0x1147, 0x1967, 0x1925, 0x1925, 0x10e3, 0x31e7, 0x8c92, 0xbe38, 0xd6fc, 0xd6db, 0xbe39, 0xa575, 0x94d3, 0x94b2, 0x8c92, 0x8451, 
	0x8c92, 0x8c92, 0x8c92, 0x8cb2, 0x94b3, 0x94d3, 0x94d3, 0x9cf4, 0x9cf4, 0x9cf4, 0x9cf4, 0x94d3, 0x94b3, 0x8c92, 0x8c72, 0x8451, 
	0x8472, 0x8c92, 0x8c92, 0x8451, 0x8c72, 0x8c92, 0x4229, 0x1904, 0x1925, 0x2166, 0x7c51, 0x8451, 0x7c30, 0x8451, 0x7c30, 0xad96, 
	0xd6bb, 0x424a, 0x10c4, 0x1926, 0x1926, 0x1927, 0x1126, 0x2a4b, 0x4350, 0x3b50, 0x3330, 0x3b71, 0x5c54, 0x3aed, 0x0926, 0x2166, 
	0x2146, 0x2146, 0x2146, 0x2145, 0x2166, 0x2146, 0x1945, 0x2187, 0x1167, 0x1167, 0x4b70, 0x5c53, 0x43b1, 0x3b90, 0x3b70, 0x4350, 
	0x434f, 0x4b70, 0x1168, 0x0906, 0x0926, 0x2a2b, 0x4370, 0x330f, 0x3b50, 0x3b50, 0x330f, 0x4bb1, 0x53d1, 0x19a8, 0x1146, 0x1947, 
	0x1946, 0x1926, 0x1947, 0x1987, 0x436f, 0x43b1, 0x2aef, 0x3330, 0x2aef, 0x3b0f, 0x21ea, 0x0926, 0x0947, 0x32ad, 0x330f, 0x3330, 
	0x3310, 0x3330, 0x4bd2, 0x3b2f, 0x1146, 0x1946, 0x2126, 0x2126, 0x2146, 0x2145, 0x2145, 0x2145, 0x2146, 0x2146, 0x2145, 0x2145, 
	0x2145, 0x2145, 0x2145, 0x2145, 0x2145, 0x2146, 0x2146, 0x2146, 0x2146, 0x2145, 0x2145, 0x2145, 0x2145, 0x2145, 0x2145, 0x2145, 
	0x2145, 0x2145, 0x2145, 0x2145, 0x2145, 0x2145, 0x2145, 0x2146, 0x2145, 0x2145, 0x2145, 0x2145, 0x2145, 0x2145, 0x2145, 0x2145, 
	0x2145, 0x2145, 0x2145, 0x2145, 0x2145, 0x2126, 0x1926, 0x1946, 0x1946, 0x1126, 0x220a, 0x4bb1, 0x3b50, 0x2aef, 0x330f, 0x32ee, 
	0x3aee, 0x21e9, 0x1167, 0x19a9, 0x432f, 0x3b2f, 0x3b2f, 0x3b50, 0x3b50, 0x53f2, 0x2a4a, 0x08e5, 0x10e4, 0x10a3, 0x31a7, 0x73af, 
	0x7bf0, 0x7c10, 0x73cf, 0x73cf, 0x6baf, 0x73ef, 0x636d, 0x6b8e, 0xc639, 0xa555, 0x2125, 0x2125, 0x1904, 0x1905, 0x2166, 0x1146, 
	0x222b, 0x4391, 0x3b70, 0x4390, 0x3b0e, 0x1167, 0x1987, 0x2166, 0x2146, 0x2146, 0x2146, 0x2146, 0x2926, 0x2926, 0x2126, 0x2145, 
	0x2145, 0x1945, 0x1125, 0x0925, 0x3aed, 0x53f2, 0x3b30, 0x2aef, 0x330f, 0x32ee, 0x3acd, 0x0947, 0x0926, 0x2a0a, 0x430e, 0x328c, 
	0x1188, 0x1187, 0x2187, 0x2166, 0x29a6, 0x2145, 0x10a3, 0x29a7, 0x636e, 0x94f4, 0xbe38, 0xd6bb, 0xd6db, 0xd6bb, 0xce9a, 0xce7a, 
	0xc639, 0xc659, 0xc659, 0xc659, 0xc659, 0xce79, 0xce7a, 0xce7a, 0xce9a, 0xce7a, 0xce7a, 0xce9a, 0xce9a, 0xc659, 0xb5d7, 0xa576, 
	0x94d3, 0x8472, 0x7c10, 0x8451, 0x8471, 0x8451, 0x8cb3, 0x426a, 0x2125, 0x2145, 0x3a08, 0x8c92, 0x7c31, 0x8c72, 0x7c10, 0x8c92, 
	0xce9a, 0x94b3, 0x10c4, 0x1905, 0x2146, 0x2147, 0x0906, 0x326c, 0x4350, 0x3330, 0x3330, 0x3b71, 0x6474, 0x3aed, 0x1126, 0x2167, 
	0x2166, 0x2146, 0x2146, 0x2146, 0x2166, 0x1946, 0x1946, 0x1146, 0x1987, 0x0926, 0x19c9, 0x53f1, 0x4bf2, 0x43b1, 0x334f, 0x3b70, 
	0x3b4f, 0x432f, 0x42ee, 0x0906, 0x0927, 0x0926, 0x32ac, 0x434f, 0x3b2f, 0x3b30, 0x3b50, 0x3b2f, 0x4bb1, 0x53b0, 0x0926, 0x1967, 
	0x1967, 0x1946, 0x1146, 0x1167, 0x436f, 0x43b1, 0x2ace, 0x330f, 0x2aef, 0x3b0f, 0x21ea, 0x1127, 0x0947, 0x32ad, 0x330f, 0x3310, 
	0x3310, 0x3330, 0x4bd2, 0x3b2f, 0x1146, 0x1946, 0x2126, 0x2125, 0x2146, 0x2145, 0x2145, 0x2145, 0x2126, 0x2126, 0x2145, 0x1945, 
	0x2145, 0x2145, 0x2145, 0x2145, 0x2145, 0x2145, 0x2146, 0x2146, 0x2145, 0x2145, 0x2145, 0x2145, 0x2145, 0x2145, 0x2145, 0x2145, 
	0x2145, 0x2145, 0x2146, 0x2145, 0x2145, 0x2145, 0x2145, 0x2145, 0x2145, 0x2145, 0x2145, 0x2145, 0x2145, 0x2145, 0x2145, 0x2145, 
	0x2145, 0x2145, 0x2145, 0x2145, 0x2146, 0x2126, 0x1926, 0x1946, 0x1946, 0x1146, 0x220a, 0x4bb1, 0x3b71, 0x2b0f, 0x330f, 0x32ee, 
	0x3b2f, 0x19c9, 0x0927, 0x19a9, 0x432f, 0x330e, 0x32ef, 0x2ace, 0x3b70, 0x4bd1, 0x2209, 0x08e4, 0x1905, 0x18c3, 0x1904, 0x2986, 
	0x4249, 0x4a8a, 0x6bae, 0x73cf, 0x6bae, 0x73cf, 0x73cf, 0x5b0c, 0xb5d7, 0xbe18, 0x31a7, 0x1904, 0x2145, 0x1945, 0x1945, 0x1966, 
	0x11c9, 0x3b70, 0x3b4f, 0x3b6f, 0x434f, 0x11a8, 0x1967, 0x2167, 0x2166, 0x2146, 0x2146, 0x2126, 0x2926, 0x2926, 0x2946, 0x2146, 
	0x1925, 0x1945, 0x1125, 0x1167, 0x4b70, 0x4bb1, 0x3330, 0x330f, 0x32ef, 0x432f, 0x328c, 0x0126, 0x1147, 0x2a4b, 0x430e, 0x432f, 
	0x3b2e, 0x220a, 0x1146, 0x1946, 0x2166, 0x2125, 0x2966, 0x1925, 0x08a3, 0x08c3, 0x1924, 0x3a08, 0x5b2c, 0x73cf, 0x8451, 0x8c92, 
	0x94d3, 0x94d3, 0x94f3, 0x94d3, 0x94d3, 0x94d3, 0x94d3, 0x94d3, 0x94d3, 0x94b3, 0x8c92, 0x8cb3, 0x94d3, 0x9d14, 0xadb7, 0xbe39, 
	0xc67a, 0xadb7, 0x94f4, 0x8451, 0x8451, 0x8451, 0x8c72, 0x8c92, 0x3a08, 0x2145, 0x1925, 0x6b8e, 0x8471, 0x8451, 0x8431, 0x8430, 
	0xb5b7, 0xbe38, 0x29a7, 0x1905, 0x2167, 0x1906, 0x1147, 0x2a4b, 0x434f, 0x332f, 0x3330, 0x3b71, 0x6474, 0x3aee, 0x1146, 0x2167, 
	0x2166, 0x1945, 0x2146, 0x2146, 0x1926, 0x1966, 0x2a09, 0x1146, 0x1966, 0x1967, 0x0906, 0x222a, 0x5412, 0x53f2, 0x332f, 0x3b4f, 
	0x3b4f, 0x32ee, 0x432f, 0x3a8c, 0x0906, 0x0926, 0x0947, 0x430e, 0x3b2f, 0x4370, 0x330f, 0x3b50, 0x3b50, 0x5c33, 0x3acd, 0x1126, 
	0x1947, 0x1967, 0x1126, 0x1167, 0x4b90, 0x43b1, 0x2ace, 0x330f, 0x32ef, 0x3b0f, 0x21ea, 0x1127, 0x1148, 0x328d, 0x3310, 0x3310, 
	0x2b10, 0x3330, 0x4bb2, 0x432f, 0x1147, 0x1946, 0x1926, 0x2126, 0x2125, 0x2145, 0x2145, 0x2145, 0x2126, 0x2146, 0x2145, 0x1945, 
	0x2145, 0x2145, 0x2145, 0x2145, 0x2145, 0x2145, 0x2145, 0x2146, 0x2145, 0x2145, 0x2145, 0x2145, 0x2145, 0x2145, 0x2145, 0x1945, 
	0x2145, 0x2145, 0x2145, 0x2145, 0x2145, 0x2145, 0x2145, 0x2145, 0x2145, 0x2145, 0x2145, 0x2145, 0x2145, 0x2145, 0x2145, 0x2145, 
	0x2145, 0x2145, 0x2145, 0x2145, 0x2146, 0x2126, 0x1926, 0x1946, 0x1946, 0x1946, 0x2a2a, 0x4bb1, 0x3b50, 0x2aef, 0x330f, 0x32ee, 
	0x3b0e, 0x19c9, 0x0927, 0x1168, 0x3aee, 0x32ee, 0x330f, 0x2aae, 0x3b70, 0x4bd1, 0x220a, 0x08e4, 0x1904, 0x18e4, 0x1904, 0x2124, 
	0x08a2, 0x08a2, 0x4249, 0x73ef, 0x73cf, 0x73ef, 0x7c30, 0x5b0c, 0xad96, 0xce79, 0x4a8a, 0x18e4, 0x2145, 0x2166, 0x2145, 0x1966, 
	0x1187, 0x3b0e, 0x3b4f, 0x3b4f, 0x434f, 0x220a, 0x1146, 0x1967, 0x2166, 0x2146, 0x2146, 0x2126, 0x2126, 0x2926, 0x2125, 0x2125, 
	0x1925, 0x1946, 0x0905, 0x19c9, 0x53f2, 0x4391, 0x2b0f, 0x332f, 0x330f, 0x3b0f, 0x220a, 0x0947, 0x0947, 0x328c, 0x3b0f, 0x32ce, 
	0x3b2f, 0x53b1, 0x430d, 0x21a7, 0x2166, 0x1905, 0x2125, 0x2166, 0x2986, 0x2145, 0x1104, 0x10e4, 0x10c3, 0x08a3, 0x10c3, 0x10e4, 
	0x10e4, 0x1904, 0x1904, 0x1904, 0x18e4, 0x18e4, 0x10e4, 0x10c4, 0x10c3, 0x10c3, 0x10c3, 0x10c3, 0x08a3, 0x10c3, 0x2166, 0x3a29, 
	0x7c31, 0xcebb, 0xbe18, 0x9d14, 0x7c10, 0x8c92, 0x8c72, 0x8c72, 0x73f0, 0x2986, 0x1925, 0x31e8, 0x8451, 0x8431, 0x8431, 0x7bef, 
	0x9cf4, 0xce9a, 0x52ec, 0x10e4, 0x1905, 0x1906, 0x1147, 0x222a, 0x434f, 0x332f, 0x3330, 0x3b71, 0x6495, 0x3b0e, 0x1146, 0x2166, 
	0x1966, 0x1945, 0x2146, 0x2146, 0x1105, 0x21a8, 0x42cc, 0x29e9, 0x1126, 0x1146, 0x1967, 0x0906, 0x3aed, 0x5c32, 0x4390, 0x330f, 
	0x32ee, 0x3b2f, 0x3aee, 0x432f, 0x2a2a, 0x0926, 0x0926, 0x19c9, 0x4b4f, 0x32ee, 0x330f, 0x3b50, 0x2ace, 0x4390, 0x6433, 0x2a4b, 
	0x0906, 0x1146, 0x1167, 0x1187, 0x4b90, 0x4390, 0x2aef, 0x2aef, 0x32ef, 0x3b0f, 0x21ea, 0x1127, 0x1148, 0x328d, 0x32ef, 0x32f0, 
	0x2aef, 0x3330, 0x4bb2, 0x432f, 0x1167, 0x1966, 0x1926, 0x2126, 0x2125, 0x2145, 0x2145, 0x2145, 0x2146, 0x2146, 0x1945, 0x2145, 
	0x2145, 0x2145, 0x2146, 0x2145, 0x2145, 0x2145, 0x2145, 0x2145, 0x2145, 0x2145, 0x2145, 0x2145, 0x2145, 0x2145, 0x2145, 0x2145, 
	0x2125, 0x2145, 0x2145, 0x2145, 0x2145, 0x2145, 0x2145, 0x2146, 0x2145, 0x2145, 0x2145, 0x2145, 0x2145, 0x2145, 0x2145, 0x2145, 
	0x2145, 0x2145, 0x2145, 0x2145, 0x2145, 0x2126, 0x1926, 0x1946, 0x1946, 0x1146, 0x2a2b, 0x53d2, 0x3b71, 0x2aef, 0x330f, 0x2ace, 
	0x3b0e, 0x19e9, 0x0927, 0x1168, 0x32cd, 0x2aad, 0x2ace, 0x2aae, 0x3350, 0x4bd1, 0x222a, 0x08e5, 0x1925, 0x2125, 0x1904, 0x18e3, 
	0x2966, 0x1924, 0x2986, 0x7c10, 0x73cf, 0x73cf, 0x73ef, 0x632d, 0xa534, 0xd69a, 0x738e, 0x18c3, 0x2125, 0x2145, 0x2166, 0x1966, 
	0x1167, 0x328c, 0x434f, 0x3b2f, 0x3b2f, 0x2a4b, 0x0926, 0x1926, 0x1946, 0x1945, 0x2125, 0x2125, 0x2125, 0x2125, 0x2125, 0x1925, 
	0x1945, 0x1125, 0x0926, 0x32cd, 0x5413, 0x3b70, 0x2b0f, 0x330f, 0x32ee, 0x3b0f, 0x19c9, 0x0968, 0x0988, 0x32ce, 0x32ef, 0x2aef, 
	0x2b0f, 0x4390, 0x5bd1, 0x21c8, 0x1925, 0x2166, 0x2966, 0x1904, 0x1904, 0x1945, 0x2145, 0x2145, 0x1945, 0x1945, 0x2166, 0x2166, 
	0x2166, 0x2986, 0x2986, 0x2166, 0x2166, 0x2146, 0x2145, 0x2145, 0x2146, 0x2145, 0x2125, 0x2125, 0x1925, 0x1925, 0x1904, 0x1904, 
	0x10c3, 0x4aab, 0xc659, 0xcebb, 0x9d14, 0x8431, 0x8451, 0x8431, 0x94d3, 0x3a29, 0x2146, 0x2125, 0x6baf, 0x8431, 0x7c10, 0x7bef, 
	0x8451, 0xce9a, 0x8472, 0x10c4, 0x1905, 0x1947, 0x1126, 0x2a2b, 0x434f, 0x332f, 0x3330, 0x3b71, 0x6495, 0x3aee, 0x1146, 0x2166, 
	0x1965, 0x2165, 0x1946, 0x1946, 0x1126, 0x21e9, 0x4b0d, 0x3aac, 0x1146, 0x1966, 0x1946, 0x1146, 0x0926, 0x3b0e, 0x5c12, 0x3b4f, 
	0x32ee, 0x3b2f, 0x32ee, 0x432f, 0x430e, 0x220a, 0x0926, 0x0946, 0x21e9, 0x434f, 0x3b2f, 0x3330, 0x332f, 0x330f, 0x4390, 0x5bf2, 
	0x21e9, 0x1126, 0x1167, 0x1188, 0x4b90, 0x3b70, 0x2aef, 0x2aef, 0x32ef, 0x3b0f, 0x21ea, 0x1127, 0x1147, 0x2a8d, 0x32ef, 0x2aef, 
	0x2aef, 0x330f, 0x4bb2, 0x432f, 0x1167, 0x1966, 0x1926, 0x2125, 0x2125, 0x2145, 0x2145, 0x2145, 0x2146, 0x2146, 0x1945, 0x1945, 
	0x1945, 0x2145, 0x2145, 0x2145, 0x2145, 0x2145, 0x2145, 0x2145, 0x2145, 0x2145, 0x2145, 0x2145, 0x2145, 0x2145, 0x2145, 0x2145, 
	0x1925, 0x2125, 0x2145, 0x2145, 0x2145, 0x2145, 0x2145, 0x2146, 0x2145, 0x2145, 0x2145, 0x2145, 0x2145, 0x2145, 0x2145, 0x2146, 
	0x2145, 0x2145, 0x2145, 0x2145, 0x2146, 0x2125, 0x1926, 0x1946, 0x1926, 0x1126, 0x220a, 0x53b2, 0x3b51, 0x2acf, 0x32ef, 0x2ace, 
	0x32ed, 0x19c9, 0x0106, 0x1168, 0x32cd, 0x2ace, 0x2aae, 0x22ae, 0x332f, 0x53f2, 0x2a4b, 0x0905, 0x2146, 0x2145, 0x2145, 0x2165, 
	0x1924, 0x2986, 0x1924, 0x6bae, 0x7c30, 0x7bf0, 0x7c10, 0x6b8e, 0x8c92, 0xdedb, 0x8c92, 0x18c3, 0x2986, 0x2145, 0x2125, 0x2166, 
	0x1147, 0x2a0a, 0x432f, 0x3b0f, 0x3aee, 0x328c, 0x0926, 0x1106, 0x1925, 0x1925, 0x1925, 0x2125, 0x2125, 0x2145, 0x1925, 0x1925, 
	0x1945, 0x0905, 0x1188, 0x53f2, 0x4bf2, 0x2b0f, 0x3330, 0x330f, 0x3b2f, 0x3aee, 0x0968, 0x11a9, 0x11ca, 0x3b0f, 0x3330, 0x2b0f, 
	0x2b0f, 0x43b1, 0x4b90, 0x1987, 0x1926, 0x2126, 0x2125, 0x2146, 0x2146, 0x1945, 0x1945, 0x2166, 0x2145, 0x2145, 0x2166, 0x2146, 
	0x2146, 0x2145, 0x2146, 0x2146, 0x2146, 0x2145, 0x2145, 0x2145, 0x2145, 0x2146, 0x2145, 0x2145, 0x2146, 0x2166, 0x2146, 0x1945, 
	0x2986, 0x10a3, 0x52cb, 0xd6bb, 0xc639, 0x8c72, 0x7c10, 0x8472, 0x8c72, 0x6b8e, 0x1925, 0x1905, 0x4a8a, 0x8431, 0x7bf0, 0x7c10, 
	0x73ef, 0xbe18, 0x9d55, 0x10e4, 0x2146, 0x1906, 0x1126, 0x2a6c, 0x434f, 0x332f, 0x3330, 0x3b71, 0x6495, 0x3aee, 0x1146, 0x1966, 
	0x1965, 0x2165, 0x1925, 0x1946, 0x1147, 0x2a2a, 0x3aed, 0x42ed, 0x3a8b, 0x1105, 0x1946, 0x1946, 0x0905, 0x1187, 0x53d1, 0x53f1, 
	0x3b50, 0x330f, 0x3b2f, 0x3b0f, 0x3b0e, 0x3acd, 0x1188, 0x0926, 0x0947, 0x2a2b, 0x3b0f, 0x32ee, 0x32ef, 0x32ef, 0x330f, 0x4bb1, 
	0x5390, 0x1168, 0x0947, 0x0988, 0x4bb1, 0x43b1, 0x2b0f, 0x2aef, 0x2aef, 0x3b0f, 0x21ea, 0x1127, 0x0947, 0x2a8c, 0x32ef, 0x2aef, 
	0x2aef, 0x330f, 0x4bb1, 0x432f, 0x1167, 0x1966, 0x1926, 0x2125, 0x1945, 0x1945, 0x2145, 0x2145, 0x2146, 0x2125, 0x1945, 0x1945, 
	0x1945, 0x2145, 0x2145, 0x2145, 0x2145, 0x2145, 0x2145, 0x2146, 0x2145, 0x2145, 0x2145, 0x2145, 0x2145, 0x2145, 0x2145, 0x2145, 
	0x2145, 0x2145, 0x2145, 0x2145, 0x2145, 0x2145, 0x2145, 0x2146, 0x2146, 0x2145, 0x2145, 0x2145, 0x2145, 0x2145, 0x2146, 0x2166, 
	0x2145, 0x2145, 0x2145, 0x2145, 0x2145, 0x1945, 0x1946, 0x1946, 0x1946, 0x1126, 0x220a, 0x4bb1, 0x3b51, 0x22ae, 0x2aef, 0x2ace, 
	0x32cd, 0x11a8, 0x0106, 0x1168, 0x32ad, 0x2aad, 0x2ace, 0x22ae, 0x3350, 0x5412, 0x224b, 0x0926, 0x1946, 0x2145, 0x2145, 0x2165, 
	0x2145, 0x2986, 0x1925, 0x5b2d, 0x7c31, 0x7bf0, 0x7c30, 0x73ae, 0x73af, 0xce7a, 0xb5b7, 0x2125, 0x2145, 0x2145, 0x2125, 0x1925, 
	0x1947, 0x1147, 0x3aee, 0x32ce, 0x32ad, 0x3aee, 0x1147, 0x1106, 0x1105, 0x1925, 0x1925, 0x2125, 0x1904, 0x1925, 0x1945, 0x1925, 
	0x1146, 0x0926, 0x328d, 0x5c33, 0x4391, 0x2b10, 0x3330, 0x330f, 0x3b50, 0x2a6c, 0x0988, 0x11a9, 0x226c, 0x330f, 0x2b10, 0x2b10, 
	0x2b50, 0x4bf2, 0x3b0e, 0x1147, 0x1946, 0x1925, 0x2105, 0x2166, 0x2146, 0x1945, 0x1945, 0x1945, 0x1945, 0x2146, 0x2146, 0x2166, 
	0x2166, 0x2146, 0x2146, 0x2146, 0x2145, 0x2145, 0x2145, 0x2146, 0x2146, 0x2166, 0x2166, 0x2146, 0x1925, 0x1945, 0x2166, 0x2166, 
	0x2145, 0x2986, 0x10c3, 0x8451, 0xce9a, 0x9d14, 0x8431, 0x7c10, 0x7c10, 0x8451, 0x2166, 0x1904, 0x31c7, 0x7bf0, 0x7c10, 0x7bf0, 
	0x73ae, 0xad76, 0xb5f8, 0x2166, 0x1905, 0x2167, 0x1967, 0x2a4b, 0x3b4f, 0x332f, 0x330f, 0x3350, 0x5c54, 0x3aee, 0x0926, 0x1946, 
	0x1945, 0x1944, 0x1925, 0x2187, 0x1147, 0x328c, 0x3b0e, 0x3aed, 0x430d, 0x2187, 0x1105, 0x1905, 0x1946, 0x1146, 0x2209, 0x6432, 
	0x53f2, 0x3b2f, 0x330f, 0x330f, 0x3b0f, 0x3b0f, 0x326c, 0x0926, 0x0947, 0x0927, 0x328c, 0x3b0e, 0x2ace, 0x32ee, 0x330f, 0x330f, 
	0x53d2, 0x432f, 0x0147, 0x0968, 0x4391, 0x3b91, 0x2b10, 0x2aef, 0x2aef, 0x3b0e, 0x21ea, 0x1147, 0x0967, 0x2a8c, 0x32ee, 0x2aef, 
	0x2acf, 0x330f, 0x4bb2, 0x3b2f, 0x1147, 0x1966, 0x1926, 0x1925, 0x1945, 0x1945, 0x2145, 0x2145, 0x2146, 0x2146, 0x1945, 0x1965, 
	0x1945, 0x2145, 0x2145, 0x2145, 0x2145, 0x2145, 0x2145, 0x2146, 0x2145, 0x2145, 0x2145, 0x2145, 0x2145, 0x2145, 0x2145, 0x2145, 
	0x2145, 0x2145, 0x2145, 0x2145, 0x2145, 0x2145, 0x2145, 0x2145, 0x2146, 0x2145, 0x2145, 0x2146, 0x2145, 0x2145, 0x2145, 0x2145, 
	0x2145, 0x2145, 0x2145, 0x2145, 0x2146, 0x1945, 0x2146, 0x2146, 0x1966, 0x1146, 0x220a, 0x4bb1, 0x3b50, 0x228e, 0x2aae, 0x2a8d, 
	0x32cd, 0x11a8, 0x0906, 0x1168, 0x32ad, 0x2aad, 0x2ace, 0x2ace, 0x3b50, 0x5413, 0x2a4b, 0x1126, 0x1966, 0x2146, 0x2145, 0x2165, 
	0x2145, 0x2146, 0x1925, 0x4a8a, 0x73f0, 0x73f0, 0x7bf0, 0x73ef, 0x634d, 0xbdd7, 0xc659, 0x4229, 0x18e4, 0x1904, 0x2125, 0x1926, 
	0x1947, 0x1127, 0x2a4c, 0x32ad, 0x2a8d, 0x3ace, 0x21c9, 0x08e5, 0x1125, 0x1925, 0x1925, 0x2125, 0x2125, 0x1925, 0x1945, 0x1945, 
	0x1126, 0x1168, 0x53d2, 0x5c33, 0x3b91, 0x2aef, 0x3350, 0x3330, 0x3b30, 0x19ea, 0x0989, 0x09a9, 0x32ef, 0x3330, 0x2b30, 0x22ef, 
	0x3370, 0x4bf2, 0x32ac, 0x0926, 0x1925, 0x2966, 0x2125, 0x2125, 0x1945, 0x1945, 0x1945, 0x1945, 0x1945, 0x1945, 0x2146, 0x2146, 
	0x2146, 0x2145, 0x2145, 0x2145, 0x2145, 0x2145, 0x2145, 0x2145, 0x2125, 0x2145, 0x2146, 0x2166, 0x2146, 0x2166, 0x2166, 0x2166, 
	0x2986, 0x2125, 0x1904, 0x4229, 0xc659, 0xad96, 0x7bef, 0x7c10, 0x7c10, 0x8451, 0x31c8, 0x1904, 0x2986, 0x73cf, 0x7bf0, 0x7c10, 
	0x73cf, 0xa555, 0xc659, 0x29a7, 0x1925, 0x2167, 0x1967, 0x2a6b, 0x3b4f, 0x332f, 0x2b0f, 0x3350, 0x5c54, 0x3aee, 0x0926, 0x1946, 
	0x1924, 0x1944, 0x1946, 0x1106, 0x1188, 0x432f, 0x32ce, 0x3aee, 0x42ed, 0x1946, 0x1925, 0x1945, 0x1946, 0x1945, 0x1126, 0x3aac, 
	0x6453, 0x4bd2, 0x330f, 0x3330, 0x330f, 0x2aae, 0x432f, 0x220a, 0x0106, 0x0926, 0x19a8, 0x3acd, 0x3aee, 0x330e, 0x32ee, 0x330f, 
	0x3b30, 0x53d2, 0x32ce, 0x0169, 0x3b71, 0x43b2, 0x2aef, 0x2aef, 0x2aef, 0x330e, 0x21e9, 0x1147, 0x0967, 0x2a6c, 0x2aee, 0x2aef, 
	0x2aef, 0x330f, 0x4bb2, 0x432f, 0x1147, 0x1966, 0x1926, 0x1925, 0x1945, 0x1945, 0x2145, 0x2145, 0x2146, 0x2146, 0x1945, 0x1965, 
	0x1945, 0x2145, 0x2145, 0x2145, 0x2145, 0x2145, 0x2145, 0x2146, 0x2145, 0x2145, 0x2145, 0x2145, 0x2145, 0x2145, 0x2145, 0x2145, 
	0x2145, 0x2145, 0x2145, 0x2145, 0x2145, 0x2145, 0x2145, 0x2145, 0x2166, 0x2146, 0x2146, 0x2146, 0x2146, 0x2145, 0x2145, 0x2145, 
	0x2145, 0x2145, 0x2145, 0x2145, 0x2146, 0x2146, 0x1946, 0x2146, 0x1966, 0x1146, 0x220a, 0x4bb1, 0x3330, 0x1a8d, 0x22ae, 0x228d, 
	0x32cc, 0x19c8, 0x0906, 0x1168, 0x32ad, 0x2acd, 0x2ace, 0x2ace, 0x3b50, 0x5413, 0x2a4b, 0x0946, 0x1966, 0x2146, 0x1946, 0x1945, 
	0x2166, 0x2166, 0x2146, 0x39e8, 0x7c10, 0x7c10, 0x7c10, 0x7bf0, 0x632d, 0xa535, 0xd6db, 0x738f, 0x10a3, 0x1904, 0x2125, 0x1925, 
	0x1126, 0x0926, 0x19ca, 0x32ee, 0x32ae, 0x32ad, 0x324b, 0x1106, 0x1125, 0x1925, 0x1925, 0x1925, 0x2125, 0x2145, 0x1945, 0x1146, 
	0x0926, 0x3acd, 0x6475, 0x4bd2, 0x3310, 0x3330, 0x3330, 0x3b30, 0x32ce, 0x0989, 0x11a9, 0x1a2c, 0x3b50, 0x3330, 0x2b30, 0x2b10, 
	0x43d2, 0x5412, 0x11c9, 0x0905, 0x1946, 0x2146, 0x2125, 0x2166, 0x1945, 0x1945, 0x1945, 0x2165, 0x2145, 0x2146, 0x2146, 0x2146, 
	0x2146, 0x2145, 0x2145, 0x2145, 0x2145, 0x2145, 0x2145, 0x2146, 0x2146, 0x2146, 0x2146, 0x2166, 0x2166, 0x2145, 0x1945, 0x1945, 
	0x1925, 0x2146, 0x1904, 0x2125, 0xad76, 0xb5d7, 0x73af, 0x7bf0, 0x73f0, 0x7c31, 0x4249, 0x1904, 0x2166, 0x6baf, 0x7c10, 0x7c10, 
	0x73cf, 0x94f3, 0xc69a, 0x31e8, 0x1905, 0x2147, 0x1167, 0x2a6b, 0x3b4f, 0x330f, 0x2b0f, 0x3350, 0x5c54, 0x32cd, 0x0906, 0x1946, 
	0x1924, 0x2145, 0x1125, 0x0906, 0x2a4b, 0x3b0f, 0x32ee, 0x3b0e, 0x328c, 0x1126, 0x1105, 0x2166, 0x1945, 0x1946, 0x2166, 0x1126, 
	0x4b4f, 0x5c13, 0x4391, 0x2aef, 0x2aef, 0x32ef, 0x32ee, 0x3ace, 0x11a8, 0x0926, 0x0926, 0x220a, 0x3aee, 0x3aee, 0x330e, 0x330f, 
	0x32ef, 0x4391, 0x53f3, 0x2aae, 0x43b2, 0x43d2, 0x2af0, 0x2aef, 0x2aef, 0x330e, 0x220a, 0x1167, 0x0967, 0x2a6c, 0x2ace, 0x2aee, 
	0x22ce, 0x2b0f, 0x4bd2, 0x3b2f, 0x1167, 0x1946, 0x1926, 0x2126, 0x1945, 0x1945, 0x2145, 0x2145, 0x2146, 0x2146, 0x2145, 0x2145, 
	0x2145, 0x2145, 0x2145, 0x2145, 0x2145, 0x2145, 0x2145, 0x2145, 0x2145, 0x2145, 0x2146, 0x2146, 0x2145, 0x2145, 0x2145, 0x2165, 
	0x2145, 0x2145, 0x2145, 0x2145, 0x2146, 0x2146, 0x2166, 0x2166, 0x2166, 0x2146, 0x2145, 0x2146, 0x2146, 0x2146, 0x2146, 0x2145, 
	0x2166, 0x2165, 0x2165, 0x2165, 0x2146, 0x2146, 0x1946, 0x2166, 0x1946, 0x1126, 0x220a, 0x4bb1, 0x3330, 0x1a8d, 0x22ad, 0x228d, 
	0x2aac, 0x19a8, 0x0926, 0x1188, 0x32cd, 0x2ace, 0x2ace, 0x2ace, 0x3b50, 0x5433, 0x2a4b, 0x0926, 0x1946, 0x2146, 0x1946, 0x1945, 
	0x2146, 0x2166, 0x2146, 0x2166, 0x73cf, 0x73f0, 0x7c10, 0x73f0, 0x632d, 0x8451, 0xd69b, 0x9cf4, 0x10c3, 0x2125, 0x1925, 0x1905, 
	0x1105, 0x1146, 0x1188, 0x2aad, 0x2aad, 0x32ad, 0x3aad, 0x1126, 0x1105, 0x1925, 0x1925, 0x1904, 0x2125, 0x2146, 0x1125, 0x0906, 
	0x220a, 0x6433, 0x5413, 0x3330, 0x2aef, 0x3350, 0x330f, 0x3b2f, 0x1a0b, 0x11a9, 0x11ca, 0x32ee, 0x3330, 0x2b30, 0x2b30, 0x3350, 
	0x5413, 0x3b2f, 0x0967, 0x1987, 0x1946, 0x1925, 0x2146, 0x1925, 0x1945, 0x2146, 0x2165, 0x2165, 0x2145, 0x2146, 0x2146, 0x2146, 
	0x2146, 0x2145, 0x2145, 0x2145, 0x2145, 0x2145, 0x2146, 0x2146, 0x2146, 0x2145, 0x2145, 0x2146, 0x2146, 0x2145, 0x2145, 0x2145, 
	0x2145, 0x1905, 0x2146, 0x10c3, 0x94d3, 0xc639, 0x73af, 0x73cf, 0x73cf, 0x7c10, 0x4a8b, 0x1904, 0x2145, 0x6baf, 0x7c10, 0x7bf0, 
	0x73cf, 0x94d3, 0xc69a, 0x31e8, 0x1905, 0x2167, 0x1147, 0x2a4b, 0x3b2f, 0x2b0f, 0x2aef, 0x3330, 0x5c33, 0x32cd, 0x0906, 0x1946, 
	0x2145, 0x1924, 0x1105, 0x1147, 0x32cd, 0x32ce, 0x330f, 0x3b0f, 0x220a, 0x1126, 0x1925, 0x2145, 0x2145, 0x2166, 0x2126, 0x1947, 
	0x19a8, 0x53b1, 0x5413, 0x330f, 0x2aef, 0x2aef, 0x32ce, 0x3aee, 0x3acd, 0x0947, 0x1167, 0x0947, 0x2a2b, 0x430e, 0x32ee, 0x330f, 
	0x32ef, 0x32ef, 0x4bd2, 0x4bd2, 0x4c13, 0x43d2, 0x22cf, 0x3330, 0x2aef, 0x330f, 0x220a, 0x1167, 0x0967, 0x2a6c, 0x2ace, 0x2aef, 
	0x22ce, 0x2aef, 0x4bd2, 0x432f, 0x1167, 0x1966, 0x1926, 0x2146, 0x1946, 0x1945, 0x2145, 0x2145, 0x2146, 0x2146, 0x2145, 0x2165, 
	0x2145, 0x2145, 0x2145, 0x2145, 0x2145, 0x2145, 0x2145, 0x2145, 0x1945, 0x2145, 0x2146, 0x2146, 0x2145, 0x2145, 0x2165, 0x2166, 
	0x2145, 0x2145, 0x2145, 0x2145, 0x2166, 0x2166, 0x2166, 0x2166, 0x2166, 0x2145, 0x2145, 0x2145, 0x2145, 0x2145, 0x2166, 0x2166, 
	0x2166, 0x2165, 0x2165, 0x2165, 0x2146, 0x2146, 0x1946, 0x1946, 0x1966, 0x1146, 0x220a, 0x4bb1, 0x332f, 0x1a6d, 0x228d, 0x226c, 
	0x2aac, 0x11a8, 0x0926, 0x1188, 0x32ad, 0x2aad, 0x2ace, 0x228e, 0x3350, 0x5433, 0x2a6c, 0x1146, 0x1966, 0x2146, 0x2145, 0x2166, 
	0x2145, 0x2166, 0x2966, 0x1925, 0x52ec, 0x73f0, 0x73ef, 0x73f0, 0x6b6e, 0x6b6e, 0xc639, 0xc639, 0x31c7, 0x18e4, 0x1925, 0x1925, 
	0x1925, 0x1126, 0x0926, 0x2a6b, 0x32ad, 0x2a8d, 0x3aac, 0x29e9, 0x1104, 0x1904, 0x1904, 0x1905, 0x2146, 0x1926, 0x0906, 0x1988, 
	0x4b90, 0x5c33, 0x3b30, 0x22ce, 0x3310, 0x330f, 0x330f, 0x32ad, 0x11a9, 0x0988, 0x11ea, 0x330f, 0x2b0f, 0x2b0f, 0x2b0f, 0x3b91, 
	0x5412, 0x2a8c, 0x0946, 0x1946, 0x1945, 0x2145, 0x2145, 0x2166, 0x2146, 0x2146, 0x2145, 0x2145, 0x2145, 0x2145, 0x1945, 0x1946, 
	0x2146, 0x2145, 0x2145, 0x2145, 0x2145, 0x2145, 0x2145, 0x2146, 0x2146, 0x2145, 0x2145, 0x2145, 0x2145, 0x2145, 0x2145, 0x2146, 
	0x2145, 0x2125, 0x2166, 0x10a3, 0x8c92, 0xc639, 0x73cf, 0x73cf, 0x73cf, 0x7c10, 0x4aab, 0x1904, 0x2166, 0x6baf, 0x7bf0, 0x73cf, 
	0x6bae, 0x94d3, 0xc67a, 0x31e8, 0x10e5, 0x2167, 0x1146, 0x2a4b, 0x3b0f, 0x2aee, 0x2aef, 0x3330, 0x5c33, 0x32cd, 0x0905, 0x1946, 
	0x1945, 0x1105, 0x1126, 0x19a8, 0x3aee, 0x3b0f, 0x3b0f, 0x3b0e, 0x19a8, 0x1146, 0x1946, 0x2145, 0x1945, 0x2125, 0x2125, 0x2146, 
	0x1126, 0x220a, 0x5c12, 0x4bd2, 0x330f, 0x2aae, 0x330f, 0x32ce, 0x3b0f, 0x328c, 0x0926, 0x1167, 0x1188, 0x326c, 0x3b0e, 0x2ace, 
	0x330f, 0x22ae, 0x3330, 0x53f3, 0x4bf3, 0x43b2, 0x2b10, 0x2af0, 0x2aef, 0x330e, 0x220a, 0x1167, 0x0967, 0x2a6c, 0x2ace, 0x2acf, 
	0x22ae, 0x2aef, 0x4bd2, 0x432f, 0x1167, 0x1966, 0x1926, 0x2146, 0x1946, 0x2146, 0x2145, 0x2145, 0x2146, 0x2146, 0x2165, 0x2165, 
	0x2165, 0x2145, 0x2145, 0x2145, 0x2145, 0x2145, 0x2145, 0x2145, 0x1945, 0x2145, 0x2146, 0x2146, 0x2145, 0x2165, 0x2165, 0x2166, 
	0x2145, 0x2145, 0x2145, 0x2145, 0x2145, 0x2165, 0x2165, 0x2165, 0x2166, 0x2165, 0x2145, 0x2145, 0x2145, 0x2145, 0x2165, 0x2165, 
	0x2165, 0x2165, 0x2165, 0x2165, 0x2146, 0x2146, 0x1946, 0x1946, 0x1966, 0x1146, 0x220a, 0x4bb1, 0x332f, 0x1a6d, 0x1a8d, 0x226c, 
	0x2a8c, 0x11a8, 0x0926, 0x1168, 0x2a8d, 0x2aad, 0x2aae, 0x228e, 0x3330, 0x5433, 0x2a8c, 0x1167, 0x2167, 0x2166, 0x2145, 0x2145, 
	0x2166, 0x2146, 0x2166, 0x2146, 0x3a29, 0x7c31, 0x6baf, 0x73cf, 0x73cf, 0x5aeb, 0xad75, 0xd6db, 0x632d, 0x0882, 0x1925, 0x2145, 
	0x2145, 0x1105, 0x0905, 0x220a, 0x3aee, 0x3acd, 0x3aac, 0x3a6b, 0x10e4, 0x1945, 0x1905, 0x1105, 0x1946, 0x08e5, 0x0947, 0x432f, 
	0x6433, 0x3b50, 0x2ace, 0x2ace, 0x2aef, 0x330f, 0x32ee, 0x19ea, 0x1188, 0x0988, 0x2a8d, 0x32ee, 0x2b0f, 0x22ee, 0x2b30, 0x4c13, 
	0x4b90, 0x0947, 0x1967, 0x2186, 0x1945, 0x2186, 0x2165, 0x1945, 0x2166, 0x2146, 0x2145, 0x2145, 0x2145, 0x2145, 0x1946, 0x1945, 
	0x2146, 0x2145, 0x2145, 0x2145, 0x2145, 0x2145, 0x2145, 0x2146, 0x2146, 0x2146, 0x2146, 0x2166, 0x2145, 0x2145, 0x1945, 0x1945, 
	0x1905, 0x2986, 0x1925, 0x18e4, 0xa535, 0xb5d7, 0x73af, 0x7c10, 0x73ef, 0x7c10, 0x426a, 0x1904, 0x2986, 0x6baf, 0x73f0, 0x7bf0, 
	0x6b8e, 0x9d34, 0xbe39, 0x29c7, 0x18e5, 0x1946, 0x1146, 0x2a4b, 0x330e, 0x2aee, 0x2aef, 0x332f, 0x5c33, 0x32cd, 0x0905, 0x1946, 
	0x1926, 0x1946, 0x0926, 0x2a6b, 0x434f, 0x3b4f, 0x3b2f, 0x32cd, 0x0926, 0x1966, 0x1925, 0x2166, 0x2186, 0x1925, 0x2947, 0x2167, 
	0x1967, 0x0926, 0x32cd, 0x5c12, 0x4bb1, 0x32ef, 0x2aae, 0x32ef, 0x32ce, 0x32ce, 0x326c, 0x0927, 0x1988, 0x1168, 0x32ad, 0x330e, 
	0x22ae, 0x3330, 0x2ace, 0x3330, 0x5434, 0x43d2, 0x22cf, 0x2b10, 0x2aef, 0x32ee, 0x21ea, 0x1167, 0x0967, 0x2a6c, 0x2aae, 0x2acf, 
	0x22ae, 0x2aee, 0x4bb1, 0x3b2f, 0x1167, 0x1966, 0x1926, 0x2146, 0x1945, 0x1945, 0x2145, 0x2145, 0x2146, 0x2146, 0x2145, 0x2145, 
	0x2145, 0x2145, 0x2145, 0x2145, 0x2145, 0x2145, 0x2145, 0x2145, 0x2145, 0x2145, 0x2145, 0x2145, 0x2145, 0x2145, 0x2165, 0x2165, 
	0x2145, 0x2145, 0x2145, 0x2145, 0x2145, 0x2145, 0x2145, 0x2145, 0x2165, 0x2145, 0x2145, 0x2145, 0x2165, 0x2145, 0x2145, 0x2145, 
	0x2165, 0x2165, 0x2145, 0x2145, 0x2146, 0x2146, 0x1946, 0x1946, 0x1946, 0x1146, 0x220a, 0x4bb1, 0x332f, 0x1a6c, 0x1a8d, 0x228c, 
	0x2a8c, 0x11c8, 0x0927, 0x1168, 0x2a8c, 0x228d, 0x2aae, 0x228e, 0x3330, 0x5c33, 0x2a6c, 0x1147, 0x2166, 0x2166, 0x2145, 0x2145, 
	0x2146, 0x1925, 0x2125, 0x2146, 0x2986, 0x6baf, 0x6baf, 0x6bae, 0x73ef, 0x5b0c, 0x8430, 0xce9a, 0x9cf4, 0x1924, 0x1924, 0x2145, 
	0x2125, 0x2145, 0x1146, 0x1188, 0x32ad, 0x3aee, 0x326b, 0x21a7, 0x1946, 0x10e4, 0x1945, 0x1946, 0x08c5, 0x1988, 0x3aee, 0x53d1, 
	0x4371, 0x2ace, 0x22ae, 0x2aef, 0x22ad, 0x2aee, 0x226b, 0x0988, 0x1188, 0x220a, 0x330e, 0x2ace, 0x2aef, 0x22ce, 0x3bb1, 0x5433, 
	0x32ad, 0x0926, 0x1146, 0x1945, 0x2186, 0x2165, 0x1945, 0x2186, 0x2166, 0x2146, 0x2145, 0x2145, 0x2145, 0x2145, 0x1946, 0x1946, 
	0x2146, 0x2145, 0x2145, 0x2145, 0x2145, 0x2145, 0x2145, 0x2145, 0x1925, 0x2125, 0x2145, 0x2145, 0x2145, 0x2146, 0x2146, 0x2146, 
	0x2146, 0x1925, 0x1925, 0x31c7, 0xc639, 0xad76, 0x6b8e, 0x73ef, 0x73f0, 0x73f0, 0x31e8, 0x1905, 0x31c7, 0x73cf, 0x73d0, 0x7bf0, 
	0x6b8e, 0xad96, 0xb5d7, 0x2166, 0x1926, 0x1926, 0x1146, 0x2a4b, 0x32ee, 0x2ace, 0x22ee, 0x332f, 0x5c33, 0x32cd, 0x0905, 0x1946, 
	0x1946, 0x1947, 0x1988, 0x432f, 0x4370, 0x3b2f, 0x434f, 0x222a, 0x0926, 0x2166, 0x2166, 0x1925, 0x1945, 0x1925, 0x18e5, 0x2106, 
	0x1947, 0x1987, 0x0947, 0x432e, 0x5c33, 0x4370, 0x2aae, 0x2aef, 0x22ae, 0x330f, 0x3aee, 0x2a0a, 0x1127, 0x0927, 0x19e9, 0x32ce, 
	0x2ace, 0x2aef, 0x2ace, 0x2aef, 0x43b2, 0x3bb2, 0x22cf, 0x2aef, 0x2aef, 0x32ee, 0x21ea, 0x1147, 0x0947, 0x2a4c, 0x2aae, 0x22ae, 
	0x22ae, 0x2aee, 0x43b1, 0x3b2f, 0x1167, 0x1966, 0x1926, 0x2146, 0x1945, 0x1945, 0x2145, 0x2145, 0x2146, 0x2146, 0x2145, 0x2145, 
	0x2145, 0x2145, 0x2145, 0x2145, 0x2145, 0x2145, 0x2145, 0x2145, 0x2145, 0x2145, 0x2145, 0x2145, 0x2145, 0x2145, 0x2145, 0x2145, 
	0x2145, 0x2145, 0x2145, 0x2145, 0x2145, 0x2145, 0x2145, 0x2145, 0x2145, 0x1945, 0x1945, 0x2145, 0x2165, 0x2165, 0x2145, 0x2145, 
	0x1945, 0x2145, 0x2145, 0x2145, 0x2145, 0x2145, 0x1945, 0x2166, 0x1966, 0x1146, 0x222a, 0x4bd1, 0x332f, 0x1a6d, 0x1a8d, 0x226c, 
	0x226c, 0x11a9, 0x0947, 0x1168, 0x2a8c, 0x228d, 0x22ae, 0x228e, 0x3350, 0x5c33, 0x2a6c, 0x1146, 0x1966, 0x2146, 0x2145, 0x2145, 
	0x2145, 0x2145, 0x2125, 0x2145, 0x1904, 0x52cb, 0x7c10, 0x73ef, 0x73cf, 0x6bae, 0x634d, 0xce7a, 0xd6bb, 0x4a6a, 0x2145, 0x2145, 
	0x2945, 0x2146, 0x2167, 0x1967, 0x21e9, 0x1988, 0x1126, 0x1125, 0x1125, 0x1946, 0x1125, 0x00c4, 0x1168, 0x430e, 0x53d1, 0x4bd2, 
	0x228d, 0x22ae, 0x226d, 0x2aae, 0x2ace, 0x224b, 0x0988, 0x0988, 0x11a8, 0x32cd, 0x2ace, 0x2ace, 0x2ace, 0x2b0f, 0x5412, 0x53d1, 
	0x19a8, 0x1967, 0x1966, 0x1945, 0x21a6, 0x1965, 0x2186, 0x2166, 0x2145, 0x2145, 0x2145, 0x2145, 0x2145, 0x2145, 0x1946, 0x1946, 
	0x1945, 0x1925, 0x1945, 0x2145, 0x2145, 0x2125, 0x2125, 0x2125, 0x2145, 0x2145, 0x2145, 0x2145, 0x2145, 0x2145, 0x1945, 0x1925, 
	0x2146, 0x2146, 0x10c4, 0x6bae, 0xc679, 0x8cb2, 0x73ef, 0x73ef, 0x7c10, 0x73f0, 0x2987, 0x1905, 0x3a08, 0x7c10, 0x73cf, 0x73cf, 
	0x73cf, 0xb5d7, 0xa576, 0x1905, 0x2166, 0x1926, 0x1147, 0x2a6b, 0x32ee, 0x2ace, 0x22ce, 0x330f, 0x5c33, 0x32cd, 0x0906, 0x1946, 
	0x1947, 0x1126, 0x326c, 0x4b70, 0x3b0e, 0x434f, 0x4b6f, 0x1187, 0x1946, 0x1945, 0x2166, 0x1925, 0x1105, 0x52ec, 0x73d0, 0x1906, 
	0x2188, 0x1947, 0x0946, 0x19c8, 0x53d1, 0x5412, 0x3b50, 0x22ae, 0x2b0f, 0x2aae, 0x3aee, 0x3aad, 0x1188, 0x1988, 0x0967, 0x1a0a, 
	0x330f, 0x228d, 0x2ace, 0x2ace, 0x2aef, 0x3b92, 0x2aef, 0x2acf, 0x2ace, 0x32ce, 0x21ca, 0x1147, 0x0947, 0x2a4c, 0x2a8e, 0x228e, 
	0x22ae, 0x22ce, 0x43b1, 0x3b2f, 0x1167, 0x1966, 0x1925, 0x1946, 0x1946, 0x1945, 0x2145, 0x2145, 0x2146, 0x2146, 0x2145, 0x2165, 
	0x2145, 0x2145, 0x2145, 0x2145, 0x2145, 0x2145, 0x2145, 0x2145, 0x2145, 0x1945, 0x1945, 0x2145, 0x2145, 0x2165, 0x2145, 0x2145, 
	0x2145, 0x2145, 0x2145, 0x2145, 0x2145, 0x2145, 0x2145, 0x2145, 0x2145, 0x1945, 0x1945, 0x2145, 0x2165, 0x2145, 0x2145, 0x2145, 
	0x1945, 0x1945, 0x2145, 0x2146, 0x2145, 0x2145, 0x1945, 0x1945, 0x1966, 0x1146, 0x222a, 0x4bd2, 0x3350, 0x126c, 0x1a6d, 0x1a6d, 
	0x2a6c, 0x19c9, 0x0927, 0x1168, 0x2a8d, 0x228d, 0x1a8e, 0x1a8e, 0x3330, 0x5413, 0x2a6c, 0x0947, 0x1966, 0x2146, 0x2145, 0x2145, 
	0x1925, 0x2166, 0x1925, 0x2145, 0x1925, 0x2987, 0x52ab, 0x4a8a, 0x52ab, 0x5aec, 0x31e8, 0x634e, 0x94f4, 0x52cc, 0x1105, 0x2987, 
	0x2967, 0x2146, 0x2167, 0x2167, 0x1967, 0x1967, 0x1966, 0x1987, 0x1146, 0x1146, 0x00e5, 0x19c9, 0x434f, 0x53f2, 0x3b50, 0x1a6c, 
	0x1a6d, 0x228d, 0x226c, 0x2a6c, 0x328c, 0x1167, 0x1187, 0x0967, 0x226b, 0x2aed, 0x2aee, 0x22ce, 0x22ad, 0x4370, 0x5c32, 0x3aac, 
	0x1126, 0x1125, 0x1966, 0x2166, 0x1945, 0x2166, 0x2186, 0x2145, 0x2166, 0x2145, 0x2145, 0x2145, 0x2145, 0x2145, 0x2166, 0x2166, 
	0x2166, 0x2146, 0x2145, 0x2145, 0x2145, 0x2145, 0x2145, 0x2145, 0x2125, 0x2145, 0x2146, 0x2145, 0x1925, 0x1925, 0x2145, 0x2166, 
	0x2146, 0x18e4, 0x31c7, 0xbe38, 0xbe18, 0x73cf, 0x73ef, 0x73ef, 0x7c10, 0x5b2d, 0x1925, 0x2145, 0x4a8b, 0x7c31, 0x73cf, 0x6bae, 
	0x7c10, 0xc659, 0x8c92, 0x10c4, 0x1926, 0x1967, 0x1167, 0x2a8c, 0x2ace, 0x2ace, 0x22ae, 0x2aef, 0x5c33, 0x32cd, 0x0906, 0x1946, 
	0x1146, 0x1127, 0x430f, 0x3b2f, 0x3b0f, 0x4b90, 0x328b, 0x0905, 0x1945, 0x2145, 0x1905, 0x2166, 0x10e5, 0x8cb3, 0xcebb, 0x3a29, 
	0x1905, 0x2146, 0x2187, 0x1987, 0x220a, 0x6453, 0x5412, 0x2aee, 0x2ace, 0x2ace, 0x32ef, 0x32ae, 0x32ad, 0x11a9, 0x0968, 0x0968, 
	0x222b, 0x32ee, 0x2a8d, 0x2ace, 0x22ae, 0x2aef, 0x2aef, 0x2acf, 0x2aae, 0x32ce, 0x21ca, 0x1168, 0x1147, 0x2a4c, 0x228d, 0x22ae, 
	0x22ae, 0x2acf, 0x4bd2, 0x3b2f, 0x1187, 0x1966, 0x1945, 0x1946, 0x1946, 0x2146, 0x2145, 0x2145, 0x2145, 0x2145, 0x2145, 0x2165, 
	0x2145, 0x2145, 0x2145, 0x2145, 0x2146, 0x2145, 0x2145, 0x2146, 0x2145, 0x2145, 0x2145, 0x2145, 0x2145, 0x2145, 0x2165, 0x2165, 
	0x2145, 0x2145, 0x2145, 0x2145, 0x2145, 0x2145, 0x2145, 0x2145, 0x2145, 0x1945, 0x1945, 0x2145, 0x2145, 0x2145, 0x2145, 0x2145, 
	0x1945, 0x1945, 0x2145, 0x2145, 0x2145, 0x2145, 0x2145, 0x1945, 0x1946, 0x1146, 0x222b, 0x4bd2, 0x3350, 0x124c, 0x1a6d, 0x1a4d, 
	0x226c, 0x19a9, 0x0947, 0x1188, 0x2a8c, 0x228d, 0x1a8e, 0x1a8e, 0x330f, 0x5412, 0x226b, 0x0946, 0x1146, 0x1946, 0x2145, 0x2145, 
	0x1945, 0x2145, 0x2166, 0x2166, 0x1905, 0x1905, 0x2146, 0x1925, 0x2146, 0x1905, 0x1925, 0x1905, 0x10e5, 0x1905, 0x2167, 0x2187, 
	0x2167, 0x2147, 0x2167, 0x1967, 0x1987, 0x21a8, 0x1987, 0x1167, 0x0106, 0x1a0a, 0x32ed, 0x53d1, 0x53f2, 0x3b2f, 0x22ad, 0x1a6c, 
	0x228d, 0x228d, 0x2a6c, 0x328c, 0x1147, 0x1167, 0x0105, 0x1a0a, 0x32cd, 0x2acd, 0x1a8c, 0x22ad, 0x3b2f, 0x5c12, 0x4b6f, 0x1147, 
	0x1105, 0x2166, 0x1945, 0x2186, 0x29a7, 0x2166, 0x2166, 0x2166, 0x2166, 0x2166, 0x2165, 0x2166, 0x2145, 0x2146, 0x2166, 0x2166, 
	0x2166, 0x2166, 0x2146, 0x2146, 0x2146, 0x2146, 0x2146, 0x2145, 0x2966, 0x2145, 0x2125, 0x2125, 0x2146, 0x2145, 0x1925, 0x1904, 
	0x0862, 0x52ab, 0xb5f8, 0xc679, 0x8471, 0x6bae, 0x73cf, 0x6bce, 0x7c10, 0x3a29, 0x1904, 0x1905, 0x636e, 0x73f0, 0x6b8e, 0x6bae, 
	0x8492, 0xd6db, 0x5b0d, 0x18e5, 0x1946, 0x0926, 0x11a8, 0x32cd, 0x2ace, 0x2ace, 0x22ae, 0x2aef, 0x5c33, 0x32ad, 0x0906, 0x1146, 
	0x1126, 0x21c9, 0x430f, 0x3b0f, 0x4370, 0x4b70, 0x1187, 0x1145, 0x1925, 0x2125, 0x2145, 0x1925, 0x2167, 0xbe39, 0xb5f8, 0x4a8a, 
	0x2125, 0x2967, 0x2166, 0x1987, 0x1167, 0x3aed, 0x6473, 0x5412, 0x2aee, 0x2ace, 0x2ace, 0x2aae, 0x32ee, 0x2a6c, 0x1168, 0x1168, 
	0x1168, 0x2a4c, 0x3aee, 0x228d, 0x2ace, 0x22ae, 0x22af, 0x2aef, 0x2aae, 0x32ae, 0x21c9, 0x1147, 0x1147, 0x2a4b, 0x228d, 0x22ae, 
	0x228e, 0x2ace, 0x4bb2, 0x3b2f, 0x1167, 0x1146, 0x1925, 0x1945, 0x1946, 0x1945, 0x2145, 0x2145, 0x2146, 0x2145, 0x2145, 0x2145, 
	0x2145, 0x2145, 0x2145, 0x2146, 0x2146, 0x2145, 0x2145, 0x2166, 0x2145, 0x2145, 0x2145, 0x2145, 0x2145, 0x2145, 0x2145, 0x2145, 
	0x2145, 0x2145, 0x2145, 0x2145, 0x2145, 0x2145, 0x2145, 0x2145, 0x2145, 0x2145, 0x2145, 0x2145, 0x2145, 0x2145, 0x2145, 0x2165, 
	0x1965, 0x1945, 0x2145, 0x2145, 0x2145, 0x2145, 0x2145, 0x2145, 0x1966, 0x1146, 0x224b, 0x4bf2, 0x3b70, 0x126d, 0x1a6d, 0x1a6d, 
	0x226c, 0x11c9, 0x0967, 0x11a8, 0x226c, 0x1a6c, 0x1a8d, 0x1a6d, 0x330f, 0x5c33, 0x2a8b, 0x0967, 0x1987, 0x1966, 0x1945, 0x1945, 
	0x1945, 0x1925, 0x1945, 0x1945, 0x1925, 0x2146, 0x1946, 0x2146, 0x2146, 0x2166, 0x2167, 0x1946, 0x2187, 0x21a7, 0x1967, 0x21a8, 
	0x2187, 0x2187, 0x21a8, 0x1988, 0x1167, 0x1167, 0x1188, 0x19e9, 0x3b0e, 0x53f2, 0x5c53, 0x4bf2, 0x330f, 0x1a6d, 0x226d, 0x1a6d, 
	0x2a8d, 0x222b, 0x328c, 0x1168, 0x0926, 0x0906, 0x11a8, 0x32ac, 0x226c, 0x228d, 0x22ce, 0x1a8c, 0x53f2, 0x53d1, 0x220a, 0x08e5, 
	0x2187, 0x1925, 0x1104, 0x10e4, 0x1925, 0x1104, 0x10e4, 0x10e4, 0x10e3, 0x10e3, 0x10c3, 0x10c3, 0x10c3, 0x10c3, 0x10c4, 0x10c4, 
	0x10c3, 0x10c3, 0x10c3, 0x10c3, 0x10c4, 0x10c4, 0x10c4, 0x10c3, 0x10a3, 0x10c3, 0x10c4, 0x10c3, 0x10c3, 0x1904, 0x29a7, 0x426a, 
	0x8c93, 0xce9b, 0xc659, 0x8c92, 0x636d, 0x73ef, 0x73cf, 0x7c10, 0x636d, 0x1925, 0x1925, 0x31e8, 0x73cf, 0x6baf, 0x6baf, 0x638e, 
	0xa555, 0xc659, 0x31a7, 0x1905, 0x1946, 0x0926, 0x19c9, 0x32ed, 0x2ace, 0x2ace, 0x22ae, 0x32ef, 0x5c34, 0x32cd, 0x0926, 0x1966, 
	0x1126, 0x1988, 0x4b4f, 0x432f, 0x4b90, 0x2a6b, 0x0926, 0x1945, 0x2145, 0x2125, 0x2166, 0x0883, 0x5b2e, 0xd71d, 0x8472, 0x3a08, 
	0x634e, 0x2167, 0x2166, 0x1967, 0x1988, 0x0947, 0x434f, 0x5c53, 0x43b1, 0x2ace, 0x2aef, 0x2ace, 0x2aae, 0x3aee, 0x19ea, 0x0948, 
	0x1147, 0x19c9, 0x2a8c, 0x2aad, 0x228d, 0x2aae, 0x228e, 0x2acf, 0x2a8e, 0x32ad, 0x19c9, 0x1147, 0x1147, 0x2a2b, 0x228d, 0x22ae, 
	0x228e, 0x2acf, 0x4bd2, 0x3b2f, 0x1167, 0x1946, 0x1925, 0x1946, 0x1946, 0x1945, 0x2145, 0x2145, 0x2146, 0x2146, 0x2145, 0x2145, 
	0x2145, 0x2125, 0x2125, 0x2145, 0x2145, 0x2145, 0x2145, 0x2145, 0x2165, 0x2165, 0x2165, 0x2145, 0x2145, 0x2145, 0x2145, 0x2145, 
	0x2145, 0x2145, 0x2145, 0x2145, 0x2145, 0x2145, 0x2145, 0x2165, 0x2145, 0x2145, 0x2145, 0x2145, 0x2145, 0x2145, 0x2145, 0x2165, 
	0x2165, 0x2165, 0x2145, 0x2145, 0x2145, 0x2145, 0x1945, 0x1945, 0x1966, 0x1146, 0x224b, 0x53f2, 0x3b70, 0x126d, 0x1a6d, 0x1a6d, 
	0x2a8c, 0x11c9, 0x1167, 0x19a8, 0x226b, 0x1a6c, 0x1a8d, 0x1a6d, 0x330f, 0x5412, 0x224b, 0x0126, 0x0926, 0x1125, 0x1105, 0x1104, 
	0x1125, 0x0905, 0x1125, 0x0905, 0x1105, 0x1126, 0x08e5, 0x1126, 0x1946, 0x1106, 0x0905, 0x1146, 0x0926, 0x0926, 0x1167, 0x0926, 
	0x1167, 0x1167, 0x0967, 0x0968, 0x11a9, 0x2a6c, 0x4370, 0x5c54, 0x6475, 0x5413, 0x3b71, 0x330f, 0x22ae, 0x228d, 0x22ae, 0x228d, 
	0x2a6c, 0x2a6b, 0x1167, 0x0926, 0x0926, 0x1167, 0x2a6c, 0x2a6c, 0x22ad, 0x1a8d, 0x22ad, 0x4390, 0x5c12, 0x3aed, 0x0906, 0x1946, 
	0x1925, 0x2166, 0x6baf, 0x7c31, 0x73cf, 0x8451, 0x7c10, 0x8431, 0x7c10, 0x7c10, 0x7c10, 0x7c10, 0x7c10, 0x7c10, 0x7c31, 0x7c31, 
	0x8451, 0x8451, 0x8451, 0x8471, 0x8c72, 0x8c72, 0x8c72, 0x8c72, 0x8c72, 0x8c72, 0x8c72, 0x8c72, 0x8cb3, 0x9d35, 0xb5f8, 0xce9a, 
	0xc65a, 0xa555, 0x7c10, 0x634d, 0x73cf, 0x6bae, 0x6baf, 0x73ef, 0x29a7, 0x1945, 0x1905, 0x636e, 0x6baf, 0x6bae, 0x6bae, 0x73ef, 
	0xbe59, 0x94d3, 0x18e4, 0x2126, 0x1126, 0x1147, 0x222a, 0x32ce, 0x2ace, 0x2acf, 0x22af, 0x3310, 0x5c54, 0x3ace, 0x0926, 0x1967, 
	0x1146, 0x19a8, 0x4b4f, 0x4b4f, 0x4b50, 0x1167, 0x1146, 0x2166, 0x2145, 0x2125, 0x1904, 0x1925, 0xa556, 0xcebb, 0x4a8b, 0x4249, 
	0x8cb3, 0x636e, 0x10e4, 0x1946, 0x1967, 0x1167, 0x1188, 0x4bb1, 0x5c54, 0x3b70, 0x2ace, 0x2ace, 0x2ace, 0x32ae, 0x3ace, 0x19ca, 
	0x1188, 0x1167, 0x11a8, 0x2aac, 0x226c, 0x2a8d, 0x226e, 0x228e, 0x228d, 0x2a8d, 0x19c9, 0x1147, 0x1147, 0x222b, 0x228d, 0x228e, 
	0x228e, 0x2ace, 0x4bd2, 0x434f, 0x1167, 0x1946, 0x1945, 0x2146, 0x1946, 0x1945, 0x2145, 0x2146, 0x2146, 0x2146, 0x2145, 0x2145, 
	0x2145, 0x2145, 0x2145, 0x2145, 0x2145, 0x2145, 0x2145, 0x2145, 0x2145, 0x2145, 0x2145, 0x2145, 0x2145, 0x2145, 0x2145, 0x2145, 
	0x2145, 0x2145, 0x2145, 0x2145, 0x2145, 0x2145, 0x2145, 0x2165, 0x2145, 0x2145, 0x2145, 0x2145, 0x2145, 0x2145, 0x2145, 0x2165, 
	0x1965, 0x1965, 0x2145, 0x2146, 0x2145, 0x1925, 0x1925, 0x1945, 0x1946, 0x1146, 0x222b, 0x4bd2, 0x3350, 0x124c, 0x1a6d, 0x1a4c, 
	0x226c, 0x11c9, 0x1167, 0x19a8, 0x2a6b, 0x226c, 0x228d, 0x1a6d, 0x32ef, 0x53f3, 0x32ee, 0x1a2a, 0x222a, 0x2a0a, 0x2a09, 0x2a09, 
	0x21e9, 0x21e9, 0x2209, 0x2209, 0x2a2a, 0x2a2a, 0x2a2a, 0x2a2b, 0x220a, 0x326b, 0x2a2b, 0x2a6b, 0x2a6c, 0x2a4b, 0x328c, 0x2a8c, 
	0x32ac, 0x3aee, 0x4370, 0x4bd1, 0x5c33, 0x6495, 0x5c75, 0x4c14, 0x43b2, 0x2b10, 0x22ae, 0x22ce, 0x228e, 0x228d, 0x2a8d, 0x2a8d, 
	0x2a4a, 0x1146, 0x0926, 0x0926, 0x1168, 0x2a2b, 0x328d, 0x1a2b, 0x2aae, 0x122b, 0x330f, 0x5c33, 0x4b4f, 0x0926, 0x1147, 0x1967, 
	0x10e4, 0x4a8a, 0xbdf8, 0xbe18, 0xbe39, 0xb5f8, 0xc659, 0xc639, 0xbe39, 0xbe18, 0xbe18, 0xbe18, 0xbe38, 0xbe39, 0xbe39, 0xc639, 
	0xc639, 0xc639, 0xc659, 0xc659, 0xce7a, 0xce7a, 0xce9a, 0xce9a, 0xce9a, 0xce7a, 0xc679, 0xc679, 0xc659, 0xbe18, 0xad96, 0x9cf4, 
	0x8451, 0x6b8e, 0x6b8e, 0x6b8e, 0x73cf, 0x73cf, 0x7c10, 0x4249, 0x1925, 0x1905, 0x3a29, 0x73cf, 0x6b8e, 0x6bae, 0x5b4d, 0x8cb2, 
	0xceba, 0x5b0c, 0x10c4, 0x2146, 0x1126, 0x0947, 0x32ad, 0x2acd, 0x2ace, 0x2acf, 0x22af, 0x3310, 0x5c54, 0x3ace, 0x0926, 0x1946, 
	0x1946, 0x21a8, 0x4b2e, 0x5370, 0x2a4b, 0x0927, 0x1946, 0x1946, 0x2145, 0x2145, 0x1925, 0x426a, 0xd6dc, 0x9d35, 0x31c7, 0x634d, 
	0x8472, 0x8472, 0x5b0d, 0x10e5, 0x1926, 0x1967, 0x1167, 0x19ea, 0x53f2, 0x5413, 0x3350, 0x228d, 0x2aef, 0x32cf, 0x32ce, 0x32ae, 
	0x19a9, 0x0947, 0x0926, 0x19e9, 0x2a6c, 0x2a6d, 0x224d, 0x228d, 0x226d, 0x2a8c, 0x19a9, 0x0926, 0x1147, 0x220b, 0x226d, 0x226e, 
	0x226d, 0x22ae, 0x4bd2, 0x432f, 0x1167, 0x1946, 0x1946, 0x1946, 0x1946, 0x1946, 0x2145, 0x2146, 0x2146, 0x2146, 0x2145, 0x2145, 
	0x2145, 0x2145, 0x2145, 0x2145, 0x2145, 0x2145, 0x2145, 0x2165, 0x2145, 0x2145, 0x2165, 0x2165, 0x2145, 0x2145, 0x2145, 0x2145, 
	0x2145, 0x2145, 0x2145, 0x2145, 0x2145, 0x2145, 0x2145, 0x2145, 0x2145, 0x2145, 0x2145, 0x2165, 0x2145, 0x2145, 0x2145, 0x2145, 
	0x1945, 0x1945, 0x2145, 0x2145, 0x2145, 0x1925, 0x1945, 0x1945, 0x1946, 0x1146, 0x222b, 0x4bd2, 0x3350, 0x124c, 0x1a4d, 0x1a4c, 
	0x226c, 0x19c9, 0x1168, 0x1988, 0x2a6c, 0x224c, 0x226d, 0x1a4d, 0x2aef, 0x4bd3, 0x4bd2, 0x4bb1, 0x53b1, 0x4b90, 0x4b70, 0x4b90, 
	0x53b1, 0x53d1, 0x53b1, 0x4b90, 0x53b1, 0x53d1, 0x53d2, 0x53d2, 0x5c13, 0x5c13, 0x5bf2, 0x5c13, 0x5c33, 0x5c33, 0x5c33, 0x5c54, 
	0x5c74, 0x5c54, 0x5c54, 0x4c13, 0x4bf3, 0x43b2, 0x2b30, 0x22cf, 0x1a8e, 0x22af, 0x2acf, 0x22ae, 0x2a8d, 0x32ce, 0x32ad, 0x224b, 
	0x0946, 0x1146, 0x0105, 0x19a8, 0x2a2b, 0x2a6c, 0x224c, 0x226d, 0x1a2b, 0x2ace, 0x53f2, 0x5391, 0x1188, 0x1126, 0x1967, 0x1905, 
	0x29a7, 0x73af, 0x7c31, 0x7c10, 0x7c10, 0x7c10, 0x7c10, 0x7bf0, 0x7c10, 0x7c10, 0x7c10, 0x7bf0, 0x7c10, 0x7c10, 0x7c11, 0x7c11, 
	0x7c31, 0x7c31, 0x7c31, 0x8431, 0x8431, 0x8451, 0x8451, 0x8451, 0x8451, 0x8451, 0x7c31, 0x7c10, 0x7c10, 0x7c10, 0x73cf, 0x6b8e, 
	0x6baf, 0x73f0, 0x7bf0, 0x6baf, 0x73cf, 0x6b8e, 0x4269, 0x10e4, 0x1905, 0x2166, 0x6baf, 0x636e, 0x6b8e, 0x636d, 0x638d, 0xbe18, 
	0xa575, 0x2145, 0x1905, 0x2146, 0x1147, 0x19a9, 0x32ad, 0x2aae, 0x2ace, 0x2acf, 0x22af, 0x3310, 0x5c54, 0x3aee, 0x0926, 0x1966, 
	0x1126, 0x21a8, 0x534f, 0x42ee, 0x1147, 0x1147, 0x1966, 0x2145, 0x2145, 0x2166, 0x1925, 0x9d35, 0xcedc, 0x632d, 0x39e8, 0x8411, 
	0x7c10, 0x8472, 0x8c93, 0x424a, 0x10e5, 0x1926, 0x1126, 0x0926, 0x2a6c, 0x5c33, 0x53f2, 0x2aee, 0x228e, 0x2aae, 0x2a8e, 0x32ae, 
	0x222b, 0x0967, 0x0926, 0x0947, 0x21ea, 0x2a6c, 0x2a4c, 0x224c, 0x224c, 0x2a6c, 0x19a8, 0x0926, 0x1147, 0x21ea, 0x226d, 0x226d, 
	0x1a6d, 0x228e, 0x4bb2, 0x432f, 0x1167, 0x1946, 0x1946, 0x1925, 0x1946, 0x1945, 0x2125, 0x2145, 0x2146, 0x2146, 0x2145, 0x2145, 
	0x2145, 0x2145, 0x2145, 0x2145, 0x2145, 0x2145, 0x2145, 0x2165, 0x2145, 0x2165, 0x2165, 0x2165, 0x2145, 0x2145, 0x2145, 0x2145, 
	0x2145, 0x2145, 0x2165, 0x2145, 0x2145, 0x2145, 0x2145, 0x2145, 0x2145, 0x2145, 0x2145, 0x2165, 0x2165, 0x2165, 0x2145, 0x1945, 
	0x1945, 0x1945, 0x2145, 0x2145, 0x2145, 0x2145, 0x2145, 0x2166, 0x1966, 0x1146, 0x224b, 0x4bd2, 0x3350, 0x124c, 0x1a6d, 0x1a4d, 
	0x224c, 0x19ca, 0x1168, 0x1989, 0x2a4c, 0x224c, 0x1a4d, 0x1a4e, 0x2aaf, 0x3330, 0x3330, 0x3b50, 0x330f, 0x330f, 0x330f, 0x332f, 
	0x2aee, 0x32ef, 0x330f, 0x32ef, 0x330f, 0x330f, 0x330f, 0x330f, 0x32ef, 0x32ef, 0x3310, 0x2aef, 0x330f, 0x3350, 0x3330, 0x3330, 
	0x3330, 0x2b0f, 0x2b0f, 0x22ef, 0x22ce, 0x1aae, 0x1aae, 0x2af0, 0x2acf, 0x22cf, 0x2acf, 0x32ce, 0x32ce, 0x328d, 0x19ea, 0x0947, 
	0x1187, 0x0947, 0x21ea, 0x2a8c, 0x224c, 0x224c, 0x2a8d, 0x1a4c, 0x2ace, 0x53d2, 0x53d1, 0x21ea, 0x0926, 0x2187, 0x1946, 0x1946, 
	0x5b0d, 0x7c10, 0x6b8e, 0x6b6e, 0x6baf, 0x73af, 0x73af, 0x6b8e, 0x73af, 0x73af, 0x73af, 0x73af, 0x73cf, 0x73cf, 0x73cf, 0x73cf, 
	0x73cf, 0x73d0, 0x73f0, 0x73f0, 0x73f0, 0x73d0, 0x73f0, 0x73f0, 0x7c10, 0x7c10, 0x7bf0, 0x73f0, 0x73f0, 0x7c10, 0x7c10, 0x7bf0, 
	0x73cf, 0x73af, 0x73af, 0x7c31, 0x73f0, 0x31c7, 0x1905, 0x1905, 0x1925, 0x5b2d, 0x636e, 0x636e, 0x636d, 0x636d, 0x94f3, 0xce9a, 
	0x530b, 0x08a3, 0x2166, 0x1926, 0x1967, 0x2a4b, 0x2a8d, 0x2aae, 0x2acf, 0x2acf, 0x22cf, 0x3330, 0x6474, 0x3aee, 0x1126, 0x1967, 
	0x1125, 0x29e9, 0x532e, 0x29e9, 0x1947, 0x1947, 0x1926, 0x2986, 0x2166, 0x10c3, 0x428a, 0xcedb, 0xadb7, 0x31c8, 0x630d, 0x8c72, 
	0x8431, 0x7c10, 0x73f0, 0x8452, 0x29a7, 0x10e5, 0x1967, 0x1967, 0x0947, 0x32ad, 0x5c13, 0x4371, 0x228e, 0x22ae, 0x228d, 0x2a8d, 
	0x2a8c, 0x19e9, 0x1167, 0x0946, 0x1127, 0x2a0a, 0x2a4c, 0x222b, 0x224b, 0x2a4b, 0x1987, 0x0925, 0x1147, 0x21ea, 0x226d, 0x226d, 
	0x1a6d, 0x228e, 0x4bd2, 0x434f, 0x1167, 0x1946, 0x1946, 0x1925, 0x1946, 0x1925, 0x2125, 0x2145, 0x2146, 0x2146, 0x2145, 0x2145, 
	0x2145, 0x2145, 0x2145, 0x2145, 0x2145, 0x2145, 0x2145, 0x2145, 0x2145, 0x2145, 0x2165, 0x2165, 0x2145, 0x2145, 0x2145, 0x2145, 
	0x2145, 0x2145, 0x2165, 0x2165, 0x2145, 0x2145, 0x2145, 0x2145, 0x2145, 0x2145, 0x2145, 0x2165, 0x2165, 0x2165, 0x2145, 0x1945, 
	0x2165, 0x2165, 0x2146, 0x2145, 0x2145, 0x2145, 0x2145, 0x2166, 0x1946, 0x1146, 0x222b, 0x4bd2, 0x3350, 0x124c, 0x1a6d, 0x1a4d, 
	0x222c, 0x19ca, 0x1168, 0x1188, 0x2a4c, 0x224c, 0x1a4d, 0x226e, 0x1a4e, 0x122d, 0x122c, 0x124c, 0x120c, 0x122c, 0x122b, 0x120b, 
	0x122c, 0x120b, 0x1a2c, 0x122c, 0x120c, 0x122c, 0x120c, 0x122c, 0x1a2c, 0x122c, 0x1a4d, 0x1a6d, 0x1a6d, 0x1a6d, 0x124d, 0x1a6d, 
	0x1a8d, 0x1a6d, 0x1a8d, 0x1a8e, 0x22ae, 0x22ae, 0x22ae, 0x22af, 0x22ae, 0x2aae, 0x2aae, 0x2a8d, 0x222b, 0x19c9, 0x1188, 0x19a9, 
	0x1188, 0x1a0a, 0x2a8d, 0x2a8d, 0x226d, 0x224d, 0x226d, 0x2aae, 0x4b91, 0x5c12, 0x220a, 0x0926, 0x1146, 0x1926, 0x1105, 0x426a, 
	0x7bf0, 0x6b6e, 0x73cf, 0x6baf, 0x6baf, 0x6baf, 0x73af, 0x73d0, 0x73cf, 0x73d0, 0x73d0, 0x73f0, 0x73f0, 0x73f0, 0x73f0, 0x73f0, 
	0x73d0, 0x73f0, 0x7c10, 0x7c10, 0x7c10, 0x73f0, 0x7c10, 0x7c10, 0x7c10, 0x7c10, 0x7c31, 0x7c10, 0x7c10, 0x73f0, 0x73f0, 0x73f0, 
	0x7c10, 0x7c10, 0x6bae, 0x4a8a, 0x1925, 0x2145, 0x10e4, 0x2145, 0x5b0c, 0x6b8e, 0x632d, 0x636d, 0x5b2c, 0x7c30, 0xce9a, 0x8cb2, 
	0x1924, 0x2145, 0x1946, 0x1126, 0x1988, 0x328c, 0x32ce, 0x2aae, 0x2aaf, 0x2acf, 0x22cf, 0x3330, 0x6475, 0x3aee, 0x1146, 0x1967, 
	0x1966, 0x21a7, 0x3a6b, 0x1946, 0x1126, 0x2146, 0x2146, 0x2125, 0x2966, 0x1904, 0x9d35, 0xd6fc, 0x636e, 0x31e8, 0x8c51, 0x8410, 
	0x7c10, 0x7bf0, 0x7c11, 0x7c31, 0x73d0, 0x1905, 0x1926, 0x1947, 0x1147, 0x0947, 0x434f, 0x5c13, 0x4351, 0x1a4d, 0x228e, 0x228d, 
	0x226c, 0x328c, 0x19c9, 0x1147, 0x1126, 0x1988, 0x2a2b, 0x2a4b, 0x2a2b, 0x2a4a, 0x1987, 0x0905, 0x1147, 0x21ea, 0x2a6d, 0x226e, 
	0x1a4d, 0x228e, 0x4bd2, 0x434f, 0x1167, 0x1946, 0x1946, 0x1925, 0x2146, 0x1946, 0x2125, 0x2145, 0x2146, 0x2146, 0x2145, 0x2145, 
	0x2145, 0x2145, 0x2145, 0x2145, 0x2145, 0x2145, 0x2145, 0x2145, 0x1945, 0x2145, 0x2165, 0x2165, 0x2165, 0x2145, 0x2145, 0x2165, 
	0x2145, 0x2145, 0x2145, 0x2145, 0x2145, 0x2145, 0x2145, 0x2145, 0x2145, 0x2145, 0x2145, 0x2145, 0x2165, 0x2165, 0x2145, 0x2145, 
	0x1965, 0x1945, 0x2145, 0x2146, 0x2145, 0x2145, 0x2145, 0x1945, 0x1966, 0x1126, 0x222b, 0x4bb1, 0x3350, 0x122c, 0x1a6d, 0x1a4c, 
	0x1a2c, 0x19ea, 0x0947, 0x1188, 0x222b, 0x224c, 0x1a4c, 0x226e, 0x1a4d, 0x1a6d, 0x1a6d, 0x1a6d, 0x1a6d, 0x1a6d, 0x1a8d, 0x1a6d, 
	0x1a6d, 0x224d, 0x224d, 0x224d, 0x224d, 0x224d, 0x224d, 0x224d, 0x1a4d, 0x1a4d, 0x1a4d, 0x1a4d, 0x1a6d, 0x226d, 0x1a6d, 0x1a6d, 
	0x228d, 0x228d, 0x228d, 0x228d, 0x226d, 0x228d, 0x228d, 0x2a8d, 0x32ae, 0x2a8d, 0x224c, 0x19ea, 0x11a9, 0x1188, 0x11a8, 0x19c9, 
	0x226c, 0x2ace, 0x2aae, 0x228d, 0x228e, 0x228e, 0x2aae, 0x53d2, 0x5bf2, 0x328c, 0x00e5, 0x1146, 0x1946, 0x1925, 0x3a09, 0x73d0, 
	0x73cf, 0x73cf, 0x73af, 0x73af, 0x73af, 0x73af, 0x73af, 0x73cf, 0x73cf, 0x73d0, 0x73d0, 0x73f0, 0x73f0, 0x73f0, 0x73f0, 0x73f0, 
	0x73f0, 0x73f0, 0x73f0, 0x73f0, 0x73f0, 0x73f0, 0x73f0, 0x73f0, 0x73f0, 0x73f0, 0x73f0, 0x73cf, 0x73d0, 0x73f0, 0x6baf, 0x634d, 
	0x52cb, 0x31e7, 0x2165, 0x1945, 0x1925, 0x1925, 0x31c7, 0x6b6e, 0x6b8e, 0x636e, 0x634d, 0x5b2d, 0x73cf, 0xbe38, 0xad96, 0x31c7, 
	0x1104, 0x2166, 0x1126, 0x1127, 0x2a2b, 0x32ae, 0x2a8d, 0x22ae, 0x22ae, 0x22af, 0x22ae, 0x2b10, 0x5c54, 0x3aee, 0x1147, 0x2167, 
	0x2187, 0x2166, 0x2187, 0x1946, 0x1926, 0x1905, 0x2126, 0x2966, 0x10e3, 0x52eb, 0xcebb, 0xadb7, 0x31e8, 0x6b8e, 0x8431, 0x7bf0, 
	0x7bf0, 0x8430, 0x7c10, 0x7bf0, 0x8451, 0x5b2d, 0x08c4, 0x1946, 0x1967, 0x1167, 0x19a9, 0x53b1, 0x53d2, 0x32ef, 0x1a6d, 0x228e, 
	0x1a4c, 0x224c, 0x2a6b, 0x1187, 0x1147, 0x1988, 0x1147, 0x322b, 0x2a2a, 0x2a2a, 0x21a7, 0x1146, 0x1126, 0x21ea, 0x224d, 0x1a4d, 
	0x1a4d, 0x228e, 0x4bd2, 0x434f, 0x1147, 0x1946, 0x1946, 0x1925, 0x1946, 0x1946, 0x2145, 0x2146, 0x2146, 0x2146, 0x2145, 0x2145, 
	0x2145, 0x2145, 0x2145, 0x2145, 0x2145, 0x2145, 0x2145, 0x2165, 0x2145, 0x2145, 0x2145, 0x2145, 0x2145, 0x2145, 0x2145, 0x2145, 
	0x2145, 0x2145, 0x2145, 0x2145, 0x2145, 0x2145, 0x2145, 0x2165, 0x2145, 0x2145, 0x2165, 0x2165, 0x2145, 0x2145, 0x2145, 0x2145, 
	0x1945, 0x1945, 0x2146, 0x2146, 0x2145, 0x1925, 0x1925, 0x1945, 0x1946, 0x1126, 0x222a, 0x4bb1, 0x3330, 0x122c, 0x1a4d, 0x1a2c, 
	0x224c, 0x11e9, 0x0946, 0x1188, 0x2a4b, 0x2a6c, 0x224c, 0x1a2c, 0x224c, 0x224c, 0x226c, 0x228d, 0x226d, 0x226d, 0x228d, 0x226c, 
	0x226c, 0x224c, 0x224c, 0x224c, 0x224c, 0x224c, 0x224c, 0x224c, 0x224c, 0x224c, 0x224c, 0x224c, 0x224c, 0x224c, 0x224c, 0x226c, 
	0x224c, 0x226c, 0x2a8d, 0x2aad, 0x2aad, 0x2a8d, 0x2a4c, 0x222b, 0x19ea, 0x11a9, 0x1189, 0x1189, 0x11a9, 0x19ea, 0x2a4b, 0x32ad, 
	0x32ef, 0x22ae, 0x22ae, 0x228e, 0x228d, 0x2ace, 0x53d2, 0x53b1, 0x2a4b, 0x00e5, 0x1146, 0x1945, 0x1104, 0x10e4, 0x2166, 0x2987, 
	0x2987, 0x2987, 0x2987, 0x2987, 0x2987, 0x2987, 0x2987, 0x2987, 0x29a7, 0x29a7, 0x29a7, 0x29a7, 0x29a7, 0x29a7, 0x29a7, 0x29a7, 
	0x29a7, 0x29c7, 0x29c7, 0x29a7, 0x29a7, 0x29a7, 0x29a7, 0x29a7, 0x29a7, 0x29a7, 0x29c7, 0x29a7, 0x29a7, 0x29a7, 0x2186, 0x2145, 
	0x1924, 0x1924, 0x1104, 0x1104, 0x2186, 0x426a, 0x6baf, 0x636e, 0x6b6e, 0x634d, 0x632d, 0x6b6e, 0xa555, 0xbdf8, 0x4a8a, 0x08a3, 
	0x1945, 0x1946, 0x1126, 0x21c9, 0x32ad, 0x32ce, 0x228d, 0x2aae, 0x22af, 0x2acf, 0x22af, 0x2b0f, 0x5c54, 0x3aee, 0x1147, 0x2187, 
	0x1966, 0x2166, 0x1905, 0x1926, 0x2146, 0x2166, 0x2966, 0x18e4, 0x1904, 0xad96, 0xd6db, 0x52ec, 0x3a29, 0x8451, 0x7bf0, 0x8431, 
	0x7bf0, 0x7bf0, 0x73cf, 0x73d0, 0x73f0, 0x7c31, 0x426a, 0x1105, 0x1946, 0x1967, 0x0906, 0x21ea, 0x6433, 0x4b91, 0x2ace, 0x120b, 
	0x1a4c, 0x224c, 0x224b, 0x222b, 0x1168, 0x0906, 0x1126, 0x1988, 0x19a8, 0x21c8, 0x1966, 0x1125, 0x1126, 0x21ea, 0x224d, 0x1a4d, 
	0x1a4d, 0x228e, 0x4bd2, 0x434f, 0x1147, 0x1946, 0x1946, 0x2126, 0x2146, 0x1946, 0x2145, 0x2146, 0x2146, 0x2146, 0x2145, 0x2145, 
	0x2145, 0x2145, 0x2145, 0x2145, 0x2145, 0x2145, 0x2165, 0x2165, 0x2145, 0x2145, 0x2145, 0x2145, 0x2145, 0x2145, 0x2145, 0x2145, 
	0x2165, 0x2165, 0x2145, 0x2145, 0x2145, 0x2145, 0x2145, 0x2145, 0x1945, 0x2145, 0x2165, 0x2145, 0x2145, 0x2145, 0x2145, 0x2145, 
	0x1945, 0x1945, 0x2146, 0x2146, 0x2125, 0x1925, 0x1925, 0x2146, 0x1946, 0x1126, 0x222a, 0x4bb1, 0x3330, 0x122c, 0x1a4d, 0x1a2c, 
	0x1a4b, 0x11c8, 0x1166, 0x19a7, 0x2a29, 0x222a, 0x222b, 0x220b, 0x220a, 0x220b, 0x222b, 0x2a4b, 0x2a4b, 0x2a4c, 0x2a4b, 0x222b, 
	0x2a2b, 0x2a2b, 0x2a2b, 0x2a2b, 0x2a2b, 0x2a2b, 0x2a2b, 0x2a2b, 0x2a2b, 0x222b, 0x220b, 0x220b, 0x220b, 0x220b, 0x220b, 0x220b, 
	0x222b, 0x220b, 0x21ea, 0x19c9, 0x11a9, 0x1168, 0x0967, 0x0947, 0x1188, 0x0968, 0x0948, 0x11a9, 0x224c, 0x2aad, 0x32ce, 0x2ace, 
	0x228e, 0x2aef, 0x1a8e, 0x2aef, 0x4371, 0x5c33, 0x53b1, 0x2a4b, 0x0105, 0x1105, 0x1125, 0x1904, 0x10c3, 0x1904, 0x10c3, 0x10c3, 
	0x10c3, 0x10c4, 0x10c4, 0x10e4, 0x10e4, 0x10e4, 0x10c4, 0x10c4, 0x10e4, 0x10e4, 0x10e4, 0x1104, 0x1905, 0x1905, 0x1905, 0x1905, 
	0x1905, 0x1905, 0x1905, 0x1104, 0x1905, 0x1905, 0x10e4, 0x10e4, 0x1905, 0x1905, 0x1104, 0x10e4, 0x10e4, 0x10e4, 0x1904, 0x1925, 
	0x1925, 0x2165, 0x31e7, 0x4aaa, 0x6b8e, 0x7c10, 0x5b2d, 0x73cf, 0x636e, 0x632d, 0x6baf, 0xad96, 0xc67a, 0x52cb, 0x10c3, 0x1925, 
	0x1945, 0x0905, 0x1147, 0x2a2b, 0x32ad, 0x228d, 0x228d, 0x22ae, 0x2aaf, 0x2aaf, 0x22ae, 0x2aef, 0x5c33, 0x3acd, 0x1106, 0x1946, 
	0x2146, 0x2146, 0x2166, 0x2126, 0x1905, 0x2125, 0x2966, 0x10a3, 0x73cf, 0xdf3d, 0x94f4, 0x2986, 0x6b6e, 0x8451, 0x73cf, 0x8410, 
	0x7bf0, 0x7bf0, 0x7bf0, 0x7c30, 0x7c10, 0x7410, 0x73f0, 0x2186, 0x1925, 0x10e4, 0x2187, 0x1127, 0x3aad, 0x53d2, 0x4b91, 0x226d, 
	0x1a4c, 0x1a2c, 0x1a2c, 0x222b, 0x21ea, 0x0947, 0x1167, 0x1167, 0x1147, 0x1167, 0x1146, 0x0926, 0x1147, 0x19ea, 0x224c, 0x226d, 
	0x1a4d, 0x228e, 0x4bd2, 0x432f, 0x1147, 0x1946, 0x2146, 0x2146, 0x1926, 0x2126, 0x2125, 0x2125, 0x2146, 0x2146, 0x2145, 0x2145, 
	0x2145, 0x2145, 0x2145, 0x2145, 0x2145, 0x2145, 0x2165, 0x2165, 0x2145, 0x2145, 0x2165, 0x2145, 0x2145, 0x2145, 0x2145, 0x2145, 
	0x2166, 0x2145, 0x2145, 0x2145, 0x2145, 0x1945, 0x2145, 0x2145, 0x1945, 0x2145, 0x2145, 0x2145, 0x2145, 0x2145, 0x2145, 0x2145, 
	0x2165, 0x2145, 0x2145, 0x2125, 0x2125, 0x1925, 0x2125, 0x2146, 0x1946, 0x1126, 0x222a, 0x4bb1, 0x332f, 0x122c, 0x1a4d, 0x1a2c, 
	0x1a2b, 0x11c8, 0x1146, 0x1966, 0x1187, 0x1167, 0x1167, 0x1168, 0x1147, 0x1167, 0x1167, 0x1168, 0x1168, 0x1168, 0x1168, 0x1188, 
	0x1168, 0x1168, 0x1168, 0x1168, 0x1167, 0x1167, 0x1167, 0x1167, 0x1167, 0x1167, 0x1147, 0x1147, 0x1147, 0x1147, 0x0947, 0x0947, 
	0x0927, 0x0927, 0x0927, 0x0927, 0x0947, 0x0947, 0x0967, 0x0967, 0x0947, 0x19ca, 0x2a6c, 0x2aad, 0x2aae, 0x2aae, 0x2aae, 0x22ae, 
	0x22cf, 0x22ae, 0x2aef, 0x4bb2, 0x6474, 0x53d2, 0x2a4b, 0x0906, 0x1946, 0x1125, 0x1905, 0x2166, 0x2986, 0x2145, 0x31a7, 0x2986, 
	0x2986, 0x2987, 0x2987, 0x2987, 0x29a7, 0x2987, 0x2987, 0x2987, 0x29a7, 0x29a7, 0x29a7, 0x31c7, 0x31c7, 0x31c8, 0x31e8, 0x31e8, 
	0x31e8, 0x31e8, 0x31e8, 0x3208, 0x3208, 0x3208, 0x31e8, 0x31e8, 0x31e8, 0x31e8, 0x31e8, 0x3a08, 0x3a08, 0x3a09, 0x3a29, 0x4249, 
	0x4acb, 0x636d, 0x6baf, 0x6bcf, 0x638e, 0x634d, 0x6baf, 0x634d, 0x634d, 0x8431, 0xbdf8, 0xbe18, 0x5b0d, 0x10c4, 0x1905, 0x1105, 
	0x1126, 0x0926, 0x220a, 0x32ad, 0x226c, 0x226d, 0x2acf, 0x228e, 0x228e, 0x228e, 0x228e, 0x2acf, 0x5c33, 0x3acd, 0x0906, 0x1946, 
	0x2146, 0x1925, 0x2166, 0x1925, 0x2166, 0x2986, 0x10c3, 0x3a08, 0xcebb, 0xc639, 0x426a, 0x4a6a, 0x8431, 0x73cf, 0x8431, 0x7bf0, 
	0x7c10, 0x73af, 0x7c10, 0x73ef, 0x73f0, 0x73ef, 0x8451, 0x6b8e, 0x1905, 0x2126, 0x1946, 0x1126, 0x0906, 0x430e, 0x53b1, 0x3b50, 
	0x11eb, 0x226d, 0x1a2c, 0x1a2c, 0x2a6c, 0x222b, 0x0927, 0x1188, 0x1187, 0x1188, 0x1167, 0x1168, 0x1169, 0x19eb, 0x1a2c, 0x1a4d, 
	0x1a2d, 0x226d, 0x4bd2, 0x432f, 0x1147, 0x1946, 0x1926, 0x2146, 0x1926, 0x1925, 0x2125, 0x2125, 0x2146, 0x2125, 0x2145, 0x2145, 
	0x2145, 0x2145, 0x2145, 0x2145, 0x2145, 0x2145, 0x2145, 0x2145, 0x2145, 0x2145, 0x2145, 0x2145, 0x2145, 0x2145, 0x2145, 0x2145, 
	0x2146, 0x2146, 0x2146, 0x2145, 0x2145, 0x2145, 0x2145, 0x2145, 0x1945, 0x2145, 0x2145, 0x2145, 0x2145, 0x2145, 0x2145, 0x2145, 
	0x2165, 0x2145, 0x2125, 0x2125, 0x2125, 0x2125, 0x2125, 0x1945, 0x1946, 0x1126, 0x220a, 0x4bb1, 0x330f, 0x120c, 0x122c, 0x1a2c, 
	0x1a2b, 0x11a9, 0x1147, 0x1146, 0x1146, 0x0946, 0x0947, 0x0927, 0x1168, 0x1147, 0x1147, 0x1147, 0x1148, 0x1148, 0x1168, 0x1168, 
	0x1168, 0x0968, 0x0968, 0x0968, 0x0968, 0x0968, 0x0968, 0x0967, 0x0967, 0x0947, 0x0947, 0x0947, 0x0947, 0x0947, 0x0947, 0x0947, 
	0x0947, 0x0947, 0x0947, 0x0947, 0x0967, 0x1188, 0x19e9, 0x1a0a, 0x2a6c, 0x226c, 0x2a8d, 0x228d, 0x228d, 0x228e, 0x228e, 0x228e, 
	0x22ae, 0x3b51, 0x53f3, 0x5c13, 0x4b90, 0x220a, 0x0926, 0x1987, 0x1946, 0x1925, 0x31e8, 0x634d, 0x6b8e, 0x634d, 0x6b8e, 0x634d, 
	0x636e, 0x636e, 0x636e, 0x636e, 0x636e, 0x636e, 0x636e, 0x636e, 0x636e, 0x636e, 0x636e, 0x6b6e, 0x6b8e, 0x6b8f, 0x6baf, 0x73af, 
	0x73f0, 0x73f0, 0x73f0, 0x7c10, 0x7c10, 0x7c10, 0x73f0, 0x73f0, 0x73f0, 0x73f0, 0x73f0, 0x73f0, 0x73f0, 0x73cf, 0x73cf, 0x73cf, 
	0x73ef, 0x6b8e, 0x636e, 0x6b8e, 0x73af, 0x636e, 0x634d, 0x73af, 0x94f3, 0xbe38, 0xb5d7, 0x426a, 0x10c4, 0x2146, 0x1905, 0x2187, 
	0x0905, 0x220a, 0x2a8c, 0x2a8d, 0x22ae, 0x228e, 0x1a6d, 0x228e, 0x2aae, 0x2aae, 0x22ae, 0x2aef, 0x5c33, 0x3acd, 0x08e6, 0x1926, 
	0x1926, 0x2166, 0x1905, 0x2146, 0x2146, 0x2125, 0x18e4, 0xad96, 0xe73d, 0x73cf, 0x31a7, 0x7bf0, 0x8451, 0x7bf0, 0x7c10, 0x7bef, 
	0x7bf0, 0x7c10, 0x7bf0, 0x73f0, 0x73f0, 0x73f0, 0x73cf, 0x7c10, 0x52cb, 0x10c3, 0x1905, 0x1946, 0x1106, 0x1147, 0x4b6f, 0x53b1, 
	0x3aef, 0x1a0c, 0x226d, 0x1a6d, 0x226d, 0x226d, 0x2a4c, 0x222b, 0x224b, 0x224b, 0x222b, 0x222c, 0x220c, 0x224d, 0x1a4d, 0x1a6d, 
	0x1a2d, 0x226d, 0x4bd2, 0x432f, 0x1147, 0x1946, 0x2126, 0x2146, 0x2126, 0x1925, 0x2125, 0x2125, 0x2146, 0x2125, 0x2145, 0x2145, 
	0x2145, 0x2145, 0x2145, 0x2145, 0x2145, 0x2145, 0x2145, 0x2145, 0x2145, 0x2146, 0x2146, 0x2146, 0x2145, 0x2145, 0x2145, 0x2145, 
	0x2145, 0x2146, 0x2146, 0x2146, 0x2146, 0x2146, 0x2146, 0x2166, 0x2145, 0x2145, 0x2145, 0x2145, 0x2145, 0x2145, 0x2145, 0x2145, 
	0x2145, 0x2145, 0x2125, 0x2126, 0x2126, 0x2125, 0x2125, 0x1925, 0x1946, 0x1126, 0x220a, 0x4bb1, 0x330f, 0x122c, 0x1a2d, 0x1a2c, 
	0x1a4c, 0x1a0b, 0x19c9, 0x21e9, 0x21ea, 0x21ea, 0x220a, 0x19ea, 0x21ea, 0x21ea, 0x19ea, 0x21ea, 0x21ea, 0x21eb, 0x19ea, 0x19eb, 
	0x1a0b, 0x1a0b, 0x1a0b, 0x1a0b, 0x1a0b, 0x1a0b, 0x1a0b, 0x1a0b, 0x19ea, 0x19ea, 0x1a0a, 0x19ea, 0x1a0a, 0x19ea, 0x19ea, 0x19ea, 
	0x19ea, 0x19ea, 0x222b, 0x222b, 0x224c, 0x226c, 0x2a6c, 0x2a8c, 0x226c, 0x226c, 0x226d, 0x226d, 0x1a4d, 0x1a4d, 0x22ae, 0x330f, 
	0x4b91, 0x5c34, 0x5bf2, 0x430e, 0x19a8, 0x1967, 0x21a8, 0x2187, 0x1946, 0x29a7, 0x6baf, 0x6b8e, 0x634e, 0x6b6e, 0x634d, 0x636d, 
	0x636d, 0x636d, 0x634d, 0x634e, 0x634e, 0x634e, 0x634e, 0x634e, 0x636e, 0x636e, 0x636e, 0x6b6e, 0x6b6e, 0x6b8e, 0x6b8e, 0x6b8e, 
	0x6b8e, 0x6baf, 0x73af, 0x73af, 0x73af, 0x6baf, 0x6baf, 0x73af, 0x73af, 0x6baf, 0x6baf, 0x6bae, 0x6bae, 0x6b8e, 0x6baf, 0x73af, 
	0x6bae, 0x73ae, 0x6b6e, 0x6b8e, 0x634d, 0x73cf, 0x8c92, 0xadb6, 0xc679, 0x94d3, 0x29c7, 0x10c3, 0x2166, 0x1946, 0x2167, 0x0905, 
	0x21e9, 0x2a4b, 0x32cd, 0x2aae, 0x228d, 0x228e, 0x22ae, 0x228e, 0x2a8e, 0x2a8e, 0x228e, 0x2ace, 0x5c33, 0x3acd, 0x08e5, 0x1926, 
	0x2126, 0x2125, 0x2146, 0x2145, 0x2986, 0x10c3, 0x8431, 0xe73d, 0xad76, 0x39c8, 0x5aec, 0x8410, 0x7bf0, 0x7c10, 0x7bef, 0x7c30, 
	0x7bef, 0x7c30, 0x6baf, 0x73cf, 0x73f0, 0x73af, 0x7bf0, 0x7bef, 0x7c10, 0x3a28, 0x08c3, 0x1105, 0x1125, 0x0905, 0x1988, 0x5390, 
	0x4b91, 0x2aae, 0x122c, 0x1a8d, 0x1a6d, 0x228e, 0x226d, 0x226d, 0x226d, 0x226d, 0x226d, 0x226e, 0x224d, 0x224d, 0x1a4d, 0x1a4d, 
	0x122d, 0x226d, 0x4bd2, 0x434f, 0x1147, 0x1946, 0x1926, 0x2126, 0x2126, 0x2125, 0x2125, 0x2146, 0x2146, 0x2145, 0x2145, 0x2145, 
	0x2145, 0x2145, 0x2145, 0x2145, 0x2145, 0x2145, 0x2146, 0x2145, 0x2145, 0x2145, 0x2145, 0x2146, 0x2146, 0x2146, 0x2146, 0x2146, 
	0x2145, 0x2145, 0x2146, 0x2166, 0x2146, 0x2146, 0x2146, 0x2146, 0x2145, 0x2145, 0x2145, 0x2145, 0x2146, 0x2145, 0x2145, 0x2145, 
	0x2145, 0x2145, 0x2145, 0x2126, 0x2126, 0x2125, 0x2125, 0x1925, 0x1946, 0x1126, 0x220a, 0x4bb1, 0x330f, 0x122c, 0x1a4d, 0x1a4d, 
	0x1a4d, 0x226d, 0x2a4c, 0x2a4c, 0x224c, 0x224c, 0x224c, 0x1a4c, 0x226d, 0x226c, 0x226c, 0x228d, 0x226d, 0x226d, 0x1a6d, 0x228d, 
	0x228d, 0x228d, 0x228d, 0x228d, 0x228d, 0x228d, 0x228d, 0x226d, 0x226d, 0x226d, 0x226d, 0x226d, 0x228d, 0x228d, 0x228d, 0x2a8d, 
	0x2a8d, 0x2a6d, 0x226c, 0x224c, 0x1a4c, 0x1a6c, 0x1a6c, 0x1a6c, 0x1a4c, 0x1a4c, 0x1a4c, 0x1a6d, 0x228d, 0x2acf, 0x4371, 0x53d3, 
	0x6413, 0x4b50, 0x2a4b, 0x1147, 0x1988, 0x2187, 0x2187, 0x2167, 0x29c8, 0x73f0, 0x73f0, 0x73f0, 0x6b8e, 0x634e, 0x5b2c, 0x632d, 
	0x632d, 0x5b2d, 0x5b2d, 0x5b2d, 0x5b2d, 0x5b2d, 0x5b2d, 0x5b2d, 0x632d, 0x632d, 0x632d, 0x632d, 0x632d, 0x634d, 0x634d, 0x634d, 
	0x6b6e, 0x6b8e, 0x6b8e, 0x6bae, 0x6b8e, 0x6b8e, 0x6b8e, 0x6bae, 0x6baf, 0x6baf, 0x6bae, 0x6b8e, 0x6b6e, 0x6b6e, 0x634d, 0x634d, 
	0x632c, 0x634d, 0x6b8e, 0x7bf0, 0x9cd3, 0xb5d7, 0xce79, 0xadb6, 0x5b0c, 0x1924, 0x10e3, 0x2186, 0x1925, 0x1967, 0x1926, 0x21c9, 
	0x2a6b, 0x2a8c, 0x2a8d, 0x228d, 0x1a8d, 0x1a8e, 0x22ae, 0x228e, 0x226e, 0x226d, 0x228e, 0x2ace, 0x5c13, 0x3acd, 0x1106, 0x2167, 
	0x2126, 0x2166, 0x2145, 0x2125, 0x10c3, 0x5b0c, 0xdf3d, 0xce9b, 0x4a6a, 0x39e8, 0x8c72, 0x8410, 0x7bf0, 0x7c10, 0x7c10, 0x73cf, 
	0x7c10, 0x73cf, 0x7c10, 0x73f0, 0x7c10, 0x73af, 0x6b8e, 0x6b8e, 0x73ce, 0x73ef, 0x29a6, 0x0082, 0x1105, 0x1926, 0x1106, 0x29ea, 
	0x63f2, 0x4b91, 0x2acf, 0x126d, 0x126e, 0x124d, 0x1a8e, 0x226d, 0x1a6d, 0x226e, 0x1a6e, 0x226e, 0x1a4e, 0x1a4e, 0x1a4d, 0x1a4d, 
	0x122c, 0x226d, 0x4bd2, 0x434f, 0x1147, 0x1926, 0x1925, 0x2125, 0x2126, 0x2125, 0x2145, 0x2146, 0x2146, 0x2146, 0x2145, 0x2145, 
	0x2145, 0x2145, 0x2145, 0x2145, 0x2145, 0x2146, 0x2146, 0x2145, 0x2146, 0x2145, 0x2146, 0x2146, 0x2146, 0x2146, 0x2146, 0x2145, 
	0x2145, 0x2145, 0x2146, 0x2146, 0x2146, 0x2145, 0x2145, 0x2145, 0x1945, 0x1945, 0x2145, 0x2145, 0x2145, 0x2145, 0x2145, 0x2145, 
	0x2145, 0x2145, 0x2125, 0x2125, 0x1925, 0x1925, 0x1925, 0x1945, 0x1926, 0x1126, 0x220a, 0x4bb1, 0x330f, 0x122c, 0x124d, 0x1a4d, 
	0x122d, 0x1a6e, 0x224d, 0x224c, 0x1a4c, 0x1a4d, 0x1a4d, 0x1a4d, 0x1a4d, 0x1a4c, 0x1a4c, 0x1a4c, 0x1a6d, 0x1a6d, 0x1a6d, 0x1a6d, 
	0x1a6d, 0x1a6d, 0x1a6d, 0x1a6d, 0x1a6d, 0x1a6d, 0x1a6d, 0x1a6d, 0x1a6d, 0x1a6d, 0x1a4d, 0x1a4d, 0x1a6d, 0x1a6d, 0x1a6d, 0x226d, 
	0x226d, 0x1a6d, 0x1a6d, 0x1a6d, 0x1a8d, 0x1a6d, 0x1a4c, 0x122c, 0x122c, 0x1a6d, 0x2aae, 0x330f, 0x4391, 0x53d2, 0x53b2, 0x4b50, 
	0x2a2b, 0x1127, 0x1147, 0x1967, 0x1967, 0x2166, 0x1925, 0x31e8, 0x7c11, 0x73f0, 0x73d0, 0x6b8e, 0x6b8e, 0x73cf, 0x73af, 0x6bae, 
	0x6bae, 0x6baf, 0x6baf, 0x6baf, 0x6b8f, 0x6b8f, 0x6b8f, 0x6b8e, 0x6b8e, 0x6b8e, 0x6b8e, 0x6b8e, 0x6b8e, 0x73ae, 0x73ae, 0x73af, 
	0x73af, 0x73af, 0x73cf, 0x73cf, 0x73cf, 0x73cf, 0x73d0, 0x73f0, 0x73f0, 0x73f0, 0x73ef, 0x73cf, 0x73cf, 0x7c10, 0x7c10, 0x8431, 
	0x94b2, 0x9d14, 0xb596, 0xc659, 0xc618, 0x9d14, 0x632d, 0x2966, 0x18e3, 0x2145, 0x2165, 0x1925, 0x1946, 0x1126, 0x1967, 0x42ac, 
	0x3acd, 0x3aee, 0x32ee, 0x32ce, 0x330f, 0x330f, 0x32ef, 0x32ef, 0x32cf, 0x32cf, 0x32ce, 0x32ee, 0x5c12, 0x3aad, 0x08e5, 0x2146, 
	0x2146, 0x2125, 0x2966, 0x10a3, 0x31e8, 0xd6bb, 0xe73d, 0x73cf, 0x31c8, 0x7bf0, 0x8431, 0x7bcf, 0x7c10, 0x7c10, 0x7c10, 0x73cf, 
	0x73cf, 0x73cf, 0x73f0, 0x73cf, 0x73cf, 0x73cf, 0x7bef, 0x73cf, 0x73cf, 0x73cf, 0x6b8e, 0x2166, 0x1925, 0x1905, 0x1946, 0x08e6, 
	0x3aad, 0x5bd2, 0x4391, 0x1a8e, 0x126d, 0x1a8e, 0x126d, 0x1a4d, 0x1a6e, 0x1a6e, 0x124e, 0x1a4e, 0x122d, 0x1a4e, 0x124d, 0x1a4d, 
	0x122c, 0x226d, 0x4bd2, 0x434f, 0x1167, 0x1926, 0x1905, 0x1925, 0x1925, 0x2125, 0x2125, 0x2145, 0x2146, 0x2145, 0x2145, 0x2145, 
	0x2145, 0x2145, 0x2145, 0x2145, 0x2145, 0x2146, 0x2146, 0x2145, 0x2146, 0x2145, 0x2145, 0x2146, 0x2146, 0x2166, 0x2146, 0x2145, 
	0x2146, 0x2146, 0x2146, 0x2146, 0x2145, 0x2145, 0x2145, 0x2145, 0x1945, 0x2145, 0x2145, 0x2146, 0x2146, 0x2145, 0x2145, 0x2145, 
	0x2145, 0x2145, 0x2145, 0x2125, 0x1925, 0x1925, 0x1925, 0x1945, 0x1966, 0x1126, 0x21ea, 0x53b1, 0x32ef, 0x120c, 0x122c, 0x122d, 
	0x122d, 0x122d, 0x122d, 0x122c, 0x122c, 0x122c, 0x122d, 0x122c, 0x122c, 0x122c, 0x124d, 0x124d, 0x124d, 0x124d, 0x124d, 0x124d, 
	0x124d, 0x124d, 0x1a4d, 0x124d, 0x124d, 0x126d, 0x126d, 0x1a6e, 0x126d, 0x124d, 0x124d, 0x124d, 0x124d, 0x124d, 0x124d, 0x124d, 
	0x1a6d, 0x1a8d, 0x1a6d, 0x1a6d, 0x1a8d, 0x22ae, 0x22ae, 0x2ace, 0x330f, 0x4350, 0x4bb1, 0x53d1, 0x53b1, 0x4b4f, 0x220a, 0x0947, 
	0x0905, 0x2187, 0x2166, 0x2166, 0x2166, 0x1925, 0x31e8, 0x7c31, 0x7bf0, 0x7bf0, 0x73cf, 0x73cf, 0x8c92, 0xad76, 0xa575, 0xad96, 
	0xad96, 0xadb6, 0xad96, 0xad96, 0xadb7, 0xadb7, 0xad97, 0xad76, 0xad76, 0xad76, 0xad76, 0xad76, 0xad76, 0xad76, 0xad76, 0xad96, 
	0xadb7, 0xad76, 0xad76, 0xad96, 0xb5b6, 0xad97, 0xad97, 0xadb7, 0xadd7, 0xb5d7, 0xb5d7, 0xb5d7, 0xb5d7, 0xbdf8, 0xb5f8, 0xbe18, 
	0xbe18, 0xad96, 0x9cf4, 0x73cf, 0x4a6a, 0x2145, 0x18c3, 0x2125, 0x2946, 0x2145, 0x2125, 0x2166, 0x1946, 0x10e5, 0x29c9, 0x532f, 
	0x5370, 0x5390, 0x5390, 0x4b70, 0x4b91, 0x53b1, 0x4b70, 0x4b91, 0x5391, 0x4b71, 0x4b71, 0x4b70, 0x5bb1, 0x3a8c, 0x1126, 0x1926, 
	0x2146, 0x1905, 0x1904, 0x2966, 0xbe18, 0xef7e, 0x8c92, 0x2987, 0x634d, 0x8451, 0x7c10, 0x8411, 0x7c10, 0x7c10, 0x73cf, 0x73ef, 
	0x73ef, 0x7c10, 0x73f0, 0x73ef, 0x7bf0, 0x73cf, 0x6bae, 0x73cf, 0x73cf, 0x73ef, 0x8451, 0x428a, 0x10e4, 0x1925, 0x1946, 0x1946, 
	0x1147, 0x4b70, 0x53f2, 0x4350, 0x22ae, 0x2acf, 0x2acf, 0x22af, 0x22ef, 0x22f0, 0x22f0, 0x22ef, 0x22ef, 0x22cf, 0x22cf, 0x22cf, 
	0x22ad, 0x2aae, 0x4bb1, 0x4b70, 0x0946, 0x1126, 0x1925, 0x2126, 0x1925, 0x2125, 0x2125, 0x2145, 0x2125, 0x1925, 0x1925, 0x1945, 
	0x1925, 0x2145, 0x2146, 0x2145, 0x2145, 0x2146, 0x2146, 0x2145, 0x2146, 0x2145, 0x2145, 0x2146, 0x2146, 0x2146, 0x2146, 0x2145, 
	0x2145, 0x2146, 0x2146, 0x2146, 0x2145, 0x2145, 0x2145, 0x2145, 0x2145, 0x2145, 0x2145, 0x2146, 0x2146, 0x2146, 0x2145, 0x2145, 
	0x2145, 0x2145, 0x2145, 0x2145, 0x2145, 0x1925, 0x1925, 0x1945, 0x1966, 0x1146, 0x220a, 0x53b1, 0x4350, 0x2ace, 0x2aef, 0x2aef, 
	0x2aef, 0x2aef, 0x2aef, 0x2aef, 0x2aef, 0x2aef, 0x2aef, 0x2aef, 0x330f, 0x330f, 0x330f, 0x330f, 0x330f, 0x330f, 0x3310, 0x330f, 
	0x330f, 0x330f, 0x330f, 0x3310, 0x3330, 0x3330, 0x3330, 0x3330, 0x3330, 0x3330, 0x3330, 0x2b10, 0x2b10, 0x2b10, 0x2b10, 0x2b0f, 
	0x2b0f, 0x330f, 0x3b50, 0x3b70, 0x4391, 0x4391, 0x4bd2, 0x53d2, 0x53b1, 0x4b90, 0x430e, 0x2a4b, 0x19a8, 0x0947, 0x0946, 0x1126, 
	0x2166, 0x1925, 0x2145, 0x2145, 0x1925, 0x3a28, 0x7c10, 0x73cf, 0x73cf, 0x73af, 0x7bf0, 0x9cf4, 0xb5b7, 0x9cf4, 0x73cf, 0x6b8e, 
	0x6baf, 0x6baf, 0x6baf, 0x6baf, 0x6b8f, 0x6b8f, 0x6b8f, 0x73af, 0x73af, 0x73af, 0x6baf, 0x6b8e, 0x6b8e, 0x6b8e, 0x6b8e, 0x6b8f, 
	0x636f, 0x6b6e, 0x6b6d, 0x6b4d, 0x6b6d, 0x6b6e, 0x636f, 0x636f, 0x638e, 0x6bae, 0x73af, 0x73cf, 0x73af, 0x6b6e, 0x5b2d, 0x530c, 
	0x3a29, 0x29a6, 0x1904, 0x10c3, 0x1904, 0x2145, 0x2145, 0x2146, 0x2125, 0x2126, 0x1925, 0x1926, 0x1926, 0x1926, 0x2167, 0x29e9, 
	0x21e9, 0x21ea, 0x21ea, 0x220a, 0x21ea, 0x19c9, 0x220a, 0x21ea, 0x21ea, 0x21ea, 0x21ea, 0x21a9, 0x29c9, 0x2188, 0x10e5, 0x2146, 
	0x2166, 0x1925, 0x10c3, 0xad76, 0xef7e, 0xa576, 0x31c7, 0x52cb, 0x8431, 0x7c10, 0x7bf0, 0x7bf0, 0x8431, 0x8431, 0x7c10, 0x7bf0, 
	0x73cf, 0x73cf, 0x73cf, 0x73af, 0x73cf, 0x73cf, 0x73cf, 0x73cf, 0x73cf, 0x8451, 0x73f0, 0x1904, 0x2986, 0x2145, 0x1925, 0x2187, 
	0x1967, 0x19a8, 0x5bb1, 0x5bf2, 0x6454, 0x5413, 0x53f3, 0x5c55, 0x5414, 0x5434, 0x5434, 0x5434, 0x5413, 0x5413, 0x4c13, 0x4bf3, 
	0x4bf2, 0x4bb1, 0x5bf2, 0x4b4f, 0x1988, 0x1947, 0x1946, 0x1925, 0x2125, 0x2125, 0x2145, 0x2145, 0x2145, 0x2145, 0x1945, 0x2145, 
	0x1925, 0x2145, 0x2146, 0x2145, 0x2145, 0x2146, 0x2166, 0x2146, 0x2146, 0x2146, 0x2146, 0x2146, 0x2146, 0x2145, 0x2145, 0x2145, 
	0x2145, 0x2145, 0x2146, 0x2145, 0x2145, 0x2145, 0x2145, 0x2146, 0x2145, 0x2145, 0x2145, 0x2146, 0x2146, 0x2146, 0x2145, 0x2145, 
	0x1945, 0x1945, 0x2145, 0x2145, 0x2145, 0x2145, 0x1925, 0x1945, 0x1946, 0x1146, 0x2a0a, 0x5370, 0x5390, 0x4b91, 0x4bb1, 0x4bd2, 
	0x4bd2, 0x4bd2, 0x4bd2, 0x4bd2, 0x4bd2, 0x4bd2, 0x53d2, 0x53d2, 0x4bd2, 0x53d2, 0x53d2, 0x53d2, 0x53d2, 0x53d2, 0x53d2, 0x53f2, 
	0x4bd2, 0x4bd2, 0x4bd2, 0x53d2, 0x53f2, 0x53f2, 0x53f3, 0x4bf2, 0x5413, 0x53f3, 0x4bf3, 0x4bf2, 0x4bf2, 0x4bf2, 0x4bd2, 0x4bd2, 
	0x53f2, 0x53d2, 0x53d1, 0x53d1, 0x53d1, 0x434f, 0x3b0e, 0x32ac, 0x222a, 0x19c9, 0x1167, 0x1146, 0x1126, 0x1125, 0x1987, 0x2187, 
	0x2166, 0x2146, 0x2146, 0x1905, 0x31e8, 0x73cf, 0x73cf, 0x73f0, 0x6bcf, 0x73cf, 0x94f4, 0xad96, 0x94b3, 0x2987, 0x1905, 0x2125, 
	0x1905, 0x18e4, 0x18e4, 0x1905, 0x1905, 0x1904, 0x1904, 0x1904, 0x10e4, 0x10e4, 0x10e4, 0x10e4, 0x10e4, 0x10e4, 0x10e4, 0x10e4, 
	0x10e4, 0x08a3, 0x08a2, 0x10c2, 0x10c3, 0x0883, 0x08a3, 0x08c4, 0x08c4, 0x08c3, 0x10c3, 0x10c3, 0x18c4, 0x10c4, 0x10e4, 0x10c3, 
	0x1905, 0x1925, 0x2145, 0x2146, 0x2146, 0x2146, 0x2146, 0x2126, 0x2146, 0x2146, 0x2146, 0x2166, 0x2166, 0x2146, 0x1925, 0x1105, 
	0x1126, 0x1147, 0x1127, 0x1147, 0x1106, 0x1106, 0x1947, 0x1126, 0x1126, 0x1106, 0x1105, 0x1105, 0x1926, 0x18e5, 0x1905, 0x2146, 
	0x18e4, 0x08a3, 0x9d14, 0xef9e, 0xbe18, 0x4249, 0x4a6a, 0x8431, 0x8431, 0x7bf0, 0x7bf0, 0x7c10, 0x8431, 0x7c10, 0x8c92, 0x8451, 
	0x8451, 0x8431, 0x7c10, 0x73ef, 0x73cf, 0x73cf, 0x6baf, 0x6baf, 0x7c31, 0x8472, 0x31e8, 0x1904, 0x2145, 0x2146, 0x2166, 0x2166, 
	0x1946, 0x1987, 0x21c8, 0x536f, 0x4b2f, 0x42ee, 0x4330, 0x432f, 0x432f, 0x432f, 0x434f, 0x434f, 0x434f, 0x434f, 0x432f, 0x432f, 
	0x3b0e, 0x430e, 0x4b4f, 0x3aac, 0x1167, 0x1105, 0x1925, 0x2146, 0x2125, 0x2125, 0x2125, 0x2145, 0x2145, 0x2145, 0x1945, 0x2146, 
	0x1945, 0x2145, 0x2146, 0x2145, 0x2145, 0x2146, 0x2146, 0x2146, 0x2145, 0x2146, 0x2146, 0x2146, 0x2145, 0x2145, 0x2145, 0x2145, 
	0x2145, 0x2145, 0x2145, 0x2145, 0x2145, 0x2145, 0x2145, 0x2145, 0x2145, 0x2145, 0x2145, 0x2145, 0x2145, 0x2145, 0x2145, 0x2145, 
	0x1945, 0x1945, 0x1945, 0x2145, 0x2145, 0x2145, 0x1925, 0x1925, 0x1946, 0x1125, 0x1987, 0x322a, 0x2a4b, 0x2a4b, 0x224b, 0x2a4b, 
	0x224b, 0x2a4b, 0x2a4b, 0x2a4b, 0x2a4b, 0x2a4b, 0x2a4b, 0x2a6b, 0x2a6b, 0x2a6b, 0x2a6b, 0x2a6b, 0x2a6b, 0x2a6b, 0x2a6b, 0x2a6b, 
	0x2a6c, 0x2a6b, 0x2a6c, 0x2a6c, 0x2a6c, 0x2a6c, 0x2a6c, 0x2a6c, 0x2a6c, 0x2a6c, 0x2a6c, 0x2a6c, 0x2a6c, 0x2a6c, 0x2a6b, 0x2a6b, 
	0x2a4b, 0x326b, 0x2a2a, 0x220a, 0x19a8, 0x1167, 0x1126, 0x1126, 0x1967, 0x1126, 0x1946, 0x1966, 0x1925, 0x1105, 0x1104, 0x2145, 
	0x2125, 0x2146, 0x10c4, 0x3a09, 0x6b8e, 0x7410, 0x73cf, 0x6b8e, 0x6bae, 0x8cb3, 0xa575, 0x8c92, 0x2987, 0x2125, 0x2987, 0x2146, 
	0x2967, 0x2967, 0x2146, 0x2146, 0x2146, 0x2145, 0x2166, 0x2986, 0x2166, 0x2165, 0x2165, 0x2145, 0x2146, 0x2145, 0x1945, 0x1925, 
	0x1925, 0x1925, 0x1944, 0x1924, 0x1924, 0x1925, 0x1926, 0x1926, 0x1946, 0x1945, 0x2125, 0x2125, 0x2125, 0x2125, 0x2145, 0x1945, 
	0x1925, 0x1946, 0x1925, 0x2146, 0x2146, 0x1925, 0x2146, 0x1925, 0x1946, 0x2146, 0x2166, 0x2166, 0x1925, 0x1946, 0x1966, 0x1967, 
	0x1147, 0x1148, 0x1147, 0x1126, 0x1947, 0x1947, 0x1905, 0x1926, 0x1926, 0x2126, 0x2126, 0x1905, 0x18e4, 0x2105, 0x2946, 0x18e4, 
	0x10c3, 0x8c92, 0xefbf, 0xc639, 0x4a6a, 0x4a6a, 0x7c10, 0x7c10, 0x73cf, 0x7c10, 0x7bf0, 0x94b3, 0x632d, 0x2966, 0x4249, 0x632d, 
	0x73ef, 0x8451, 0x8c92, 0x8c92, 0x8451, 0x7c10, 0x73f0, 0x7c31, 0x8cb3, 0x52cb, 0x18e4, 0x2146, 0x1905, 0x2166, 0x2166, 0x1925, 
	0x2166, 0x1966, 0x1967, 0x1126, 0x1147, 0x1147, 0x1127, 0x0927, 0x0927, 0x0927, 0x0927, 0x0947, 0x1147, 0x1147, 0x1147, 0x1147, 
	0x0947, 0x0926, 0x0926, 0x1146, 0x1946, 0x2146, 0x2146, 0x1905, 0x2125, 0x2125, 0x2125, 0x2145, 0x2145, 0x1945, 0x1945, 0x1946, 
	0x2145, 0x2145, 0x2145, 0x2145, 0x2145, 0x2145, 0x2145, 0x2145, 0x2145, 0x2145, 0x2145, 0x2145, 0x2145, 0x2145, 0x2145, 0x2145, 
	0x2145, 0x2145, 0x2145, 0x2145, 0x2145, 0x2145, 0x2145, 0x2145, 0x2145, 0x2145, 0x2145, 0x2145, 0x2145, 0x2145, 0x2145, 0x2145, 
	0x2145, 0x1945, 0x1945, 0x2145, 0x2145, 0x2125, 0x2125, 0x2125, 0x2146, 0x1925, 0x1926, 0x1946, 0x1126, 0x1126, 0x0905, 0x0906, 
	0x0926, 0x0926, 0x0926, 0x0926, 0x1126, 0x1126, 0x1126, 0x1126, 0x1126, 0x1126, 0x1126, 0x1126, 0x1126, 0x1126, 0x1126, 0x1126, 
	0x1126, 0x1126, 0x1126, 0x1126, 0x1126, 0x1126, 0x0926, 0x0926, 0x1146, 0x1126, 0x1126, 0x1146, 0x1146, 0x1146, 0x1146, 0x1146, 
	0x1146, 0x1126, 0x0905, 0x1987, 0x1126, 0x1967, 0x1967, 0x1966, 0x1946, 0x1105, 0x10e4, 0x10e4, 0x2145, 0x3a08, 0x6b6e, 0x31e8, 
	0x1904, 0x2125, 0x29a7, 0x6baf, 0x6baf, 0x73cf, 0x6b8e, 0x6bcf, 0x94d3, 0xa576, 0x94f4, 0x2187, 0x1905, 0x2146, 0x2987, 0x2146, 
	0x1947, 0x1947, 0x1947, 0x2167, 0x2167, 0x2167, 0x2146, 0x2125, 0x2145, 0x2145, 0x2145, 0x2145, 0x1945, 0x1945, 0x1945, 0x1925, 
	0x1945, 0x1945, 0x1945, 0x2144, 0x2145, 0x2145, 0x1925, 0x1925, 0x1924, 0x1924, 0x1904, 0x2125, 0x2125, 0x2125, 0x1925, 0x1946, 
	0x1946, 0x1946, 0x1925, 0x2146, 0x2166, 0x2146, 0x2146, 0x2125, 0x2166, 0x1946, 0x1946, 0x1966, 0x1146, 0x1167, 0x19a8, 0x19a8, 
	0x1189, 0x19a9, 0x19a9, 0x1968, 0x2188, 0x2187, 0x1905, 0x2125, 0x2125, 0x2125, 0x2145, 0x2105, 0x2145, 0x2125, 0x18e4, 0x10a3, 
	0x8c72, 0xe77d, 0xce9a, 0x52cb, 0x4229, 0x7c10, 0x73f0, 0x7c10, 0x7bf0, 0x7c10, 0x8c72, 0x6baf, 0x18e4, 0x2125, 0x1905, 0x18e4, 
	0x2145, 0x31e7, 0x4269, 0x5b0c, 0x7c10, 0x8451, 0x7c31, 0x8472, 0x73cf, 0x1925, 0x2145, 0x1925, 0x2166, 0x1925, 0x2145, 0x2145, 
	0x1925, 0x2166, 0x2166, 0x1925, 0x2166, 0x2167, 0x1946, 0x1967, 0x1946, 0x1946, 0x1946, 0x1946, 0x1946, 0x1946, 0x1946, 0x1946, 
	0x1946, 0x1967, 0x1946, 0x1946, 0x1946, 0x2126, 0x2146, 0x2125, 0x2125, 0x2125, 0x2125, 0x2146, 0x2146, 0x2146, 0x1946, 0x2146, 
	0x2145, 0x2145, 0x2145, 0x2145, 0x2145, 0x2145, 0x2145, 0x2145, 0x2145, 0x2145, 0x2145, 0x2145, 0x2145, 0x2145, 0x2145, 0x1945, 
	0x2145, 0x2145, 0x2145, 0x2145, 0x2145, 0x2145, 0x2145, 0x2145, 0x2145, 0x2145, 0x2145, 0x2145, 0x2145, 0x2145, 0x2145, 0x2145, 
	0x2146, 0x2145, 0x1945, 0x2145, 0x2145, 0x2125, 0x2125, 0x2125, 0x2125, 0x2146, 0x2146, 0x1946, 0x1946, 0x1966, 0x1946, 0x1966, 
	0x1946, 0x1946, 0x1946, 0x1946, 0x1946, 0x1946, 0x1946, 0x1946, 0x1946, 0x1946, 0x1946, 0x1946, 0x1966, 0x2166, 0x2166, 0x1966, 
	0x1946, 0x1946, 0x1946, 0x1946, 0x1946, 0x1946, 0x1946, 0x1946, 0x1946, 0x1946, 0x1946, 0x1946, 0x1946, 0x1966, 0x1966, 0x1966, 
	0x2167, 0x2166, 0x2187, 0x1925, 0x1946, 0x10c4, 0x10e4, 0x10e4, 0x1925, 0x3a09, 0x4a8a, 0x632d, 0x8451, 0x94d3, 0x4a8a, 0x2125, 
	0x2125, 0x2146, 0x6b6e, 0x73cf, 0x6b8e, 0x6baf, 0x73cf, 0x8451, 0x9d35, 0x94f3, 0x31e8, 0x1125, 0x1966, 0x2167, 0x2187, 0x29e9, 
	0x324b, 0x2a2b, 0x21c9, 0x1988, 0x1967, 0x2167, 0x2167, 0x2166, 0x2146, 0x2145, 0x1925, 0x1925, 0x1925, 0x1945, 0x1945, 0x1945, 
	0x1966, 0x1945, 0x1944, 0x2165, 0x2165, 0x1925, 0x1925, 0x1945, 0x2145, 0x1945, 0x2125, 0x2125, 0x2125, 0x1925, 0x1925, 0x1946, 
	0x1925, 0x2146, 0x2146, 0x2125, 0x1925, 0x2125, 0x2166, 0x2166, 0x1946, 0x1946, 0x1146, 0x1146, 0x19c9, 0x3acd, 0x432f, 0x32cd, 
	0x430f, 0x42ee, 0x42ed, 0x42ed, 0x3209, 0x1925, 0x1925, 0x2145, 0x2124, 0x2965, 0x2104, 0x2145, 0x2145, 0x18e4, 0x10c3, 0x94b3, 
	0xef9e, 0xd6fb, 0x5b0c, 0x3a28, 0x73cf, 0x7c10, 0x7c31, 0x73f0, 0x73f0, 0x8c92, 0x7c11, 0x2125, 0x1925, 0x2146, 0x2125, 0x2146, 
	0x1925, 0x2145, 0x1904, 0x10e4, 0x2166, 0x3a08, 0x52ec, 0x73d0, 0x31c7, 0x1904, 0x1925, 0x2145, 0x2145, 0x1904, 0x2166, 0x1925, 
	0x2145, 0x2145, 0x2166, 0x2166, 0x2166, 0x2146, 0x2126, 0x1925, 0x2146, 0x2146, 0x2146, 0x2146, 0x2146, 0x2146, 0x2146, 0x2146, 
	0x2146, 0x2166, 0x1946, 0x1946, 0x2146, 0x2126, 0x2146, 0x2146, 0x2125, 0x2125, 0x2126, 0x2146, 0x2146, 0x2146, 0x1946, 0x2146, 
	0x2145, 0x2145, 0x2145, 0x2145, 0x2145, 0x2146, 0x2146, 0x2146, 0x2146, 0x2145, 0x2145, 0x2145, 0x2146, 0x2146, 0x2145, 0x2145, 
	0x2145, 0x2145, 0x2145, 0x2145, 0x2145, 0x2145, 0x2145, 0x2145, 0x2145, 0x2145, 0x2145, 0x2145, 0x2145, 0x2145, 0x2145, 0x2145, 
	0x2145, 0x2145, 0x2145, 0x2145, 0x2145, 0x2125, 0x2125, 0x2145, 0x2125, 0x2145, 0x2125, 0x1925, 0x2145, 0x1925, 0x1925, 0x1925, 
	0x1945, 0x1925, 0x1925, 0x1945, 0x1945, 0x1925, 0x1945, 0x1945, 0x1925, 0x1925, 0x1925, 0x1925, 0x1925, 0x1925, 0x1925, 0x1925, 
	0x1925, 0x1925, 0x1945, 0x1925, 0x1925, 0x1925, 0x1945, 0x1946, 0x2146, 0x1946, 0x1945, 0x1945, 0x1945, 0x2145, 0x2145, 0x2145, 
	0x2146, 0x1905, 0x1925, 0x2166, 0x10e4, 0x52ec, 0x73f0, 0x7c11, 0x7c11, 0x8452, 0x8cb3, 0x8c93, 0x8c93, 0x4a8b, 0x1904, 0x1925, 
	0x1925, 0x636e, 0x73cf, 0x6baf, 0x6b8e, 0x634d, 0x8451, 0xa555, 0x9cf4, 0x31c8, 0x10e4, 0x2166, 0x1967, 0x1946, 0x29e9, 0x3aac, 
	0x32cd, 0x32ee, 0x32ce, 0x2a6c, 0x19ea, 0x1188, 0x1167, 0x1967, 0x2167, 0x2167, 0x2146, 0x2146, 0x2145, 0x1925, 0x1925, 0x1925, 
	0x1925, 0x1965, 0x1965, 0x1945, 0x1925, 0x1945, 0x1946, 0x1925, 0x1925, 0x1925, 0x1925, 0x1925, 0x2125, 0x1925, 0x1925, 0x1925, 
	0x2145, 0x2125, 0x2125, 0x2145, 0x2166, 0x2987, 0x2146, 0x1126, 0x1126, 0x0926, 0x19a8, 0x2a6c, 0x32ee, 0x32ee, 0x330f, 0x330f, 
	0x32ee, 0x432f, 0x42ee, 0x2a2a, 0x1967, 0x1946, 0x2186, 0x1925, 0x2125, 0x2125, 0x2145, 0x2145, 0x1904, 0x1925, 0x9d14, 0xf7df, 
	0xd6db, 0x5b2c, 0x3a08, 0x7c31, 0x73f0, 0x73ef, 0x6baf, 0x7bf0, 0x8472, 0x8451, 0x31c7, 0x18e4, 0x2125, 0x1925, 0x2145, 0x2125, 
	0x2125, 0x2145, 0x2145, 0x1925, 0x1905, 0x1904, 0x1904, 0x1925, 0x1904, 0x1925, 0x2125, 0x2145, 0x1925, 0x1925, 0x2146, 0x2145, 
	0x2145, 0x2145, 0x1905, 0x2146, 0x1925, 0x2125, 0x2146, 0x2125, 0x2125, 0x2125, 0x2125, 0x2125, 0x2125, 0x2125, 0x2125, 0x2125, 
	0x2145, 0x2145, 0x2145, 0x2145, 0x2125, 0x2125, 0x2125, 0x2125, 0x2125, 0x2126, 0x2146, 0x2146, 0x2146, 0x2146, 0x2146, 0x2146, 
	0x2146, 0x2145, 0x2145, 0x2146, 0x2146, 0x2146, 0x2146, 0x2146, 0x2145, 0x2145, 0x2145, 0x2145, 0x2145, 0x2145, 0x2145, 0x2145, 
	0x2145, 0x2145, 0x2146, 0x2146, 0x2146, 0x2145, 0x2145, 0x2146, 0x2145, 0x2145, 0x2145, 0x2145, 0x2145, 0x2145, 0x2145, 0x2145, 
	0x2145, 0x2145, 0x2145, 0x2146, 0x2145, 0x2125, 0x2125, 0x2125, 0x2145, 0x2146, 0x2125, 0x2125, 0x2145, 0x2125, 0x2125, 0x1925, 
	0x2145, 0x1925, 0x1925, 0x1925, 0x1925, 0x1925, 0x1925, 0x1945, 0x2145, 0x2165, 0x2145, 0x2145, 0x2145, 0x2145, 0x2145, 0x1945, 
	0x1945, 0x1945, 0x2145, 0x1945, 0x1925, 0x1925, 0x2145, 0x2146, 0x2145, 0x2145, 0x1925, 0x2125, 0x2125, 0x2145, 0x2145, 0x2145, 
	0x2145, 0x2145, 0x1905, 0x1905, 0x8452, 0xbe39, 0xb5d8, 0x94b3, 0x8431, 0x8431, 0x7c11, 0x8c93, 0x4aab, 0x1925, 0x2166, 0x1925, 
	0x634e, 0x7410, 0x6b8e, 0x634d, 0x636d, 0x8410, 0xa514, 0x94d3, 0x31c7, 0x18e4, 0x2146, 0x1946, 0x1126, 0x21c8, 0x3aac, 0x32ac, 
	0x2aad, 0x2aad, 0x2ace, 0x32ce, 0x32ce, 0x2a6c, 0x19ea, 0x19a9, 0x1127, 0x1147, 0x1947, 0x1946, 0x1946, 0x2146, 0x2146, 0x2146, 
	0x1966, 0x1966, 0x1966, 0x1966, 0x1966, 0x1146, 0x1967, 0x1987, 0x1146, 0x1126, 0x1125, 0x1125, 0x1925, 0x1925, 0x1925, 0x2145, 
	0x2145, 0x1925, 0x2166, 0x1946, 0x1926, 0x1126, 0x1126, 0x1167, 0x21c9, 0x2a6c, 0x3aee, 0x32ef, 0x32ee, 0x2aef, 0x3330, 0x3b30, 
	0x432f, 0x328c, 0x21c9, 0x1126, 0x1966, 0x2187, 0x1925, 0x2145, 0x2125, 0x2145, 0x2145, 0x10c3, 0x2166, 0xb5f8, 0xf7ff, 0xc67a, 
	0x52eb, 0x4249, 0x7c31, 0x73ef, 0x73ef, 0x73cf, 0x73ef, 0x8472, 0x8c92, 0x3a08, 0x10e4, 0x2146, 0x1925, 0x2146, 0x1925, 0x2145, 
	0x2125, 0x1925, 0x2125, 0x2146, 0x2125, 0x2125, 0x2145, 0x1925, 0x2146, 0x2166, 0x1905, 0x2145, 0x2146, 0x2166, 0x1905, 0x2146, 
	0x2145, 0x1945, 0x2146, 0x1925, 0x2125, 0x2125, 0x2125, 0x2125, 0x2125, 0x2125, 0x2125, 0x2125, 0x2125, 0x2125, 0x2125, 0x2125, 
	0x2145, 0x2125, 0x2125, 0x2145, 0x1905, 0x2145, 0x2125, 0x2125, 0x2146, 0x2146, 0x2146, 0x2146, 0x2146, 0x2146, 0x2145, 0x2145, 
	0x2146, 0x2146, 0x2146, 0x2146, 0x2145, 0x2145, 0x2145, 0x2145, 0x2145, 0x2145, 0x2146, 0x2145, 0x2145, 0x2145, 0x2145, 0x2145, 
	0x2145, 0x2145, 0x2146, 0x2145, 0x2145, 0x2125, 0x2145, 0x2145, 0x2145, 0x2145, 0x2145, 0x2145, 0x2145, 0x2145, 0x2145, 0x2145, 
	0x2145, 0x2145, 0x2145, 0x2145, 0x1925, 0x1925, 0x2125, 0x2125, 0x2145, 0x2125, 0x2125, 0x2145, 0x2145, 0x2145, 0x2145, 0x2145, 
	0x2145, 0x2145, 0x2145, 0x2145, 0x2145, 0x2145, 0x2145, 0x2145, 0x1925, 0x1945, 0x1945, 0x1945, 0x1945, 0x1945, 0x1945, 0x1945, 
	0x2165, 0x1945, 0x1945, 0x2145, 0x2166, 0x2145, 0x2145, 0x1925, 0x2145, 0x2145, 0x2145, 0x2125, 0x1904, 0x10c3, 0x10c3, 0x18e4, 
	0x10e4, 0x10c3, 0x2986, 0x94f4, 0xbe19, 0xa555, 0x7c31, 0x7c11, 0x7c31, 0x73f0, 0x8cb3, 0x5b0c, 0x1104, 0x1945, 0x2146, 0x5b4d, 
	0x73f0, 0x638e, 0x73cf, 0x636e, 0x8451, 0x9d14, 0x94b3, 0x3a08, 0x10a3, 0x1925, 0x10e4, 0x1946, 0x1966, 0x1967, 0x21c8, 0x328b, 
	0x32cd, 0x2ace, 0x2aad, 0x228d, 0x228d, 0x22ad, 0x2a8d, 0x228d, 0x1a2b, 0x19ea, 0x1188, 0x1147, 0x1147, 0x1926, 0x1946, 0x2167, 
	0x1966, 0x1987, 0x1126, 0x19a8, 0x2a2a, 0x3aad, 0x3acd, 0x3aee, 0x3acd, 0x2a4b, 0x1188, 0x08e5, 0x0905, 0x1966, 0x1104, 0x1945, 
	0x1925, 0x1104, 0x08e4, 0x0905, 0x0926, 0x1188, 0x222b, 0x328d, 0x32ce, 0x32ce, 0x32cf, 0x32cf, 0x330f, 0x3b0f, 0x330f, 0x32ce, 
	0x21c9, 0x1126, 0x21a8, 0x2167, 0x1946, 0x2987, 0x1925, 0x2125, 0x2166, 0x1905, 0x10a3, 0x424a, 0xc65a, 0xf7df, 0xc659, 0x52cb, 
	0x4a8a, 0x7c10, 0x7c10, 0x73cf, 0x73ef, 0x73cf, 0x8c92, 0x8c92, 0x426a, 0x10c3, 0x1925, 0x2125, 0x2125, 0x1905, 0x2146, 0x1925, 
	0x1925, 0x2145, 0x2145, 0x2125, 0x1925, 0x2145, 0x2145, 0x2145, 0x2125, 0x2125, 0x2125, 0x2125, 0x1925, 0x1925, 0x1925, 0x1925, 
	0x2146, 0x1946, 0x1925, 0x1925, 0x1925, 0x2125, 0x2125, 0x2125, 0x2125, 0x2125, 0x2125, 0x1925, 0x2125, 0x1925, 0x1925, 0x1925, 
	0x2125, 0x2125, 0x2125, 0x2125, 0x2125, 0x2125, 0x2125, 0x2125, 0x2146, 0x2145, 0x2145, 0x2145, 0x2145, 0x2145, 0x2145, 0x2145, 
	0x2146, 0x2146, 0x2146, 0x2145, 0x2145, 0x2145, 0x2145, 0x2145, 0x2145, 0x2145, 0x2145, 0x2145, 0x2145, 0x2145, 0x2145, 0x2145, 
	0x2145, 0x2145, 0x2146, 0x2145, 0x2145, 0x2145, 0x2145, 0x2145, 0x2145, 0x2145, 0x2145, 0x2145, 0x2145, 0x2145, 0x2145, 0x2145, 
	0x2145, 0x2145, 0x2145, 0x2145, 0x2145, 0x2145, 0x2145, 0x2145, 0x2145, 0x2145, 0x2145, 0x2145, 0x2145, 0x2145, 0x2145, 0x2145, 
	0x2145, 0x2145, 0x2145, 0x2145, 0x2145, 0x2145, 0x2145, 0x2145, 0x2145, 0x1945, 0x1945, 0x2145, 0x2145, 0x2145, 0x2145, 0x2145, 
	0x1945, 0x2166, 0x2145, 0x2145, 0x1925, 0x2145, 0x2986, 0x2166, 0x1904, 0x10c3, 0x18e4, 0x2966, 0x39e8, 0x426a, 0x52ab, 0x52cb, 
	0x634d, 0x634d, 0xa535, 0xb5d7, 0x9d14, 0x73af, 0x7c10, 0x73f0, 0x7c10, 0x8cb3, 0x52ec, 0x1905, 0x1945, 0x1945, 0x636e, 0x6bcf, 
	0x6b8e, 0x6bcf, 0x6b8e, 0x8431, 0x9cf4, 0x9d14, 0x4a8a, 0x10e4, 0x2145, 0x2146, 0x1925, 0x1946, 0x1105, 0x1146, 0x1146, 0x1187, 
	0x220a, 0x2a6c, 0x32ad, 0x2aad, 0x228d, 0x22ad, 0x2aae, 0x2ace, 0x2aae, 0x2aad, 0x226c, 0x224b, 0x220a, 0x21c9, 0x1988, 0x1988, 
	0x1167, 0x1988, 0x1168, 0x32ad, 0x4350, 0x3b0e, 0x434f, 0x32ce, 0x32ce, 0x3aee, 0x3aed, 0x19c9, 0x0926, 0x1126, 0x00c4, 0x1105, 
	0x1105, 0x1146, 0x19a8, 0x220a, 0x2a6c, 0x32cd, 0x32ee, 0x2aae, 0x2aae, 0x32ef, 0x32ef, 0x32ce, 0x32ce, 0x32ad, 0x220b, 0x1167, 
	0x1947, 0x1947, 0x1946, 0x2187, 0x2166, 0x2146, 0x2966, 0x2146, 0x1905, 0x1904, 0x6baf, 0xdf1d, 0xffff, 0xb5b7, 0x4a6a, 0x4a8a, 
	0x7bf0, 0x8451, 0x73cf, 0x6baf, 0x73f0, 0x8c92, 0x8c92, 0x4a8a, 0x10e3, 0x1925, 0x1925, 0x1925, 0x2166, 0x2145, 0x2166, 0x2145, 
	0x2145, 0x2145, 0x2145, 0x2145, 0x2145, 0x2145, 0x2145, 0x2145, 0x2145, 0x2145, 0x2145, 0x2145, 0x2145, 0x2145, 0x2145, 0x2145, 
	0x2146, 0x1946, 0x1946, 0x1925, 0x1925, 0x2125, 0x2125, 0x2125, 0x2145, 0x2125, 0x2125, 0x1925, 0x1925, 0x1945, 0x1945, 0x1945, 
	0x1925, 0x2125, 0x2125, 0x2125, 0x2145, 0x2145, 0x2145, 0x2145, 0x2145, 0x2145, 0x2145, 0x2145, 0x2145, 0x2145, 0x2145, 0x2145, 
	0x2145, 0x2145, 0x2145, 0x2145, 0x2145, 0x2145, 0x2145, 0x2145, 0x2145, 0x2145, 0x2145, 0x2145, 0x2145, 0x2145, 0x2145, 0x2145, 
	0x2145, 0x2145, 0x2145, 0x2145, 0x2145, 0x2145, 0x2145, 0x2146, 0x2145, 0x2145, 0x2145, 0x2145, 0x2145, 0x2145, 0x2145, 0x1945, 
	0x2145, 0x2145, 0x2145, 0x2145, 0x2145, 0x2145, 0x2145, 0x1945, 0x2145, 0x2145, 0x2146, 0x2145, 0x2145, 0x2145, 0x2145, 0x2146, 
	0x2145, 0x2145, 0x2145, 0x2145, 0x2145, 0x2145, 0x2145, 0x2125, 0x2145, 0x2145, 0x2145, 0x2145, 0x2145, 0x2145, 0x2145, 0x2145, 
	0x2145, 0x1904, 0x2146, 0x2125, 0x1925, 0x2146, 0x1904, 0x10c4, 0x39e8, 0x6b6e, 0x94b3, 0xa555, 0xb5b7, 0xb5d8, 0xb5b7, 0xb5f8, 
	0xbdf8, 0xbe38, 0xad96, 0x94f3, 0x73cf, 0x73cf, 0x73f0, 0x7c10, 0x8451, 0x5b0c, 0x1904, 0x2166, 0x2145, 0x636d, 0x6bae, 0x6baf, 
	0x73af, 0x634d, 0x8431, 0x9d14, 0x9d35, 0x4aab, 0x1904, 0x1925, 0x1945, 0x2166, 0x1105, 0x1966, 0x1966, 0x1966, 0x1966, 0x1125, 
	0x1146, 0x1167, 0x21ea, 0x2a6c, 0x32ad, 0x2a8d, 0x226d, 0x228d, 0x228d, 0x2aae, 0x2ace, 0x2ace, 0x32ce, 0x32ad, 0x2a6c, 0x224c, 
	0x222b, 0x11eb, 0x226d, 0x3b30, 0x3b30, 0x3b0f, 0x3b0f, 0x32ad, 0x32ce, 0x3aee, 0x32ee, 0x32cd, 0x11c9, 0x11a8, 0x19e9, 0x220a, 
	0x2a6b, 0x2a8c, 0x32ad, 0x32cd, 0x2a8d, 0x2a8d, 0x2aae, 0x32ce, 0x2a8d, 0x32ae, 0x3aad, 0x328c, 0x2a0a, 0x1967, 0x1126, 0x1946, 
	0x2166, 0x1925, 0x2166, 0x2166, 0x2125, 0x2966, 0x2966, 0x10c3, 0x2986, 0x9d14, 0xf7df, 0xef9e, 0x94d3, 0x39c7, 0x632c, 0x8451, 
	0x73ef, 0x73cf, 0x73ef, 0x73f0, 0x8472, 0x8472, 0x3a08, 0x10e4, 0x10e4, 0x2986, 0x1925, 0x1925, 0x1925, 0x1925, 0x2146, 0x1945, 
	0x2166, 0x2145, 0x1945, 0x2145, 0x2146, 0x2145, 0x2145, 0x2145, 0x2145, 0x2145, 0x2145, 0x2145, 0x2145, 0x2145, 0x2145, 0x2145, 
	0x2145, 0x2145, 0x2146, 0x2125, 0x2125, 0x2125, 0x2145, 0x2145, 0x2145, 0x2145, 0x2145, 0x2145, 0x1945, 0x1945, 0x1945, 0x1945, 
	0x1945, 0x2145, 0x2145, 0x2145, 0x2145, 0x1945, 0x2145, 0x2146, 0x2145, 0x2145, 0x2145, 0x2145, 0x2145, 0x2145, 0x2145, 0x2145, 
	0x2145, 0x2145, 0x2145, 0x2145, 0x2145, 0x2145, 0x2146, 0x2146, 0x2145, 0x2145, 0x2145, 0x2145, 0x2145, 0x2145, 0x2145, 0x2145, 
	0x2145, 0x2145, 0x2145, 0x2145, 0x2145, 0x2145, 0x2145, 0x2145, 0x2145, 0x2145, 0x2145, 0x2145, 0x2145, 0x2145, 0x2145, 0x2145, 
	0x2145, 0x2145, 0x2145, 0x2145, 0x2145, 0x2145, 0x2145, 0x1945, 0x2145, 0x2146, 0x2166, 0x2145, 0x2145, 0x2145, 0x2146, 0x2166, 
	0x2145, 0x2145, 0x2145, 0x2146, 0x2146, 0x2145, 0x2145, 0x2145, 0x2145, 0x2145, 0x2145, 0x2145, 0x2145, 0x2145, 0x1945, 0x1945, 
	0x2145, 0x2145, 0x1905, 0x2986, 0x2166, 0x18e4, 0x31a7, 0x7bf0, 0xb5b7, 0xbe18, 0xb5b7, 0xa535, 0x9d15, 0x94f4, 0x8c93, 0x8cb3, 
	0x8c92, 0x8c92, 0x8471, 0x6bae, 0x7c10, 0x73cf, 0x73ef, 0x8451, 0x632d, 0x1904, 0x2145, 0x2165, 0x5b2c, 0x73ef, 0x6b8e, 0x6b8e, 
	0x636e, 0x7c10, 0xa535, 0x9d14, 0x4aab, 0x10e4, 0x2166, 0x2166, 0x2166, 0x1945, 0x1946, 0x1945, 0x1945, 0x2166, 0x1105, 0x1946, 
	0x1946, 0x1946, 0x1126, 0x0946, 0x19a8, 0x2a4b, 0x32ad, 0x32ee, 0x2aad, 0x2ace, 0x2ace, 0x2aae, 0x2aae, 0x2ace, 0x2ace, 0x2ace, 
	0x2aef, 0x22ae, 0x3310, 0x3310, 0x3b31, 0x32ce, 0x0989, 0x0148, 0x11ca, 0x32ce, 0x32ee, 0x3b0f, 0x32ee, 0x32ee, 0x32ce, 0x32ad, 
	0x32ce, 0x2aad, 0x2a8d, 0x2a8d, 0x2a8d, 0x2a8d, 0x32ad, 0x32ad, 0x328d, 0x2a2b, 0x1988, 0x1126, 0x1126, 0x1125, 0x1925, 0x2166, 
	0x2166, 0x2145, 0x2966, 0x2965, 0x31a7, 0x2124, 0x10e3, 0x5b0c, 0xce9a, 0xffff, 0xdf3c, 0x73ef, 0x3a08, 0x73af, 0x8451, 0x73cf, 
	0x7c10, 0x6baf, 0x7c30, 0x8cb3, 0x8472, 0x3a29, 0x1904, 0x1924, 0x2166, 0x1945, 0x1945, 0x2166, 0x1925, 0x2166, 0x2145, 0x1945, 
	0x2145, 0x2146, 0x2146, 0x2145, 0x2145, 0x2146, 0x2145, 0x1945, 0x2145, 0x2145, 0x2145, 0x2145, 0x2145, 0x2145, 0x2145, 0x2145, 
	0x2145, 0x2145, 0x2145, 0x2145, 0x2145, 0x2145, 0x2145, 0x2145, 0x2145, 0x2145, 0x2145, 0x2145, 0x2145, 0x2145, 0x1945, 0x1945, 
	0x2145, 0x2145, 0x2145, 0x2145, 0x2145, 0x2166, 0x2166, 0x2165, 0x2145, 0x2145, 0x2165, 0x2165, 0x2145, 0x2145, 0x2145, 0x2145, 
	0x2145, 0x2145, 0x2145, 0x2145, 0x2145, 0x2145, 0x2145, 0x2145, 0x2145, 0x2145, 0x2145, 0x2145, 0x2145, 0x2145, 0x2145, 0x2145, 
	0x2145, 0x2145, 0x2145, 0x2145, 0x2145, 0x2145, 0x2145, 0x2145, 0x2145, 0x2145, 0x2145, 0x2146, 0x2145, 0x2145, 0x2145, 0x2145, 
	0x2145, 0x2145, 0x2145, 0x2145, 0x2145, 0x2145, 0x2145, 0x1945, 0x2145, 0x2145, 0x2145, 0x2145, 0x2145, 0x2145, 0x2146, 0x2166, 
	0x1945, 0x1945, 0x2166, 0x2166, 0x2166, 0x1945, 0x1945, 0x1945, 0x1945, 0x1945, 0x1945, 0x1945, 0x1945, 0x1945, 0x1945, 0x1945, 
	0x1945, 0x2166, 0x2166, 0x2166, 0x08c3, 0x3a29, 0xa576, 0xadd7, 0xa555, 0x8472, 0x73cf, 0x6baf, 0x6bae, 0x6baf, 0x6baf, 0x6b8e, 
	0x6b8e, 0x73ae, 0x73cf, 0x73ef, 0x7bef, 0x73ef, 0x8451, 0x5b0c, 0x2145, 0x2986, 0x1904, 0x5b0c, 0x73cf, 0x6b8e, 0x6b8e, 0x636e, 
	0x7c10, 0x94d3, 0x9d34, 0x52cb, 0x1904, 0x2166, 0x1925, 0x1104, 0x2166, 0x1104, 0x1104, 0x1925, 0x1925, 0x1925, 0x1905, 0x2146, 
	0x1946, 0x1945, 0x1945, 0x1946, 0x1126, 0x0906, 0x1167, 0x21ea, 0x328c, 0x3acd, 0x3aee, 0x32ee, 0x32ee, 0x2ace, 0x2aad, 0x22ae, 
	0x22ae, 0x22af, 0x2b10, 0x3352, 0x3310, 0x11ea, 0x09a8, 0x11a8, 0x0947, 0x220b, 0x432f, 0x32ce, 0x2ace, 0x32ee, 0x2ace, 0x2aae, 
	0x2aae, 0x2ace, 0x32ce, 0x32ee, 0x32cd, 0x32ac, 0x2a2a, 0x19a8, 0x1106, 0x1105, 0x1125, 0x1925, 0x1945, 0x1925, 0x1945, 0x2166, 
	0x1925, 0x1925, 0x2986, 0x2165, 0x10c3, 0x39e7, 0x9d34, 0xf7ff, 0xffff, 0xbe18, 0x52eb, 0x4aaa, 0x7c30, 0x8471, 0x8430, 0x7bef, 
	0x7bf0, 0x7c31, 0x7c10, 0x7c31, 0x3208, 0x10e4, 0x1924, 0x2145, 0x1945, 0x1925, 0x2166, 0x2145, 0x1945, 0x2186, 0x1925, 0x2145, 
	0x2145, 0x2145, 0x2145, 0x2145, 0x1945, 0x2145, 0x2145, 0x1945, 0x2145, 0x2145, 0x2145, 0x2145, 0x2145, 0x2145, 0x2145, 0x2145, 
	0x2145, 0x2145, 0x2145, 0x2145, 0x2145, 0x2145, 0x2145, 0x2145, 0x2145, 0x2145, 0x2145, 0x2145, 0x2145, 0x2145, 0x2145, 0x2145, 
	0x2145, 0x2145, 0x2145, 0x2145, 0x2145, 0x2145, 0x2165, 0x2165, 0x2145, 0x2165, 0x2165, 0x2165, 0x2145, 0x2145, 0x2145, 0x2145, 
	0x2145, 0x2145, 0x2145, 0x2145, 0x2145, 0x2145, 0x2145, 0x2145, 0x2145, 0x2145, 0x2145, 0x2145, 0x2145, 0x2145, 0x2145, 0x2145, 
	0x2145, 0x2145, 0x2145, 0x2145, 0x2145, 0x2145, 0x2145, 0x2145, 0x2145, 0x2145, 0x2145, 0x2145, 0x2145, 0x2145, 0x2145, 0x2145, 
	0x2145, 0x2145, 0x2145, 0x2145, 0x2145, 0x2145, 0x2145, 0x1945, 0x2145, 0x2145, 0x2145, 0x2145, 0x2145, 0x2165, 0x2166, 0x1945, 
	0x1945, 0x1965, 0x1965, 0x1965, 0x1965, 0x1945, 0x1945, 0x1945, 0x1945, 0x1945, 0x1945, 0x1945, 0x1945, 0x1945, 0x1945, 0x1945, 
	0x1945, 0x1124, 0x1945, 0x10e4, 0x3a49, 0x9d55, 0x9d34, 0x8c92, 0x6b8e, 0x636e, 0x6baf, 0x73ef, 0x73cf, 0x6bcf, 0x73ef, 0x73ef, 
	0x73ef, 0x73cf, 0x7bf0, 0x73cf, 0x73ef, 0x7c30, 0x73ef, 0x3a08, 0x1904, 0x1925, 0x4aab, 0x73cf, 0x73cf, 0x636e, 0x636e, 0x73ef, 
	0x94f3, 0x9d34, 0x5b2d, 0x10e4, 0x1925, 0x2146, 0x1925, 0x29c8, 0x94f4, 0x94f4, 0x3a29, 0x0882, 0x10c3, 0x1904, 0x2145, 0x1904, 
	0x1904, 0x1945, 0x2166, 0x1946, 0x1945, 0x1946, 0x1946, 0x1946, 0x1967, 0x19a9, 0x220a, 0x2a6c, 0x2aad, 0x32cd, 0x32ce, 0x32ee, 
	0x330f, 0x22ae, 0x2b10, 0x3331, 0x3310, 0x0989, 0x11a8, 0x1188, 0x1188, 0x19ea, 0x432f, 0x32ef, 0x3b0f, 0x2aae, 0x3b0f, 0x32ce, 
	0x32ae, 0x328d, 0x2a4b, 0x21ea, 0x1167, 0x0926, 0x1105, 0x10e4, 0x1925, 0x1925, 0x1905, 0x1925, 0x2145, 0x2145, 0x1925, 0x1925, 
	0x1925, 0x2166, 0x08a2, 0x2145, 0x8430, 0xdf3c, 0xffff, 0xe75c, 0x94f3, 0x4228, 0x636d, 0x8492, 0x7c10, 0x8451, 0x6bce, 0x7c10, 
	0x73cf, 0x7c10, 0x94d3, 0x636e, 0x10e4, 0x2145, 0x1925, 0x1945, 0x1945, 0x2145, 0x1945, 0x1945, 0x2145, 0x2145, 0x1945, 0x2145, 
	0x2145, 0x2145, 0x2145, 0x2145, 0x2145, 0x1945, 0x1945, 0x2145, 0x2145, 0x2145, 0x2145, 0x2145, 0x2145, 0x2145, 0x2145, 0x2145, 
	0x2145, 0x2145, 0x2145, 0x2145, 0x2145, 0x2145, 0x2145, 0x2145, 0x2145, 0x2145, 0x2145, 0x2145, 0x2145, 0x2145, 0x2145, 0x2145, 
	0x2145, 0x2145, 0x2145, 0x2145, 0x2145, 0x2145, 0x2145, 0x2145, 0x2145, 0x2145, 0x2165, 0x2165, 0x2145, 0x2145, 0x2145, 0x2145, 
	0x2145, 0x2145, 0x2145, 0x2145, 0x2145, 0x2145, 0x2145, 0x2145, 0x2145, 0x2145, 0x2145, 0x2145, 0x2145, 0x2145, 0x2145, 0x2145, 
	0x2145, 0x2145, 0x2145, 0x2145, 0x2145, 0x2145, 0x2145, 0x2145, 0x2145, 0x2145, 0x2145, 0x2145, 0x2145, 0x2145, 0x2145, 0x2146, 
	0x1945, 0x2166, 0x2166, 0x2145, 0x2145, 0x2145, 0x2145, 0x2145, 0x2145, 0x2145, 0x2145, 0x1945, 0x1945, 0x2145, 0x2165, 0x1945, 
	0x1945, 0x2145, 0x2165, 0x2145, 0x2145, 0x1945, 0x1945, 0x2145, 0x2145, 0x2145, 0x2145, 0x2145, 0x2145, 0x2145, 0x1925, 0x1925, 
	0x1925, 0x2145, 0x1925, 0x31c7, 0x9d35, 0x9d14, 0x7bf0, 0x634d, 0x636d, 0x6baf, 0x6b8e, 0x636e, 0x6bcf, 0x73cf, 0x6bae, 0x6bcf, 
	0x6bae, 0x73ef, 0x73cf, 0x73f0, 0x7c10, 0x73cf, 0x7c10, 0x7bf0, 0x31e8, 0x426a, 0x73cf, 0x6baf, 0x6b8e, 0x6b8e, 0x7c31, 0x94f4, 
	0x9d34, 0x5b2c, 0x08c3, 0x1925, 0x2986, 0x2166, 0x1905, 0x52ec, 0x9d15, 0xad97, 0xadb7, 0x8431, 0x39e8, 0x10a2, 0x10c3, 0x1904, 
	0x1925, 0x1925, 0x1925, 0x1925, 0x1945, 0x1945, 0x1945, 0x1946, 0x2187, 0x1987, 0x1967, 0x1167, 0x1988, 0x19a9, 0x19a9, 0x19ea, 
	0x19ea, 0x226c, 0x3b0f, 0x330f, 0x3b50, 0x1a2b, 0x0147, 0x0988, 0x0127, 0x328d, 0x3aef, 0x3aef, 0x3b0f, 0x2a4c, 0x2a2b, 0x19ca, 
	0x19a8, 0x1167, 0x1146, 0x1126, 0x1125, 0x1105, 0x1905, 0x1925, 0x18e4, 0x2125, 0x2125, 0x1905, 0x1925, 0x2166, 0x1945, 0x1905, 
	0x08a4, 0x1105, 0x6b8f, 0xce7a, 0xf7df, 0xffff, 0xc618, 0x630c, 0x4a49, 0x8430, 0x8431, 0x7bf0, 0x73f0, 0x7c10, 0x7c10, 0x73ef, 
	0x73f0, 0x73cf, 0x8472, 0x8472, 0x2986, 0x2165, 0x1945, 0x2145, 0x1945, 0x1925, 0x1925, 0x2166, 0x2166, 0x2145, 0x2165, 0x1945, 
	0x2145, 0x1945, 0x1945, 0x2145, 0x2145, 0x1945, 0x1945, 0x2145, 0x2145, 0x2145, 0x2145, 0x2145, 0x2145, 0x2145, 0x2145, 0x2145, 
	0x2145, 0x2145, 0x1945, 0x1945, 0x2146, 0x2146, 0x1946, 0x1945, 0x1945, 0x2145, 0x2145, 0x2145, 0x2145, 0x2145, 0x2145, 0x2145, 
	0x2145, 0x2145, 0x2145, 0x2145, 0x2145, 0x2145, 0x2145, 0x2145, 0x2145, 0x2145, 0x2165, 0x2145, 0x2145, 0x2145, 0x2146, 0x2146, 
	0x2145, 0x2145, 0x2145, 0x2145, 0x2145, 0x2145, 0x2145, 0x2146, 0x2145, 0x2145, 0x2145, 0x2145, 0x2145, 0x2145, 0x2145, 0x2145, 
	0x2145, 0x2145, 0x2145, 0x2145, 0x2145, 0x2145, 0x2145, 0x2145, 0x2145, 0x2145, 0x2145, 0x2145, 0x2145, 0x2145, 0x2145, 0x2146, 
	0x1945, 0x2166, 0x2166, 0x2145, 0x2165, 0x2165, 0x2145, 0x2145, 0x2145, 0x2165, 0x2165, 0x2145, 0x1945, 0x2145, 0x2165, 0x1945, 
	0x2145, 0x2145, 0x2165, 0x2145, 0x2145, 0x1925, 0x2145, 0x2145, 0x2145, 0x2145, 0x2145, 0x2145, 0x2145, 0x2145, 0x2145, 0x2145, 
	0x1925, 0x1925, 0x2145, 0x8cb2, 0x9d14, 0x6b8e, 0x5b2c, 0x6b6e, 0x6b6e, 0x6bae, 0x6bae, 0x6b8e, 0x6b8e, 0x6bae, 0x6bae, 0x6baf, 
	0x73ef, 0x6baf, 0x73cf, 0x73cf, 0x73f0, 0x73f0, 0x7c10, 0x73f0, 0x73cf, 0x73cf, 0x73cf, 0x6b8e, 0x6b8e, 0x73cf, 0x94f3, 0x9d34, 
	0x5b4d, 0x08e3, 0x2166, 0x2166, 0x1945, 0x10e4, 0x3a29, 0x4aab, 0x4249, 0x6b6e, 0x9d14, 0xb5b7, 0xa575, 0x7bef, 0x31e7, 0x10c3, 
	0x10c3, 0x1925, 0x2166, 0x2145, 0x1925, 0x1945, 0x2165, 0x2186, 0x2166, 0x2166, 0x1966, 0x1987, 0x2188, 0x1967, 0x1967, 0x1967, 
	0x1167, 0x0947, 0x224c, 0x3b0f, 0x3b0f, 0x3b2f, 0x224b, 0x1a0a, 0x2a8d, 0x3aef, 0x432f, 0x4b50, 0x11a9, 0x0927, 0x1147, 0x1147, 
	0x1946, 0x1946, 0x1925, 0x1925, 0x1925, 0x2146, 0x2145, 0x1904, 0x2125, 0x1904, 0x1904, 0x2125, 0x1925, 0x10c3, 0x0883, 0x10c4, 
	0x5b0d, 0xb5f8, 0xef7e, 0xf7bf, 0xd6db, 0x7bcf, 0x4229, 0x6b4d, 0x8451, 0x7c10, 0x7c10, 0x7c10, 0x7c10, 0x73ef, 0x73cf, 0x73f0, 
	0x73cf, 0x73f0, 0x8451, 0x94d3, 0x52cb, 0x1925, 0x2166, 0x1925, 0x1945, 0x2166, 0x2165, 0x2165, 0x1925, 0x2145, 0x2145, 0x2145, 
	0x2145, 0x2145, 0x2145, 0x1945, 0x1945, 0x2145, 0x2145, 0x2145, 0x2145, 0x2145, 0x2145, 0x2145, 0x2145, 0x2145, 0x2145, 0x2145, 
	0x2165, 0x2145, 0x1945, 0x1945, 0x2166, 0x2146, 0x2146, 0x1945, 0x1945, 0x1945, 0x2145, 0x2145, 0x2145, 0x2145, 0x2145, 0x2145, 
	0x2145, 0x2145, 0x2145, 0x2145, 0x2145, 0x2145, 0x2165, 0x2165, 0x2145, 0x2145, 0x2165, 0x2145, 0x2145, 0x2145, 0x2166, 0x2166, 
	0x2145, 0x2145, 0x2145, 0x2145, 0x2145, 0x2145, 0x2145, 0x2145, 0x2145, 0x2145, 0x2145, 0x2145, 0x2145, 0x2145, 0x2145, 0x2146, 
	0x2145, 0x2145, 0x2145, 0x2145, 0x2145, 0x2145, 0x2145, 0x2145, 0x2146, 0x2145, 0x2145, 0x2145, 0x2145, 0x2145, 0x2145, 0x2145, 
	0x2145, 0x1945, 0x2145, 0x2165, 0x2165, 0x2165, 0x2145, 0x2145, 0x2165, 0x2165, 0x2165, 0x2165, 0x2145, 0x2145, 0x2145, 0x2145, 
	0x1945, 0x1945, 0x2145, 0x2145, 0x2145, 0x1945, 0x1945, 0x2145, 0x2165, 0x2145, 0x2145, 0x2145, 0x1925, 0x2145, 0x2145, 0x1925, 
	0x1945, 0x10e4, 0x6b8e, 0x9d55, 0x73ef, 0x5b2d, 0x6b8e, 0x634d, 0x5b2d, 0x636e, 0x5b2d, 0x634d, 0x6b8e, 0x636d, 0x6b8e, 0x73cf, 
	0x6b8e, 0x6baf, 0x73f0, 0x6baf, 0x73cf, 0x73cf, 0x73cf, 0x6b8e, 0x73ef, 0x6bae, 0x6b8e, 0x6baf, 0x7c10, 0x94d3, 0xa555, 0x636e, 
	0x10e4, 0x2145, 0x1924, 0x1945, 0x1904, 0x426a, 0x5b0c, 0x530c, 0x4acb, 0x428a, 0x4aaa, 0x73ef, 0x9d34, 0xad96, 0xad96, 0x7c31, 
	0x3a08, 0x1904, 0x08a3, 0x2145, 0x2186, 0x1945, 0x1945, 0x2166, 0x2186, 0x1966, 0x1966, 0x1966, 0x1946, 0x1966, 0x1966, 0x1126, 
	0x1146, 0x1127, 0x19c9, 0x430e, 0x3ace, 0x3aee, 0x432f, 0x3aee, 0x3b0f, 0x432f, 0x434f, 0x32ad, 0x19a8, 0x1167, 0x1988, 0x1947, 
	0x1946, 0x2146, 0x2146, 0x2125, 0x2145, 0x2145, 0x1925, 0x1905, 0x2125, 0x2145, 0x1904, 0x10a3, 0x0883, 0x1925, 0x5b2d, 0xbe18, 
	0xef7e, 0xf7bf, 0xdf1c, 0x8c92, 0x4249, 0x4a8a, 0x7bf0, 0x8431, 0x7c10, 0x7bf0, 0x73ef, 0x73ef, 0x73ef, 0x73cf, 0x73cf, 0x73cf, 
	0x73cf, 0x73cf, 0x7c10, 0x8cb3, 0x6b8e, 0x1924, 0x2166, 0x2145, 0x2145, 0x2145, 0x2145, 0x2146, 0x2145, 0x2145, 0x2146, 0x2146, 
	0x2145, 0x2145, 0x2145, 0x2145, 0x2145, 0x2145, 0x2145, 0x2145, 0x2145, 0x2145, 0x2145, 0x2145, 0x2145, 0x2145, 0x2145, 0x2145, 
	0x2145, 0x2165, 0x2145, 0x2145, 0x2165, 0x2165, 0x2146, 0x2145, 0x2145, 0x2145, 0x2165, 0x2145, 0x2145, 0x2145, 0x2145, 0x2145, 
	0x2146, 0x2146, 0x2145, 0x2146, 0x2145, 0x2166, 0x2165, 0x2165, 0x2145, 0x2145, 0x2145, 0x2145, 0x2145, 0x2166, 0x2165, 0x2165, 
	0x2165, 0x2145, 0x2145, 0x2145, 0x2145, 0x2145, 0x2145, 0x2145, 0x2145, 0x2145, 0x2145, 0x2145, 0x2145, 0x2145, 0x2145, 0x2145, 
	0x2145, 0x2145, 0x2145, 0x2145, 0x2145, 0x2145, 0x2145, 0x2145, 0x2145, 0x2145, 0x2145, 0x2145, 0x2145, 0x2145, 0x2145, 0x2145, 
	0x2145, 0x2145, 0x2145, 0x2165, 0x2165, 0x2165, 0x2145, 0x2145, 0x2145, 0x2145, 0x2145, 0x2145, 0x2145, 0x2145, 0x2145, 0x2145, 
	0x2145, 0x2145, 0x2145, 0x2145, 0x2145, 0x2145, 0x2145, 0x2145, 0x1945, 0x1945, 0x1945, 0x1945, 0x1925, 0x1945, 0x2145, 0x1945, 
	0x10c3, 0x3a49, 0x9d34, 0x8472, 0x5b2d, 0x634d, 0x634d, 0x5b2d, 0x73cf, 0x8451, 0x7c51, 0x73cf, 0x6b8e, 0x636e, 0x634d, 0x634d, 
	0x6baf, 0x6bae, 0x6b8e, 0x6baf, 0x73f0, 0x6baf, 0x6b8e, 0x6baf, 0x6b8e, 0x6baf, 0x73cf, 0x6baf, 0x9d14, 0x9d35, 0x636e, 0x1925, 
	0x2166, 0x2146, 0x2166, 0x1925, 0x426a, 0x5b4c, 0x530c, 0x52eb, 0x4acb, 0x530c, 0x4aaa, 0x3a49, 0x52ec, 0x73f0, 0x9d14, 0xad97, 
	0xb5f8, 0x8c92, 0x4acb, 0x2146, 0x08c3, 0x1104, 0x2166, 0x1945, 0x1945, 0x1945, 0x2166, 0x2166, 0x1945, 0x1945, 0x1945, 0x1946, 
	0x1105, 0x1947, 0x0906, 0x1167, 0x3aad, 0x3aad, 0x3ace, 0x432f, 0x430f, 0x432f, 0x328c, 0x19a8, 0x1167, 0x1987, 0x1987, 0x1946, 
	0x2146, 0x2145, 0x2125, 0x2125, 0x2146, 0x2166, 0x2145, 0x1925, 0x10c3, 0x0862, 0x0883, 0x39e8, 0x7bf0, 0xc639, 0xf7bf, 0xf7df, 
	0xd6db, 0x8c92, 0x4269, 0x4249, 0x636d, 0x73cf, 0x6bae, 0x73cf, 0x73cf, 0x73cf, 0x73cf, 0x73cf, 0x73cf, 0x6baf, 0x6baf, 0x6baf, 
	0x73cf, 0x6baf, 0x73ef, 0x94d3, 0x8c92, 0x2986, 0x1904, 0x2986, 0x2145, 0x2145, 0x2146, 0x2145, 0x2145, 0x2145, 0x2146, 0x2146, 
	0x2145, 0x2145, 0x2145, 0x2145, 0x2145, 0x2145, 0x2145, 0x2145, 0x2145, 0x2145, 0x2145, 0x2145, 0x2145, 0x2145, 0x2145, 0x2145, 
	0x2145, 0x2145, 0x2145, 0x2145, 0x2145, 0x2145, 0x2145, 0x2145, 0x2145, 0x2145, 0x2145, 0x2145, 0x2145, 0x2145, 0x2145, 0x2145, 
	0x2145, 0x2145, 0x2145, 0x2145, 0x2145, 0x2145, 0x2145, 0x2145, 0x2145, 0x2145, 0x2145, 0x2145, 0x2165, 0x2165, 0x2145, 0x2145, 
	0x2145, 0x2145, 0x2145, 0x2145, 0x2145, 0x2145, 0x2145, 0x2146, 0x2145, 0x2145, 0x2145, 0x2145, 0x2145, 0x2145, 0x2145, 0x2145, 
	0x2145, 0x2145, 0x2145, 0x2145, 0x2145, 0x2146, 0x2145, 0x2145, 0x2145, 0x2145, 0x2145, 0x2145, 0x2146, 0x2146, 0x2145, 0x2145, 
	0x2145, 0x2145, 0x2145, 0x2145, 0x2145, 0x2145, 0x2145, 0x2145, 0x2145, 0x2145, 0x2145, 0x2145, 0x2145, 0x2145, 0x2145, 0x2145, 
	0x2145, 0x2145, 0x2145, 0x2145, 0x2145, 0x2145, 0x2145, 0x2145, 0x1945, 0x1925, 0x1945, 0x1945, 0x1925, 0x1925, 0x1925, 0x1945, 
	0x10e3, 0x6b8e, 0x94f3, 0x636e, 0x5b4d, 0x634d, 0x5b0c, 0x7c10, 0x8c92, 0x8472, 0x94d3, 0x8cb3, 0x8472, 0x8471, 0x7c10, 0x6baf, 
	0x636e, 0x636e, 0x6b8e, 0x73cf, 0x6b8e, 0x636e, 0x6b8e, 0x6bae, 0x6bae, 0x73cf, 0x6baf, 0x94d3, 0x9d14, 0x73cf, 0x2986, 0x2145, 
	0x2166, 0x2986, 0x1925, 0x4269, 0x5b4d, 0x52eb, 0x636d, 0x4acb, 0x530c, 0x52eb, 0x52eb, 0x530c, 0x428a, 0x428a, 0x4aab, 0x6baf, 
	0x9d14, 0xadb7, 0xbe59, 0xadb7, 0x7c51, 0x52ec, 0x31e8, 0x1925, 0x1925, 0x1104, 0x1945, 0x2166, 0x1945, 0x1925, 0x1925, 0x1945, 
	0x1925, 0x1926, 0x1126, 0x1105, 0x1967, 0x1988, 0x2a0a, 0x2a2b, 0x2a2b, 0x1988, 0x1147, 0x1967, 0x2187, 0x1966, 0x2166, 0x2987, 
	0x2166, 0x2146, 0x2166, 0x2986, 0x2145, 0x10c4, 0x10c3, 0x1904, 0x3a29, 0x6b8e, 0xad96, 0xe73d, 0xf7df, 0xf7bf, 0xce9a, 0x94d3, 
	0x52cb, 0x3a08, 0x52eb, 0x6baf, 0x6b6e, 0x6bae, 0x73cf, 0x636e, 0x6baf, 0x6baf, 0x6bcf, 0x6bcf, 0x6baf, 0x6bae, 0x6bae, 0x6baf, 
	0x73cf, 0x73cf, 0x73cf, 0x7c31, 0x8cb2, 0x4a8a, 0x1925, 0x2166, 0x2145, 0x2145, 0x2146, 0x2145, 0x2145, 0x2125, 0x2145, 0x2145, 
	0x2145, 0x2145, 0x2145, 0x2145, 0x2145, 0x2145, 0x2145, 0x2145, 0x2145, 0x2145, 0x2145, 0x2145, 0x2145, 0x2145, 0x2145, 0x2145, 
	0x2145, 0x2145, 0x2145, 0x2145, 0x2145, 0x2145, 0x2145, 0x2145, 0x2145, 0x2145, 0x2145, 0x2145, 0x2145, 0x2145, 0x2145, 0x2145, 
	0x2145, 0x2145, 0x2145, 0x1945, 0x2145, 0x2145, 0x2145, 0x2145, 0x2145, 0x2145, 0x2145, 0x2145, 0x2145, 0x1945, 0x1945, 0x2145, 
	0x2145, 0x2145, 0x2145, 0x2146, 0x2146, 0x2145, 0x2145, 0x2146, 0x2145, 0x2145, 0x2145, 0x2145, 0x2145, 0x2145, 0x2145, 0x2145, 
	0x2145, 0x2145, 0x2145, 0x2145, 0x2145, 0x2146, 0x2145, 0x2145, 0x2145, 0x2145, 0x2145, 0x2145, 0x2145, 0x2146, 0x2145, 0x2145, 
	0x2145, 0x2145, 0x2145, 0x2145, 0x2145, 0x2145, 0x2145, 0x2145, 0x2145, 0x2145, 0x2145, 0x2145, 0x2145, 0x2145, 0x2145, 0x2145, 
	0x2145, 0x2145, 0x2145, 0x2145, 0x2145, 0x2145, 0x2145, 0x2145, 0x2145, 0x1925, 0x1945, 0x2145, 0x1925, 0x1925, 0x1904, 0x1904, 
	0x2986, 0x8451, 0x8471, 0x5b2d, 0x52ec, 0x5b2d, 0x73f0, 0x8472, 0x8c92, 0x3a08, 0x31e8, 0x5b2d, 0x7c10, 0x8cb3, 0x94d3, 0x94d3, 
	0x8c92, 0x8471, 0x6baf, 0x634d, 0x636d, 0x636e, 0x636e, 0x636e, 0x6b8e, 0x636e, 0x7c31, 0x9d14, 0x94d3, 0x31c7, 0x2166, 0x29a7, 
	0x2166, 0x2166, 0x3a49, 0x636d, 0x530c, 0x5b2c, 0x530c, 0x5b2c, 0x530c, 0x52eb, 0x530c, 0x52ec, 0x52cb, 0x5b2d, 0x52cb, 0x4aab, 
	0x4a8a, 0x636d, 0x8c92, 0xadb6, 0xc679, 0xc69a, 0xadd7, 0x8cd3, 0x5b4d, 0x426a, 0x2166, 0x10c3, 0x08a3, 0x08c3, 0x10c4, 0x10c4, 
	0x1904, 0x1905, 0x1905, 0x1926, 0x1105, 0x1105, 0x1126, 0x1106, 0x1126, 0x1946, 0x2187, 0x2187, 0x2166, 0x2166, 0x2145, 0x18e4, 
	0x1904, 0x18e4, 0x18e4, 0x2145, 0x31c7, 0x52cb, 0x8472, 0xbe18, 0xdf3d, 0xf7ff, 0xffff, 0xdf1c, 0xbdf8, 0x7c10, 0x4229, 0x39e8, 
	0x52eb, 0x6b8e, 0x6bae, 0x636d, 0x6b8e, 0x6b8e, 0x634d, 0x6bae, 0x6bae, 0x6bae, 0x6bae, 0x6bae, 0x6bae, 0x6bae, 0x6bae, 0x6bcf, 
	0x73cf, 0x73cf, 0x6bae, 0x7c30, 0x8cb3, 0x6b8e, 0x1925, 0x2166, 0x2166, 0x2166, 0x2146, 0x2145, 0x2145, 0x2125, 0x2145, 0x2145, 
	0x2145, 0x2145, 0x2145, 0x2145, 0x2145, 0x2145, 0x2145, 0x2145, 0x2145, 0x2145, 0x2145, 0x2145, 0x2145, 0x2145, 0x2145, 0x2145, 
	0x2145, 0x2145, 0x2145, 0x2145, 0x2145, 0x2165, 0x2165, 0x2165, 0x2145, 0x2145, 0x2145, 0x2145, 0x2145, 0x2145, 0x2145, 0x2145, 
	0x2145, 0x2145, 0x2145, 0x2145, 0x2145, 0x2145, 0x2145, 0x2145, 0x2145, 0x2145, 0x2145, 0x2145, 0x2145, 0x1945, 0x1945, 0x2145, 
	0x2145, 0x2145, 0x2145, 0x2145, 0x2145, 0x2145, 0x2145, 0x2145, 0x2145, 0x2145, 0x2145, 0x2145, 0x2145, 0x2145, 0x2145, 0x2145, 
	0x2145, 0x2145, 0x2145, 0x2145, 0x2145, 0x2145, 0x2145, 0x2145, 0x2145, 0x2145, 0x2145, 0x2145, 0x2145, 0x2145, 0x2145, 0x2145, 
	0x2165, 0x2165, 0x2145, 0x2145, 0x2145, 0x2165, 0x2165, 0x2165, 0x2145, 0x2145, 0x2145, 0x2145, 0x2145, 0x2145, 0x2145, 0x2145, 
	0x2145, 0x2146, 0x2145, 0x2145, 0x2145, 0x2145, 0x2145, 0x2145, 0x2145, 0x2145, 0x2145, 0x2145, 0x1925, 0x1925, 0x1904, 0x10c3, 
	0x4249, 0x8cb2, 0x73cf, 0x5b0c, 0x52ec, 0x73cf, 0x8c92, 0x8472, 0x29a7, 0x08a3, 0x10c3, 0x10e4, 0x10e4, 0x29a7, 0x4aab, 0x6baf, 
	0x8472, 0x8cb3, 0x8451, 0x634d, 0x5b2d, 0x634d, 0x6b8e, 0x636d, 0x636d, 0x6b8e, 0x7c31, 0x9d35, 0x7c10, 0x2145, 0x29a7, 0x2166, 
	0x2166, 0x3a49, 0x5b4d, 0x5b4d, 0x5b0c, 0x5b4d, 0x530c, 0x5b2c, 0x5b2c, 0x52eb, 0x5b2c, 0x530c, 0x5b2d, 0x52ec, 0x5b0c, 0x5b2d, 
	0x634d, 0x5b0c, 0x52eb, 0x5b0c, 0x6bcf, 0x8cb3, 0xad96, 0xbe18, 0xbe39, 0xb5f8, 0xa556, 0x8c92, 0x6b8f, 0x4aab, 0x31e8, 0x2986, 
	0x2125, 0x1904, 0x08a3, 0x10a3, 0x0883, 0x08a3, 0x0083, 0x00a3, 0x08a4, 0x08c4, 0x08a3, 0x08c3, 0x1904, 0x2124, 0x2966, 0x4208, 
	0x52ab, 0x6b8e, 0x8c93, 0xb5b7, 0xd6fc, 0xf7df, 0xffff, 0xf7ff, 0xefbf, 0xc659, 0x8cb2, 0x52eb, 0x3a28, 0x4a6a, 0x5b2c, 0x73cf, 
	0x6bae, 0x5b4d, 0x636e, 0x6b8e, 0x636e, 0x6bae, 0x6bae, 0x636e, 0x6b8e, 0x638e, 0x638e, 0x638e, 0x6b8e, 0x6b8e, 0x6bae, 0x6bae, 
	0x636e, 0x73ef, 0x73cf, 0x73cf, 0x8472, 0x8471, 0x2166, 0x2986, 0x2166, 0x2166, 0x2166, 0x2146, 0x2145, 0x2145, 0x2145, 0x2145, 
	0x2145, 0x2145, 0x2145, 0x2145, 0x1945, 0x1945, 0x2145, 0x2145, 0x2145, 0x2145, 0x2145, 0x2145, 0x2145, 0x2145, 0x2145, 0x2145, 
	0x2145, 0x2145, 0x2145, 0x2145, 0x2145, 0x2145, 0x2145, 0x2165, 0x2145, 0x2145, 0x2145, 0x2145, 0x2145, 0x2145, 0x2145, 0x2145, 
	0x2145, 0x2145, 0x2145, 0x2145, 0x2145, 0x2165, 0x2165, 0x2165, 0x2145, 0x2145, 0x2165, 0x2145, 0x2145, 0x2145, 0x2145, 0x2146, 
	0x2145, 0x2145, 0x2125, 0x2125, 0x2125, 0x2125, 0x2145, 0x2145, 0x2145, 0x2145, 0x2145, 0x2145, 0x2145, 0x2145, 0x2145, 0x2145, 
	0x2145, 0x2145, 0x2145, 0x2145, 0x2145, 0x2145, 0x2145, 0x2145, 0x2165, 0x2145, 0x2145, 0x1945, 0x2145, 0x2145, 0x2145, 0x2145, 
	0x2165, 0x2145, 0x2145, 0x2145, 0x2145, 0x2145, 0x2145, 0x2145, 0x2145, 0x2145, 0x2145, 0x2145, 0x2145, 0x2145, 0x2145, 0x2145, 
	0x2145, 0x2145, 0x2145, 0x2145, 0x2145, 0x2145, 0x2145, 0x2145, 0x2145, 0x2125, 0x2145, 0x1925, 0x1925, 0x1925, 0x1904, 0x10c3, 
	0x5b2c, 0x9d14, 0x634d, 0x52cb, 0x73cf, 0x8472, 0x8c92, 0x31c7, 0x10e4, 0x10e4, 0x1925, 0x1925, 0x1905, 0x10e4, 0x0883, 0x10e4, 
	0x31c7, 0x7c31, 0x94d3, 0x634d, 0x5b2d, 0x5b2d, 0x5b2c, 0x6b8e, 0x6b8e, 0x634d, 0x7c10, 0x9d14, 0x73f0, 0x1925, 0x2986, 0x2986, 
	0x2166, 0x52ec, 0x5b4d, 0x5b2d, 0x5b2d, 0x5b2c, 0x5b2c, 0x5b2c, 0x530c, 0x5b2c, 0x5b2c, 0x5b2c, 0x52cb, 0x52ec, 0x5b2c, 0x5b0c, 
	0x5b2d, 0x5b0c, 0x5b2c, 0x5b2c, 0x52cb, 0x4aaa, 0x52ec, 0x636e, 0x8451, 0x8cd3, 0xa555, 0xb5d7, 0xbe59, 0xc659, 0xb618, 0xb5d7, 
	0xa555, 0x94d3, 0x8c92, 0x8451, 0x73cf, 0x6baf, 0x73cf, 0x6bcf, 0x6bcf, 0x73f0, 0x8451, 0x94b3, 0xa555, 0xbdf7, 0xce79, 0xd6db, 
	0xe75d, 0xf7df, 0xffff, 0xffff, 0xf7bf, 0xdf1c, 0xb5d7, 0x94d3, 0x634d, 0x52eb, 0x4a8a, 0x5b2c, 0x73ef, 0x73cf, 0x6b8e, 0x6b6e, 
	0x636d, 0x638e, 0x636d, 0x634d, 0x636e, 0x636d, 0x636d, 0x6b8e, 0x638e, 0x638e, 0x636e, 0x638e, 0x638e, 0x638e, 0x638e, 0x6b8e, 
	0x6baf, 0x6b8e, 0x6bae, 0x6bae, 0x8451, 0x8c92, 0x3a29, 0x2145, 0x2166, 0x2166, 0x2146, 0x2146, 0x2145, 0x2145, 0x2145, 0x2145, 
	0x1945, 0x2145, 0x2145, 0x2145, 0x1945, 0x1945, 0x1945, 0x2145, 0x2145, 0x2145, 0x2145, 0x2145, 0x2145, 0x2145, 0x2145, 0x2145, 
	0x2145, 0x2145, 0x2145, 0x2145, 0x2145, 0x2145, 0x2165, 0x2165, 0x2145, 0x2145, 0x2145, 0x2145, 0x2145, 0x2145, 0x2145, 0x2145, 
	0x2145, 0x2145, 0x2145, 0x2145, 0x2145, 0x2165, 0x2165, 0x2165, 0x1945, 0x2145, 0x2145, 0x2145, 0x2145, 0x2145, 0x2145, 0x2146, 
	0x2145, 0x2125, 0x2125, 0x2125, 0x2125, 0x2145, 0x2145, 0x2146, 0x2145, 0x2145, 0x2145, 0x2145, 0x2145, 0x2145, 0x2145, 0x2145, 
	0x2145, 0x2145, 0x2145, 0x2145, 0x2145, 0x2145, 0x2145, 0x2145, 0x2145, 0x2145, 0x2145, 0x2145, 0x2145, 0x2145, 0x1945, 0x1945, 
	0x2145, 0x2145, 0x1945, 0x1945, 0x1945, 0x1945, 0x1945, 0x1945, 0x2145, 0x2145, 0x2145, 0x2145, 0x2145, 0x2145, 0x2145, 0x2145, 
	0x2145, 0x2145, 0x2145, 0x2145, 0x2145, 0x1925, 0x2145, 0x2145, 0x2145, 0x2125, 0x2125, 0x2125, 0x1925, 0x2125, 0x1925, 0x1904, 
	0x6b8e, 0x8c92, 0x5b0c, 0x6baf, 0x8c92, 0x8c92, 0x31c7, 0x10c3, 0x1904, 0x2166, 0x2145, 0x1904, 0x2145, 0x2145, 0x1925, 0x1905, 
	0x08a3, 0x5b2d, 0x94f4, 0x73cf, 0x52ec, 0x5b2d, 0x634d, 0x634d, 0x634d, 0x5b0c, 0x6bae, 0x8cb3, 0x7c10, 0x2145, 0x2145, 0x2145, 
	0x2166, 0x530c, 0x530c, 0x5b4d, 0x5b0c, 0x530c, 0x5b4d, 0x5b2c, 0x5b4d, 0x5b2c, 0x530c, 0x5b4d, 0x634d, 0x7c10, 0x73cf, 0x5b0c, 
	0x5b0c, 0x5b2c, 0x5b2d, 0x5b2d, 0x634d, 0x5b2d, 0x52cb, 0x426a, 0x4249, 0x4a8a, 0x52cb, 0x5b2d, 0x73f0, 0x8c92, 0x9d35, 0xad97, 
	0xbdf8, 0xbe18, 0xc639, 0xc659, 0xce9b, 0xce7a, 0xc67a, 0xce9b, 0xdf1d, 0xd6fc, 0xdf1d, 0xe75d, 0xdf1c, 0xe73d, 0xe73d, 0xd6db, 
	0xc659, 0xbe18, 0xa555, 0x8c72, 0x6b6e, 0x52cb, 0x52ab, 0x52ec, 0x5b2d, 0x73ef, 0x7c10, 0x73f0, 0x6baf, 0x6b8e, 0x6b8e, 0x634d, 
	0x6baf, 0x6baf, 0x634d, 0x636d, 0x6b8e, 0x636d, 0x636d, 0x636d, 0x636e, 0x636e, 0x636e, 0x638e, 0x636e, 0x636d, 0x636e, 0x636e, 
	0x6b8e, 0x636e, 0x73cf, 0x6b8e, 0x73f0, 0x94f3, 0x6b8e, 0x10c3, 0x2166, 0x2146, 0x2146, 0x2146, 0x2145, 0x2145, 0x2145, 0x2145, 
	0x1945, 0x2145, 0x2145, 0x2145, 0x2145, 0x1945, 0x2145, 0x2145, 0x2145, 0x2145, 0x2145, 0x2145, 0x2145, 0x2145, 0x2145, 0x2145, 
	0x2145, 0x2145, 0x2145, 0x2145, 0x2145, 0x2145, 0x2165, 0x2165, 0x2145, 0x2145, 0x2145, 0x2145, 0x2145, 0x2145, 0x2145, 0x2145, 
	0x2145, 0x2145, 0x2145, 0x2145, 0x2145, 0x2145, 0x2145, 0x2145, 0x1945, 0x1945, 0x2145, 0x2145, 0x2145, 0x2145, 0x2145, 0x2145, 
	0x2146, 0x2145, 0x2125, 0x2145, 0x2145, 0x2145, 0x2145, 0x2145, 0x2145, 0x2145, 0x2145, 0x2145, 0x2145, 0x2145, 0x2145, 0x2145, 
	0x2145, 0x2145, 0x2145, 0x2145, 0x2145, 0x2145, 0x2145, 0x2145, 0x1945, 0x1945, 0x1945, 0x2145, 0x2145, 0x2145, 0x1945, 0x1945, 
	0x2145, 0x2145, 0x2145, 0x2145, 0x2145, 0x2145, 0x2145, 0x1945, 0x2145, 0x2145, 0x2145, 0x2145, 0x2145, 0x2145, 0x2145, 0x2145, 
	0x2145, 0x2146, 0x2146, 0x2146, 0x2145, 0x2125, 0x2145, 0x2145, 0x2166, 0x2145, 0x2145, 0x2146, 0x2145, 0x2125, 0x2125, 0x1925, 
	0x7c10, 0x8c92, 0x73f0, 0x8c92, 0x8451, 0x31c7, 0x10c3, 0x1925, 0x1904, 0x2125, 0x1925, 0x2146, 0x2125, 0x1905, 0x2145, 0x1925, 
	0x10c3, 0x426a, 0x8cb3, 0x8451, 0x5b0c, 0x5b0c, 0x634d, 0x5b2d, 0x634d, 0x634d, 0x636e, 0x8c92, 0x73f0, 0x1925, 0x2145, 0x1925, 
	0x2145, 0x52ec, 0x5b2d, 0x52ec, 0x530c, 0x530c, 0x5b2d, 0x530c, 0x5b2c, 0x5b2c, 0x5b4d, 0x52ec, 0x7c10, 0x8cb2, 0x94d3, 0x8c92, 
	0x6baf, 0x636d, 0x5b0c, 0x52eb, 0x52ec, 0x52ec, 0x52ec, 0x5b0c, 0x52ec, 0x52cb, 0x4a8a, 0x426a, 0x426a, 0x426a, 0x4a8a, 0x52ec, 
	0x634d, 0x636e, 0x73f0, 0x7c31, 0x8452, 0x8c92, 0x8cb3, 0x94f4, 0x8cb3, 0x8c93, 0x8cb3, 0x8cb3, 0x8452, 0x73d0, 0x6b6e, 0x632d, 
	0x5aec, 0x52ab, 0x4a8a, 0x52cb, 0x634d, 0x6bae, 0x73cf, 0x73f0, 0x7c10, 0x73cf, 0x6baf, 0x6b8e, 0x6b8e, 0x6baf, 0x73ef, 0x8451, 
	0x7c31, 0x7c10, 0x634d, 0x5b2d, 0x634d, 0x5b4d, 0x636e, 0x636d, 0x634d, 0x636d, 0x636e, 0x636e, 0x636d, 0x5b4d, 0x5b4d, 0x636d, 
	0x634d, 0x636e, 0x636e, 0x636e, 0x6b8e, 0x8c92, 0x7c10, 0x2166, 0x2145, 0x2145, 0x2145, 0x2145, 0x2145, 0x2145, 0x2145, 0x2145, 
	0x2145, 0x2145, 0x2145, 0x2145, 0x2145, 0x2145, 0x2145, 0x2145, 0x2145, 0x2145, 0x2145, 0x2145, 0x2145, 0x2145, 0x2145, 0x2145, 
	0x1945, 0x2145, 0x2145, 0x2145, 0x2145, 0x2145, 0x2145, 0x2145, 0x2145, 0x2145, 0x2145, 0x2145, 0x2145, 0x2145, 0x2145, 0x2145, 
	0x2145, 0x2145, 0x2145, 0x2145, 0x2145, 0x2145, 0x2145, 0x2145, 0x2145, 0x2145, 0x2145, 0x2145, 0x2145, 0x2145, 0x2145, 0x2145, 
	0x2146, 0x2145, 0x2145, 0x2145, 0x2145, 0x2125, 0x2125, 0x2145, 0x2145, 0x2145, 0x2145, 0x2145, 0x2145, 0x2145, 0x1945, 0x1945, 
	0x2145, 0x2145, 0x2145, 0x2145, 0x2145, 0x2145, 0x2145, 0x2145, 0x2145, 0x2145, 0x2145, 0x2145, 0x2165, 0x2145, 0x1945, 0x1945, 
	0x2145, 0x2145, 0x2145, 0x2145, 0x2145, 0x2145, 0x2145, 0x1945, 0x2145, 0x2145, 0x2145, 0x2145, 0x2145, 0x2145, 0x2145, 0x2145, 
	0x2145, 0x2145, 0x2146, 0x2146, 0x2145, 0x2145, 0x2145, 0x2145, 0x2145, 0x2146, 0x2146, 0x2146, 0x2145, 0x2146, 0x2166, 0x2145, 
	0x73f0, 0x8c92, 0x94b3, 0x8472, 0x31e8, 0x18e4, 0x1925, 0x2145, 0x1925, 0x2145, 0x1905, 0x1925, 0x2146, 0x2145, 0x1905, 0x2146, 
	0x10e4, 0x29a6, 0x8c92, 0x8c92, 0x634d, 0x5b2c, 0x5b2d, 0x5b2d, 0x5b2c, 0x634d, 0x636e, 0x8c92, 0x73ef, 0x1904, 0x1925, 0x2145, 
	0x1945, 0x530c, 0x5b2d, 0x530c, 0x5b2c, 0x5b0c, 0x52eb, 0x5b2c, 0x5b4d, 0x530c, 0x530c, 0x7c10, 0x8cb2, 0x8c92, 0x7c31, 0x8cb2, 
	0x9d34, 0x8cb3, 0x8451, 0x73cf, 0x5b2d, 0x52cb, 0x4a8a, 0x4aab, 0x52cb, 0x52cb, 0x52eb, 0x52ec, 0x52ec, 0x52ec, 0x52cc, 0x52cc, 
	0x4aab, 0x4aab, 0x4aab, 0x428a, 0x426a, 0x424a, 0x3a29, 0x426a, 0x4a8b, 0x4a8a, 0x426a, 0x426a, 0x4a8b, 0x52cc, 0x5b2d, 0x634e, 
	0x6b8e, 0x6b8e, 0x73cf, 0x7bf0, 0x73cf, 0x73ef, 0x73cf, 0x6baf, 0x6baf, 0x73cf, 0x73ef, 0x7c30, 0x8492, 0x8cb3, 0x8cd3, 0x8cb2, 
	0x8472, 0x8471, 0x7c31, 0x636d, 0x5b2d, 0x634d, 0x634d, 0x636d, 0x636e, 0x634d, 0x636d, 0x634d, 0x634d, 0x634d, 0x5b2d, 0x636d, 
	0x634d, 0x634d, 0x5b2d, 0x73cf, 0x7c31, 0x8c92, 0x73ef, 0x2145, 0x2145, 0x2145, 0x2145, 0x2145, 0x2145, 0x2145, 0x2145, 0x2145, 
	0x2145, 0x2145, 0x2145, 0x2145, 0x2145, 0x2145, 0x2145, 0x1945, 0x2145, 0x2145, 0x2145, 0x2145, 0x2145, 0x2145, 0x2145, 0x2145, 
	0x1945, 0x2145, 0x2145, 0x2145, 0x2145, 0x2165, 0x2165, 0x2145, 0x2145, 0x2145, 0x2145, 0x2145, 0x2145, 0x2145, 0x2145, 0x2145, 
	0x2145, 0x2145, 0x2145, 0x2145, 0x2145, 0x2145, 0x2145, 0x2145, 0x2146, 0x2146, 0x2146, 0x2145, 0x2145, 0x2145, 0x2145, 0x2145, 
	0x2125, 0x2145, 0x2145, 0x2145, 0x2145, 0x2125, 0x2145, 0x2145, 0x2145, 0x2145, 0x2145, 0x2145, 0x2145, 0x2145, 0x1945, 0x1945, 
	0x2145, 0x2145, 0x2145, 0x2145, 0x2145, 0x2145, 0x2145, 0x2145, 0x2145, 0x2145, 0x2145, 0x2145, 0x2145, 0x1945, 0x1945, 0x1945, 
	0x2145, 0x1945, 0x1945, 0x1945, 0x1945, 0x2145, 0x2145, 0x1945, 0x1945, 0x2145, 0x2145, 0x2145, 0x2145, 0x2145, 0x2145, 0x2145, 
	0x2145, 0x2145, 0x2145, 0x2146, 0x2145, 0x2145, 0x2145, 0x2145, 0x2145, 0x2146, 0x2146, 0x2146, 0x2146, 0x2146, 0x2166, 0x2125, 
	0x7bf0, 0x94d3, 0x8431, 0x39e8, 0x10e4, 0x2166, 0x2145, 0x1925, 0x2145, 0x2145, 0x2145, 0x2146, 0x1905, 0x1925, 0x1925, 0x1925, 
	0x1925, 0x10c3, 0x73f0, 0x9d14, 0x6b8e, 0x5b0c, 0x5b2c, 0x634d, 0x634d, 0x52eb, 0x636e, 0x8cb3, 0x636e, 0x10c3, 0x1925, 0x1925, 
	0x1945, 0x52cb, 0x5b2d, 0x52eb, 0x5b0c, 0x52ec, 0x52ec, 0x5b2c, 0x5b2c, 0x5b0c, 0x7410, 0x8c92, 0x8cb3, 0x4aaa, 0x1924, 0x3a28, 
	0x636d, 0x8451, 0x9d14, 0x94f3, 0x8c92, 0x8451, 0x6baf, 0x5aec, 0x52cb, 0x4a8a, 0x4aab, 0x4aab, 0x52cb, 0x52ec, 0x5b0c, 0x5b0c, 
	0x530c, 0x52ec, 0x5b0c, 0x52ec, 0x52ec, 0x52cc, 0x4aab, 0x5b0c, 0x634d, 0x634d, 0x636e, 0x6b8e, 0x6b8f, 0x6b8e, 0x6b8e, 0x6b8e, 
	0x6baf, 0x6b8e, 0x636d, 0x6b8e, 0x636d, 0x6b8e, 0x73cf, 0x73f0, 0x7c10, 0x8c92, 0x8cb3, 0x8cb3, 0x8cd3, 0x8492, 0x636d, 0x3a28, 
	0x2986, 0x73f0, 0x8451, 0x7c10, 0x636d, 0x5b2d, 0x6b8e, 0x5b2d, 0x5b2d, 0x6b8e, 0x634d, 0x634d, 0x634d, 0x634d, 0x636d, 0x5b0c, 
	0x5b2c, 0x5b0c, 0x7c10, 0x8472, 0x8472, 0x5b0c, 0x1904, 0x2145, 0x2145, 0x2145, 0x2145, 0x2145, 0x2125, 0x2125, 0x2145, 0x2145, 
	0x2145, 0x2145, 0x2145, 0x2145, 0x2145, 0x2145, 0x2145, 0x1945, 0x2145, 0x2145, 0x2145, 0x2145, 0x2145, 0x2145, 0x2145, 0x2145, 
	0x1945, 0x2145, 0x2145, 0x2145, 0x2145, 0x2165, 0x2145, 0x2145, 0x2145, 0x2145, 0x2145, 0x2145, 0x2145, 0x2145, 0x2145, 0x2145, 
	0x2145, 0x2145, 0x2145, 0x2145, 0x2145, 0x2145, 0x2145, 0x2145, 0x2145, 0x2145, 0x2145, 0x2145, 0x2145, 0x2145, 0x2125, 0x2125, 
	0x2125, 0x2125, 0x2145, 0x2145, 0x2125, 0x2145, 0x2145, 0x2145, 0x2145, 0x2145, 0x2145, 0x2145, 0x2145, 0x2145, 0x1945, 0x1945, 
	0x2145, 0x2145, 0x2145, 0x2145, 0x2145, 0x2145, 0x2145, 0x2145, 0x1945, 0x2145, 0x2145, 0x2145, 0x2145, 0x1945, 0x1945, 0x1945, 
	0x2145, 0x2145, 0x1945, 0x1945, 0x1945, 0x1945, 0x2145, 0x1945, 0x1945, 0x1945, 0x2145, 0x2145, 0x2145, 0x2145, 0x2145, 0x2145, 
	0x2145, 0x2145, 0x2145, 0x2145, 0x2145, 0x2145, 0x2145, 0x2145, 0x2146, 0x2146, 0x2145, 0x2146, 0x2146, 0x2146, 0x2146, 0x1925, 
	0x6b6e, 0x94b3, 0x39e8, 0x10c4, 0x2966, 0x2145, 0x1925, 0x2986, 0x2145, 0x1905, 0x2146, 0x2145, 0x2145, 0x1925, 0x2166, 0x1925, 
	0x1925, 0x10e4, 0x5b2c, 0x94f4, 0x7c10, 0x52cb, 0x5b2c, 0x5b2d, 0x5b2d, 0x5b0c, 0x6b8e, 0x8cb3, 0x4aab, 0x10c3, 0x1924, 0x1925, 
	0x2145, 0x4aab, 0x4acb, 0x52ec, 0x52cb, 0x5b2c, 0x5b0c, 0x5b0c, 0x52cb, 0x6b8e, 0x8c92, 0x94f4, 0x52ec, 0x1924, 0x31c7, 0x2166, 
	0x2145, 0x29a6, 0x4269, 0x636e, 0x8451, 0x94d3, 0x94d3, 0x8c92, 0x8451, 0x7bf0, 0x6bae, 0x636e, 0x636d, 0x5b2c, 0x52ec, 0x5b0c, 
	0x530c, 0x52ec, 0x52ec, 0x52ec, 0x52ec, 0x52cb, 0x52ab, 0x5b0c, 0x6b6e, 0x636e, 0x634d, 0x634e, 0x636e, 0x636e, 0x636e, 0x636e, 
	0x634d, 0x6bae, 0x73cf, 0x7c30, 0x7c30, 0x8451, 0x94f3, 0x94d3, 0x9d14, 0x8cb3, 0x8451, 0x73cf, 0x4a8a, 0x2166, 0x1924, 0x2166, 
	0x2165, 0x2165, 0x7c31, 0x8c92, 0x8431, 0x5b0c, 0x5b2d, 0x632d, 0x634d, 0x632d, 0x632d, 0x632d, 0x5b0c, 0x5b0c, 0x5aec, 0x5b0c, 
	0x634d, 0x7c10, 0x8c92, 0x7c10, 0x3a29, 0x10e4, 0x2145, 0x2145, 0x2145, 0x2145, 0x2145, 0x2145, 0x2125, 0x2125, 0x2145, 0x2146, 
	0x2145, 0x2145, 0x2145, 0x2145, 0x2145, 0x2145, 0x2145, 0x1945, 0x2145, 0x2145, 0x2145, 0x2145, 0x2145, 0x2145, 0x1945, 0x1945, 
	0x1945, 0x2145, 0x2145, 0x2145, 0x2145, 0x2145, 0x2145, 0x2145, 0x2145, 0x2145, 0x2145, 0x2145, 0x2145, 0x2145, 0x2145, 0x2145, 
	0x2145, 0x2145, 0x2145, 0x2145, 0x2145, 0x2145, 0x2145, 0x2145, 0x2145, 0x2145, 0x2145, 0x2145, 0x2145, 0x2145, 0x2145, 0x2145, 
	0x2125, 0x2125, 0x2125, 0x2125, 0x2125, 0x2145, 0x2145, 0x2145, 0x2145, 0x2145, 0x2145, 0x2145, 0x2145, 0x2145, 0x2145, 0x2145, 
	0x1945, 0x2145, 0x2145, 0x2145, 0x2145, 0x2145, 0x2145, 0x2145, 0x1945, 0x1945, 0x2145, 0x2145, 0x2145, 0x2145, 0x1945, 0x1945, 
	0x2145, 0x2145, 0x1945, 0x1945, 0x1945, 0x2145, 0x2145, 0x2145, 0x1945, 0x2145, 0x2145, 0x2145, 0x2145, 0x2145, 0x2145, 0x2145, 
	0x2145, 0x2125, 0x2125, 0x2145, 0x2145, 0x2146, 0x2145, 0x2145, 0x2145, 0x2145, 0x2145, 0x2146, 0x2146, 0x2146, 0x2166, 0x2125, 
	0x4a6a, 0x424a, 0x18e4, 0x2146, 0x2145, 0x2145, 0x2166, 0x2145, 0x2166, 0x2145, 0x2145, 0x1925, 0x2146, 0x1925, 0x1925, 0x1945, 
	0x1904, 0x1904, 0x3a29, 0x8cb3, 0x8451, 0x5b0c, 0x5b0c, 0x634d, 0x5b2c, 0x5b0c, 0x73ef, 0x8471, 0x31e8, 0x08a3, 0x2145, 0x1904, 
	0x1925, 0x4aaa, 0x52eb, 0x52eb, 0x52cb, 0x4acb, 0x52eb, 0x52cb, 0x6b8e, 0x8472, 0x94d3, 0x52ec, 0x1904, 0x2166, 0x2145, 0x2986, 
	0x2966, 0x2145, 0x1904, 0x1925, 0x2966, 0x4229, 0x634e, 0x8451, 0x94d3, 0x9d14, 0xa535, 0xa555, 0x94f4, 0x73ef, 0x52eb, 0x5b2d, 
	0x5b2c, 0x530c, 0x5b0c, 0x52ec, 0x52eb, 0x52ab, 0x4aaa, 0x5b0c, 0x634d, 0x634d, 0x634d, 0x634d, 0x636d, 0x634d, 0x634d, 0x634d, 
	0x6b8e, 0x7c31, 0x8cb2, 0x94d3, 0x94f3, 0x8cb2, 0x8472, 0x6bae, 0x52cb, 0x3a29, 0x2166, 0x1925, 0x2145, 0x2186, 0x2986, 0x2166, 
	0x2986, 0x2145, 0x31c7, 0x7c30, 0x8472, 0x8451, 0x5b2d, 0x634d, 0x6b6e, 0x5b2d, 0x634d, 0x632d, 0x5b0c, 0x5b0c, 0x5b2d, 0x6b8e, 
	0x8451, 0x8472, 0x5b2d, 0x2145, 0x10c3, 0x2145, 0x2166, 0x1925, 0x2125, 0x2145, 0x2145, 0x2145, 0x2125, 0x2125, 0x2145, 0x2145, 
	0x2145, 0x1945, 0x1945, 0x2145, 0x2145, 0x2145, 0x2145, 0x1945, 0x2145, 0x2145, 0x2145, 0x2145, 0x2145, 0x2145, 0x1945, 0x1945, 
	0x1945, 0x2145, 0x2145, 0x2145, 0x2145, 0x2145, 0x2145, 0x1945, 0x2145, 0x2145, 0x2145, 0x2145, 0x2145, 0x2145, 0x2145, 0x2145, 
	0x2145, 0x2145, 0x2145, 0x2145, 0x2145, 0x2125, 0x2125, 0x2145, 0x2145, 0x2145, 0x2145, 0x2145, 0x2145, 0x2145, 0x2145, 0x2145, 
	0x2145, 0x2145, 0x2145, 0x2145, 0x2145, 0x2145, 0x2145, 0x2145, 0x2145, 0x2145, 0x2145, 0x2145, 0x2145, 0x2145, 0x2145, 0x2145, 
	0x2145, 0x2145, 0x2145, 0x2145, 0x2145, 0x2145, 0x2145, 0x2165, 0x2145, 0x1945, 0x1945, 0x2145, 0x2145, 0x2145, 0x2145, 0x2145, 
	0x2145, 0x2145, 0x2145, 0x1945, 0x1945, 0x1945, 0x1945, 0x1945, 0x1945, 0x2145, 0x2145, 0x2145, 0x2145, 0x2145, 0x2145, 0x2145, 
	0x2145, 0x2125, 0x1925, 0x2125, 0x2145, 0x2146, 0x2145, 0x2145, 0x2145, 0x2145, 0x2145, 0x2146, 0x2145, 0x2146, 0x2166, 0x2145, 
	0x2146, 0x2125, 0x2145, 0x2125, 0x1925, 0x2146, 0x2146, 0x2145, 0x1925, 0x2166, 0x2145, 0x2166, 0x2145, 0x2146, 0x1925, 0x2145, 
	0x1925, 0x08c3, 0x4acb, 0x8c92, 0x7c31, 0x5b0c, 0x52eb, 0x5b0c, 0x5b2c, 0x5b0c, 0x7c31, 0x7c10, 0x1904, 0x1104, 0x1925, 0x10c3, 
	0x3a28, 0x638e, 0x4aaa, 0x4aab, 0x4aaa, 0x530c, 0x52cb, 0x634d, 0x8451, 0x8cb3, 0x4a8a, 0x10e4, 0x2966, 0x2125, 0x1905, 0x2145, 
	0x2146, 0x2146, 0x2166, 0x2145, 0x1905, 0x1904, 0x1905, 0x2145, 0x4229, 0x4aab, 0x6b6e, 0x8451, 0xa555, 0x8472, 0x52eb, 0x52eb, 
	0x530c, 0x52eb, 0x52eb, 0x52cb, 0x52cb, 0x4aaa, 0x4a8a, 0x5b0c, 0x5b2d, 0x632d, 0x634d, 0x634d, 0x634d, 0x634d, 0x5b2d, 0x5b2c, 
	0x6b8e, 0x8c92, 0x8471, 0x5b2d, 0x52cb, 0x31c7, 0x2166, 0x1925, 0x1925, 0x2145, 0x2166, 0x2166, 0x2166, 0x2166, 0x2166, 0x2166, 
	0x2166, 0x2165, 0x2145, 0x31c7, 0x8451, 0x8c72, 0x7c31, 0x6b6e, 0x632d, 0x634d, 0x5b0c, 0x5b0c, 0x5b0c, 0x6b6e, 0x8431, 0x8452, 
	0x73cf, 0x3a29, 0x10c4, 0x10e4, 0x2145, 0x1925, 0x1925, 0x2125, 0x1925, 0x2125, 0x2145, 0x2145, 0x2125, 0x2125, 0x2125, 0x2145, 
	0x1945, 0x1945, 0x1945, 0x1945, 0x1945, 0x2145, 0x2145, 0x2145, 0x1945, 0x1945, 0x2145, 0x2145, 0x2145, 0x2145, 0x2145, 0x2145, 
	0x1945, 0x2145, 0x2145, 0x2145, 0x2145, 0x2145, 0x2145, 0x1945, 0x2145, 0x2145, 0x2145, 0x2145, 0x2145, 0x2145, 0x2145, 0x2145, 
	0x2145, 0x2145, 0x2145, 0x2145, 0x2145, 0x2125, 0x2125, 0x2125, 0x2125, 0x2125, 0x2125, 0x2125, 0x2125, 0x2125, 0x1925, 0x1925, 
	0x2145, 0x2145, 0x2145, 0x2145, 0x2145, 0x2145, 0x2145, 0x2145, 0x2145, 0x2145, 0x2145, 0x2145, 0x2145, 0x2145, 0x2145, 0x2145, 
	0x2145, 0x2145, 0x2145, 0x2145, 0x2145, 0x2145, 0x2145, 0x2145, 0x2145, 0x2145, 0x1945, 0x2145, 0x2145, 0x2145, 0x2145, 0x2145, 
	0x2145, 0x2145, 0x1945, 0x1945, 0x1945, 0x1945, 0x1945, 0x1925, 0x2145, 0x2145, 0x1945, 0x2145, 0x2145, 0x2145, 0x2145, 0x2125, 
	0x2145, 0x2125, 0x1925, 0x2125, 0x2145, 0x2145, 0x2145, 0x2145, 0x2145, 0x2145, 0x2125, 0x2145, 0x2145, 0x2145, 0x2166, 0x2146, 
	0x1925, 0x2146, 0x1925, 0x2146, 0x2146, 0x1925, 0x2146, 0x2166, 0x2166, 0x1925, 0x1945, 0x1925, 0x1925, 0x2166, 0x29a7, 0x2166, 
	0x1925, 0x3a49, 0x8492, 0x8c92, 0x638e, 0x52cb, 0x5b0c, 0x52cb, 0x530c, 0x6b8e, 0x8cb3, 0x52ec, 0x08a2, 0x1945, 0x1104, 0x10e4, 
	0x5b0c, 0x8492, 0x6bae, 0x52cb, 0x4acb, 0x4a8a, 0x5b0c, 0x7c31, 0x8472, 0x4aab, 0x10c3, 0x2145, 0x2125, 0x2125, 0x2946, 0x2125, 
	0x2125, 0x1925, 0x2146, 0x2966, 0x2166, 0x2145, 0x2145, 0x2986, 0x2145, 0x1925, 0x1925, 0x2986, 0x8c92, 0x94d3, 0x5b2d, 0x5b2d, 
	0x530c, 0x52eb, 0x52eb, 0x52eb, 0x52eb, 0x52cb, 0x4acb, 0x5b2d, 0x634d, 0x634d, 0x634d, 0x634d, 0x634d, 0x634d, 0x634d, 0x5b4d, 
	0x73ef, 0x8cb2, 0x4a8a, 0x0882, 0x10e4, 0x10e4, 0x10e4, 0x2145, 0x1925, 0x2145, 0x2166, 0x2146, 0x2146, 0x2166, 0x2166, 0x2145, 
	0x2166, 0x2986, 0x2986, 0x2166, 0x29a7, 0x7c10, 0x94d3, 0x7c30, 0x636e, 0x634d, 0x634d, 0x6baf, 0x7c31, 0x8472, 0x7bf0, 0x5b0c, 
	0x2146, 0x10c4, 0x18e4, 0x1925, 0x1905, 0x1925, 0x1925, 0x2125, 0x2125, 0x2145, 0x2145, 0x2145, 0x2145, 0x2145, 0x2145, 0x2145, 
	0x1945, 0x1945, 0x1945, 0x1945, 0x1945, 0x2145, 0x2145, 0x2145, 0x1945, 0x1945, 0x2145, 0x2145, 0x2145, 0x2145, 0x2145, 0x2145, 
	0x1945, 0x2145, 0x2145, 0x2145, 0x2145, 0x2145, 0x2145, 0x1945, 0x2145, 0x2145, 0x2145, 0x2145, 0x2145, 0x2145, 0x2145, 0x2125, 
	0x2145, 0x2145, 0x2145, 0x2145, 0x2145, 0x2145, 0x2145, 0x2125, 0x2125, 0x2145, 0x2145, 0x2145, 0x2145, 0x2145, 0x2145, 0x2145, 
	0x2145, 0x2145, 0x2145, 0x2145, 0x2145, 0x2145, 0x2145, 0x2145, 0x2145, 0x2145, 0x2145, 0x1945, 0x1945, 0x2145, 0x2145, 0x2145, 
	0x2145, 0x2145, 0x2145, 0x2145, 0x2145, 0x2145, 0x2145, 0x2145, 0x2145, 0x2145, 0x2145, 0x2145, 0x2145, 0x2145, 0x2145, 0x2145, 
	0x2145, 0x1945, 0x1945, 0x1945, 0x1945, 0x1945, 0x1945, 0x1945, 0x2145, 0x2145, 0x1945, 0x1945, 0x2145, 0x2145, 0x2145, 0x2125, 
	0x2145, 0x2125, 0x2125, 0x2125, 0x2145, 0x2145, 0x2145, 0x2145, 0x2146, 0x2145, 0x2125, 0x2145, 0x2145, 0x2145, 0x2166, 0x2146, 
	0x2146, 0x2166, 0x1925, 0x2146, 0x1925, 0x2166, 0x1925, 0x1945, 0x2145, 0x1925, 0x2166, 0x2166, 0x29a7, 0x2166, 0x2186, 0x1925, 
	0x3a29, 0x8471, 0x94d3, 0x7c30, 0x4acb, 0x5b2c, 0x5b2c, 0x5b2c, 0x634d, 0x7c51, 0x8451, 0x1945, 0x1104, 0x1904, 0x1904, 0x1904, 
	0x31c7, 0x6b8e, 0x7c31, 0x7c30, 0x6b8e, 0x5b2d, 0x7c31, 0x8cb3, 0x4aab, 0x08a3, 0x2125, 0x1905, 0x2125, 0x2125, 0x2125, 0x2146, 
	0x2146, 0x2146, 0x2146, 0x2145, 0x2146, 0x2146, 0x2145, 0x2125, 0x2966, 0x2986, 0x2986, 0x1925, 0x7c10, 0x94f4, 0x5b4d, 0x4acb, 
	0x52eb, 0x4acb, 0x52eb, 0x4acb, 0x4acb, 0x4acb, 0x4acb, 0x5b2d, 0x5b4d, 0x5b4d, 0x5b4d, 0x5b4d, 0x634d, 0x5b4d, 0x5b4d, 0x5b2d, 
	0x73ef, 0x8c92, 0x3208, 0x10c3, 0x1924, 0x2145, 0x1925, 0x1925, 0x2166, 0x2145, 0x2145, 0x2145, 0x2145, 0x2145, 0x2145, 0x2146, 
	0x2986, 0x2166, 0x2166, 0x2166, 0x2986, 0x2986, 0x7c10, 0x8cb2, 0x8431, 0x73af, 0x7c31, 0x8cb2, 0x8cb2, 0x73cf, 0x3a08, 0x10c3, 
	0x1925, 0x10e4, 0x1925, 0x2145, 0x1905, 0x1925, 0x2145, 0x1925, 0x2145, 0x2145, 0x2146, 0x2146, 0x2145, 0x2145, 0x2145, 0x2145, 
	0x2145, 0x2145, 0x1945, 0x1945, 0x1945, 0x2145, 0x2145, 0x2145, 0x2145, 0x2145, 0x2145, 0x2145, 0x2145, 0x2145, 0x2145, 0x2145, 
	0x2145, 0x2145, 0x2145, 0x1945, 0x1945, 0x2145, 0x2145, 0x2145, 0x2145, 0x2145, 0x2145, 0x2145, 0x2145, 0x2145, 0x2145, 0x2145, 
	0x2146, 0x2145, 0x2145, 0x2145, 0x2145, 0x2145, 0x2145, 0x2145, 0x2145, 0x2145, 0x2145, 0x2145, 0x2145, 0x2145, 0x2145, 0x2145, 
	0x2145, 0x2145, 0x2145, 0x2145, 0x2145, 0x2145, 0x2145, 0x2145, 0x2145, 0x2145, 0x2145, 0x1945, 0x1945, 0x1945, 0x2145, 0x2145, 
	0x2145, 0x2145, 0x2145, 0x2145, 0x1925, 0x1925, 0x2145, 0x1945, 0x1945, 0x2145, 0x2145, 0x2145, 0x1945, 0x1945, 0x1945, 0x2145, 
	0x1945, 0x1945, 0x1945, 0x1945, 0x2145, 0x2145, 0x2145, 0x2145, 0x2146, 0x2145, 0x2145, 0x2145, 0x2145, 0x2145, 0x2145, 0x2145, 
	0x2145, 0x2125, 0x2125, 0x2125, 0x2125, 0x2145, 0x2145, 0x2145, 0x2146, 0x2145, 0x2125, 0x2145, 0x2145, 0x2145, 0x2146, 0x2145, 
	0x2146, 0x2146, 0x2145, 0x2146, 0x2146, 0x2145, 0x2146, 0x2166, 0x2166, 0x2986, 0x1925, 0x2186, 0x2145, 0x2166, 0x1945, 0x3a08, 
	0x8492, 0x94f4, 0x7c31, 0x5b0c, 0x5b0c, 0x634d, 0x52ec, 0x5b2d, 0x7c10, 0x8cb2, 0x4aab, 0x10c3, 0x1904, 0x1925, 0x1904, 0x1925, 
	0x10e4, 0x1904, 0x426a, 0x6baf, 0x8451, 0x7c31, 0x8c92, 0x4a8a, 0x10a3, 0x2146, 0x1904, 0x2125, 0x2125, 0x2145, 0x1905, 0x2125, 
	0x2125, 0x2146, 0x2146, 0x2146, 0x2146, 0x2146, 0x2146, 0x2146, 0x2166, 0x2125, 0x2986, 0x1925, 0x4aab, 0x94d3, 0x6baf, 0x4aaa, 
	0x4acb, 0x4acb, 0x52eb, 0x4acb, 0x4aeb, 0x52ec, 0x52ec, 0x5b4d, 0x636e, 0x636e, 0x5b4d, 0x5b4d, 0x5b4d, 0x5b4d, 0x5b4d, 0x5b2d, 
	0x8451, 0x7c10, 0x1925, 0x1925, 0x1925, 0x1904, 0x2145, 0x1925, 0x1925, 0x1925, 0x2125, 0x2125, 0x2125, 0x2146, 0x2146, 0x2146, 
	0x2166, 0x2165, 0x2986, 0x2166, 0x2145, 0x2145, 0x29a7, 0x7c10, 0x8c92, 0x8cb2, 0x8cb3, 0x7c30, 0x4a6a, 0x1904, 0x1904, 0x2166, 
	0x2146, 0x2166, 0x2145, 0x1925, 0x1925, 0x1925, 0x2166, 0x2166, 0x2145, 0x2145, 0x2145, 0x2145, 0x2145, 0x2145, 0x2145, 0x2145, 
	0x2145, 0x2145, 0x2145, 0x2145, 0x2145, 0x2145, 0x2145, 0x2145, 0x2145, 0x2145, 0x2145, 0x2145, 0x2145, 0x2145, 0x2145, 0x2145, 
	0x2145, 0x2145, 0x2145, 0x1945, 0x1945, 0x2145, 0x2145, 0x2145, 0x2145, 0x2145, 0x2145, 0x2145, 0x2145, 0x2145, 0x2145, 0x2145, 
	0x2145, 0x2145, 0x2145, 0x2145, 0x2145, 0x2145, 0x2145, 0x2145, 0x2145, 0x2145, 0x2145, 0x2145, 0x2145, 0x2145, 0x2145, 0x2145, 
	0x2145, 0x2145, 0x2145, 0x2145, 0x2145, 0x2145, 0x1945, 0x1945, 0x2145, 0x2145, 0x2145, 0x1945, 0x1945, 0x2145, 0x2145, 0x2145, 
	0x2145, 0x2145, 0x2145, 0x2145, 0x2145, 0x2145, 0x2145, 0x2145, 0x1925, 0x2145, 0x2145, 0x2145, 0x2145, 0x1925, 0x2145, 0x2145, 
	0x1945, 0x1945, 0x2145, 0x2145, 0x2145, 0x2145, 0x2145, 0x2145, 0x2145, 0x2145, 0x2145, 0x2145, 0x2145, 0x2145, 0x2145, 0x2145, 
	0x2145, 0x2145, 0x2125, 0x2125, 0x2125, 0x2125, 0x2125, 0x2125, 0x2145, 0x2145, 0x2125, 0x2145, 0x2146, 0x2146, 0x2146, 0x2145, 
	0x2145, 0x2145, 0x2145, 0x2145, 0x2145, 0x2145, 0x2145, 0x2146, 0x2145, 0x1904, 0x2146, 0x2145, 0x2145, 0x2166, 0x31e8, 0x8472, 
	0x94f4, 0x8451, 0x634d, 0x5b2c, 0x636d, 0x5b2d, 0x5b2d, 0x7c30, 0x9cf4, 0x73af, 0x10e4, 0x18e4, 0x1904, 0x1904, 0x1905, 0x2146, 
	0x2145, 0x1904, 0x10c3, 0x2145, 0x52cc, 0x8431, 0x4aab, 0x08a3, 0x1925, 0x1905, 0x1925, 0x1925, 0x1925, 0x2125, 0x1925, 0x2125, 
	0x2125, 0x2125, 0x2146, 0x2146, 0x2146, 0x2146, 0x2146, 0x2146, 0x2966, 0x1925, 0x1925, 0x1905, 0x31c7, 0x8cb3, 0x73cf, 0x4a8a, 
	0x4aab, 0x4acb, 0x4acb, 0x4acb, 0x4acb, 0x52ec, 0x52eb, 0x5b2d, 0x636d, 0x5b4d, 0x5b4d, 0x5b4d, 0x5b2d, 0x634d, 0x5b2d, 0x636d, 
	0x8472, 0x6bae, 0x10e4, 0x1904, 0x1904, 0x1904, 0x2145, 0x1925, 0x1925, 0x1925, 0x2125, 0x2146, 0x2126, 0x2126, 0x2146, 0x2146, 
	0x1925, 0x2165, 0x2145, 0x2166, 0x2145, 0x2166, 0x2166, 0x2986, 0x8451, 0x7c31, 0x5b0c, 0x2145, 0x1904, 0x2966, 0x2166, 0x2145, 
	0x2146, 0x2125, 0x1925, 0x2125, 0x2125, 0x1925, 0x1925, 0x1925, 0x1925, 0x1945, 0x1945, 0x2145, 0x2145, 0x2145, 0x2145, 0x2145, 
	0x1945, 0x1945, 0x2145, 0x2145, 0x2145, 0x2145, 0x1945, 0x1945, 0x2145, 0x2145, 0x2145, 0x2145, 0x2145, 0x2145, 0x2145, 0x2145, 
	0x2145, 0x2145, 0x2145, 0x1945, 0x1945, 0x2145, 0x2145, 0x1945, 0x2145, 0x2145, 0x2145, 0x2125, 0x2125, 0x2145, 0x2145, 0x2145, 
	0x2145, 0x1945, 0x1945, 0x2145, 0x2145, 0x2125, 0x2125, 0x2145, 0x2145, 0x2145, 0x2145, 0x2145, 0x2145, 0x2145, 0x2145, 0x2145, 
	0x1925, 0x2145, 0x2145, 0x2145, 0x2145, 0x2145, 0x2145, 0x1925, 0x2145, 0x2145, 0x2145, 0x2145, 0x2145, 0x2145, 0x2145, 0x2145, 
	0x2145, 0x2145, 0x2145, 0x2145, 0x2145, 0x2145, 0x2145, 0x2145, 0x2145, 0x2145, 0x2145, 0x2145, 0x2145, 0x2145, 0x2145, 0x2145, 
	0x2145, 0x1945, 0x2145, 0x2145, 0x2145, 0x2145, 0x2145, 0x2145, 0x2145, 0x2145, 0x2145, 0x2145, 0x2145, 0x2145, 0x2145, 0x2145, 
	0x2145, 0x2125, 0x2125, 0x2125, 0x2125, 0x2125, 0x1925, 0x1925, 0x2125, 0x2125, 0x2125, 0x2125, 0x2145, 0x2145, 0x2145, 0x2125, 
	0x2145, 0x2145, 0x2145, 0x2145, 0x2145, 0x2145, 0x2146, 0x2146, 0x2145, 0x2987, 0x2145, 0x2145, 0x1925, 0x31c7, 0x8451, 0x94b3, 
	0x8451, 0x634d, 0x632d, 0x6b6e, 0x634d, 0x6b8e, 0x8c72, 0x9cf4, 0x7bf0, 0x2145, 0x1925, 0x2145, 0x2145, 0x2125, 0x2146, 0x2125, 
	0x1905, 0x2145, 0x18e4, 0x2145, 0x10a3, 0x2986, 0x18e4, 0x1925, 0x2125, 0x1925, 0x1925, 0x1925, 0x1925, 0x2145, 0x1925, 0x2145, 
	0x1925, 0x1925, 0x2125, 0x2145, 0x2145, 0x2145, 0x2145, 0x2145, 0x1905, 0x2145, 0x1925, 0x1905, 0x2146, 0x7c31, 0x7c31, 0x4aaa, 
	0x4aaa, 0x4acb, 0x4acb, 0x4acb, 0x4acb, 0x52eb, 0x52cb, 0x5b2d, 0x5b4d, 0x5b4d, 0x5b4d, 0x636d, 0x5b2c, 0x634d, 0x5b2d, 0x6bae, 
	0x8c92, 0x52ec, 0x10c3, 0x1904, 0x1925, 0x1905, 0x1925, 0x1925, 0x1925, 0x2125, 0x2125, 0x2126, 0x2126, 0x2126, 0x2146, 0x2146, 
	0x2166, 0x2145, 0x1924, 0x2145, 0x2145, 0x2986, 0x2145, 0x1925, 0x31c7, 0x29a7, 0x1904, 0x1925, 0x2145, 0x1904, 0x2145, 0x2966, 
	0x2145, 0x1925, 0x1925, 0x2145, 0x2146, 0x2145, 0x2145, 0x2145, 0x1945, 0x1945, 0x1945, 0x1945, 0x2145, 0x2145, 0x2145, 0x2145, 
	0x1945, 0x1945, 0x1945, 0x2145, 0x2145, 0x2145, 0x2145, 0x2145, 0x2145, 0x2145, 0x2145, 0x2145, 0x2145, 0x2145, 0x2145, 0x2145, 
	0x1945, 0x2145, 0x2145, 0x1945, 0x1945, 0x2145, 0x2145, 0x1945, 0x2145, 0x2145, 0x2145, 0x2125, 0x2125, 0x2125, 0x2125, 0x2145, 
	0x1945, 0x1945, 0x1925, 0x1925, 0x2145, 0x2145, 0x2145, 0x2145, 0x1925, 0x2145, 0x2145, 0x2145, 0x2145, 0x2145, 0x2145, 0x2145, 
	0x2145, 0x2145, 0x2145, 0x2145, 0x2145, 0x2145, 0x2145, 0x2145, 0x2145, 0x2145, 0x2145, 0x2145, 0x2145, 0x2145, 0x2145, 0x2145, 
	0x2145, 0x2145, 0x2145, 0x2145, 0x2145, 0x2145, 0x2145, 0x2145, 0x2145, 0x2145, 0x2145, 0x2145, 0x2145, 0x2145, 0x2145, 0x2145, 
	0x2145, 0x2145, 0x2145, 0x2145, 0x2145, 0x2145, 0x2145, 0x2145, 0x2145, 0x2145, 0x2145, 0x2145, 0x2145, 0x2145, 0x2145, 0x2145, 
	0x2145, 0x2145, 0x2125, 0x2125, 0x2145, 0x2145, 0x2125, 0x2125, 0x2145, 0x2145, 0x2145, 0x2145, 0x2145, 0x2145, 0x2145, 0x2145, 
	0x2145, 0x2145, 0x2146, 0x2146, 0x2146, 0x2146, 0x2146, 0x2146, 0x1925, 0x2125, 0x2145, 0x1905, 0x29a7, 0x7c10, 0x8cb3, 0x8451, 
	0x632d, 0x5b0c, 0x634d, 0x6b6e, 0x7c10, 0x94d3, 0x94f3, 0x73cf, 0x2966, 0x1904, 0x2966, 0x1904, 0x2145, 0x2145, 0x1905, 0x2125, 
	0x2166, 0x1905, 0x2146, 0x18e4, 0x2145, 0x18e4, 0x1925, 0x1925, 0x2125, 0x1925, 0x2145, 0x2125, 0x2125, 0x2145, 0x2125, 0x2145, 
	0x2125, 0x2125, 0x2146, 0x2145, 0x2145, 0x2145, 0x2145, 0x2145, 0x2146, 0x2146, 0x1904, 0x1905, 0x10c3, 0x634d, 0x8472, 0x5b0c, 
	0x4aab, 0x4acb, 0x52cb, 0x52eb, 0x52cb, 0x52cb, 0x4acb, 0x5b2c, 0x5b4d, 0x5b4d, 0x5b2c, 0x636d, 0x5b2d, 0x634d, 0x5b2d, 0x73f0, 
	0x8c92, 0x3a29, 0x10c3, 0x1904, 0x1925, 0x1925, 0x1925, 0x1925, 0x1925, 0x1925, 0x2125, 0x2146, 0x2126, 0x2126, 0x2146, 0x2146, 
	0x2145, 0x2166, 0x2166, 0x2186, 0x2145, 0x2145, 0x2145, 0x2166, 0x2145, 0x2145, 0x2145, 0x2145, 0x2145, 0x2145, 0x2125, 0x1925, 
	0x2145, 0x2145, 0x2145, 0x2146, 0x2146, 0x2145, 0x2145, 0x2145, 0x2145, 0x2145, 0x1945, 0x1945, 0x2145, 0x2145, 0x2145, 0x2145, 
	0x2145, 0x2145, 0x2145, 0x2145, 0x2145, 0x1945, 0x1945, 0x1925, 0x2145, 0x2145, 0x2145, 0x2145, 0x2145, 0x2145, 0x2145, 0x2145, 
	0x1925, 0x1945, 0x2145, 0x2145, 0x2145, 0x2145, 0x2145, 0x1945, 0x2145, 0x2145, 0x2145, 0x2145, 0x2145, 0x2145, 0x2145, 0x2145, 
	0x2145, 0x2145, 0x1945, 0x1945, 0x2145, 0x2145, 0x2145, 0x2145, 0x2145, 0x2145, 0x2145, 0x2145, 0x2145, 0x2145, 0x2145, 0x2145, 
	0x2145, 0x2145, 0x2145, 0x2145, 0x2145, 0x2145, 0x2145, 0x2145, 0x2145, 0x2145, 0x2145, 0x2145, 0x2145, 0x2145, 0x2145, 0x2145, 
	0x2145, 0x2145, 0x2145, 0x2125, 0x2125, 0x2145, 0x2145, 0x2145, 0x2145, 0x2145, 0x2145, 0x2145, 0x2145, 0x2145, 0x2145, 0x2145, 
	0x2145, 0x2145, 0x2145, 0x2145, 0x2145, 0x2145, 0x2145, 0x2145, 0x2145, 0x2145, 0x2145, 0x2145, 0x2145, 0x2145, 0x2145, 0x2145, 
	0x2145, 0x2145, 0x2145, 0x2145, 0x2145, 0x2145, 0x2145, 0x2145, 0x2145, 0x2145, 0x2145, 0x2145, 0x2145, 0x2145, 0x2145, 0x2145, 
	0x2145, 0x2145, 0x2146, 0x2146, 0x2146, 0x2146, 0x2146, 0x2166, 0x2166, 0x29a7, 0x2145, 0x2986, 0x7c31, 0x8472, 0x7c10, 0x5b2d, 
	0x632d, 0x73af, 0x8451, 0x8cb3, 0x9cf4, 0x8472, 0x52cb, 0x2145, 0x1925, 0x2145, 0x2146, 0x2966, 0x1925, 0x2145, 0x2166, 0x2125, 
	0x2125, 0x2125, 0x2125, 0x1925, 0x1905, 0x2125, 0x1905, 0x1925, 0x2125, 0x1925, 0x2145, 0x2145, 0x2145, 0x2145, 0x2125, 0x2145, 
	0x2145, 0x2146, 0x2146, 0x2146, 0x2145, 0x2125, 0x2125, 0x2125, 0x1925, 0x1925, 0x1905, 0x2166, 0x10e4, 0x52cb, 0x8c92, 0x636e, 
	0x4aaa, 0x4aab, 0x4acb, 0x52eb, 0x52cb, 0x52cb, 0x4aab, 0x5b0c, 0x5b2d, 0x5b2c, 0x5b0c, 0x634d, 0x5b4d, 0x5b4d, 0x5b4d, 0x7c31, 
	0x8472, 0x29a6, 0x1924, 0x1904, 0x1905, 0x1925, 0x2125, 0x1925, 0x1925, 0x1925, 0x2125, 0x2125, 0x2125, 0x2126, 0x2126, 0x2146, 
	0x1925, 0x2145, 0x2145, 0x2166, 0x2145, 0x2145, 0x2145, 0x2166, 0x2145, 0x1925, 0x2145, 0x2125, 0x2125, 0x2145, 0x2125, 0x2145, 
	0x2145, 0x2146, 0x2146, 0x2145, 0x2145, 0x2145, 0x2145, 0x1925, 0x2145, 0x2145, 0x1945, 0x1945, 0x2145, 0x2145, 0x2145, 0x2145, 
	0x2145, 0x2145, 0x2145, 0x2145, 0x2145, 0x2145, 0x1945, 0x1925, 0x2145, 0x2145, 0x2145, 0x2145, 0x2145, 0x2145, 0x2145, 0x2145, 
	0x1945, 0x1945, 0x2145, 0x2145, 0x2145, 0x2145, 0x2145, 0x2145, 0x2145, 0x2125, 0x2145, 0x2145, 0x2145, 0x2145, 0x2145, 0x2145, 
	0x2146, 0x2145, 0x2145, 0x2145, 0x2145, 0x2145, 0x2145, 0x2145, 0x2145, 0x2145, 0x2145, 0x2145, 0x2145, 0x2145, 0x2145, 0x2145, 
	0x2145, 0x2145, 0x2145, 0x2145, 0x2145, 0x2145, 0x2145, 0x2145, 0x2145, 0x2145, 0x2125, 0x2125, 0x2145, 0x2145, 0x2145, 0x2125, 
	0x2145, 0x2145, 0x2145, 0x2145, 0x2145, 0x2145, 0x2145, 0x2145, 0x2145, 0x2145, 0x2145, 0x2145, 0x2145, 0x2145, 0x2145, 0x2145, 
	0x2145, 0x2145, 0x2145, 0x1945, 0x2145, 0x2145, 0x2145, 0x2145, 0x2145, 0x2145, 0x2145, 0x2145, 0x2145, 0x2145, 0x2145, 0x2145, 
	0x2145, 0x2125, 0x2125, 0x2125, 0x2145, 0x2145, 0x2125, 0x2125, 0x2125, 0x2125, 0x2125, 0x2125, 0x1925, 0x1925, 0x2125, 0x2125, 
	0x2145, 0x2145, 0x2145, 0x2145, 0x2145, 0x2146, 0x2146, 0x2166, 0x2146, 0x2166, 0x31e8, 0x7c10, 0x8472, 0x8451, 0x8451, 0x7c31, 
	0x8c72, 0x8c92, 0x94d3, 0x8cb2, 0x634d, 0x31c7, 0x2145, 0x2986, 0x2986, 0x2166, 0x2145, 0x2125, 0x2966, 0x2146, 0x2125, 0x2146, 
	0x2166, 0x2125, 0x1925, 0x2125, 0x1925, 0x1925, 0x1905, 0x1925, 0x2125, 0x1925, 0x2145, 0x2125, 0x2125, 0x2145, 0x1925, 0x2125, 
	0x1925, 0x2125, 0x2125, 0x2125, 0x1925, 0x1925, 0x1925, 0x1925, 0x1925, 0x2145, 0x1925, 0x2145, 0x10e4, 0x3a08, 0x8cb3, 0x73cf, 
	0x4acb, 0x52cb, 0x4acb, 0x52cb, 0x52cb, 0x52cb, 0x4aab, 0x5b0c, 0x5b4d, 0x5b2d, 0x5b4d, 0x5b4d, 0x5b4d, 0x5b2c, 0x636e, 0x8492, 
	0x73f0, 0x2145, 0x2145, 0x1925, 0x1904, 0x1925, 0x1925, 0x2145, 0x1925, 0x1925, 0x1925, 0x1925, 0x2125, 0x2125, 0x2126, 0x2146, 
	0x2145, 0x2145, 0x1925, 0x2145, 0x1925, 0x2145, 0x1925, 0x1925, 0x2146, 0x2146, 0x1925, 0x2146, 0x2145, 0x1905, 0x2145, 0x2125, 
	0x2125, 0x2145, 0x2145, 0x1925, 0x1925, 0x2145, 0x2145, 0x2145, 0x2145, 0x2145, 0x1945, 0x2145, 0x2145, 0x2145, 0x2145, 0x2145, 
	0x2145, 0x2145, 0x2145, 0x2145, 0x2165, 0x2165, 0x2165, 0x2145, 0x2145, 0x2145, 0x2145, 0x2145, 0x2145, 0x2145, 0x2145, 0x2145, 
	0x2145, 0x2145, 0x2145, 0x1945, 0x1945, 0x1945, 0x1945, 0x2145, 0x2145, 0x1925, 0x2125, 0x2145, 0x2145, 0x2125, 0x2125, 0x2145, 
	0x2145, 0x2145, 0x2145, 0x2145, 0x2145, 0x2145, 0x2145, 0x1925, 0x2145, 0x2145, 0x2145, 0x2145, 0x2145, 0x2145, 0x2145, 0x2145, 
	0x2145, 0x2145, 0x2145, 0x2146, 0x2146, 0x2145, 0x2145, 0x2145, 0x2145, 0x2145, 0x2125, 0x2125, 0x2145, 0x2145, 0x2145, 0x2125, 
	0x2145, 0x2145, 0x2145, 0x2145, 0x2145, 0x2145, 0x2145, 0x2145, 0x2145, 0x2145, 0x2145, 0x2145, 0x2145, 0x2145, 0x2145, 0x2145, 
	0x2145, 0x2145, 0x1945, 0x1945, 0x1945, 0x1945, 0x2145, 0x2145, 0x2145, 0x2145, 0x2145, 0x2145, 0x2145, 0x2145, 0x2145, 0x2145, 
	0x2145, 0x2145, 0x2125, 0x2125, 0x2145, 0x2145, 0x2145, 0x2125, 0x2125, 0x2125, 0x2125, 0x1925, 0x1925, 0x2125, 0x2125, 0x2125, 
	0x2145, 0x2145, 0x2145, 0x2145, 0x2145, 0x2145, 0x2146, 0x2146, 0x2986, 0x1925, 0x634d, 0x8cb3, 0x7c30, 0x8471, 0x7c31, 0x7c31, 
	0x7c10, 0x73cf, 0x52ec, 0x31c7, 0x10e4, 0x2145, 0x2166, 0x2145, 0x2145, 0x2145, 0x2166, 0x1925, 0x2145, 0x2146, 0x2146, 0x2146, 
	0x1925, 0x2125, 0x2125, 0x2146, 0x1925, 0x1925, 0x1905, 0x2125, 0x2125, 0x1925, 0x2145, 0x2125, 0x2125, 0x2145, 0x1925, 0x1925, 
	0x1925, 0x2125, 0x2125, 0x2125, 0x1925, 0x1925, 0x1925, 0x1925, 0x1905, 0x2146, 0x1925, 0x2145, 0x2145, 0x1924, 0x7c31, 0x7c30, 
	0x4aab, 0x4aab, 0x4a8a, 0x4a8a, 0x428a, 0x4a8a, 0x428a, 0x52cb, 0x52cb, 0x52cb, 0x5b0c, 0x52ec, 0x530c, 0x5b0c, 0x6b8e, 0x8cb2, 
	0x634d, 0x1904, 0x2145, 0x2145, 0x1925, 0x2125, 0x1925, 0x2145, 0x2125, 0x1925, 0x1925, 0x1925, 0x2125, 0x2125, 0x2125, 0x2125, 
	0x2145, 0x2146, 0x2146, 0x2145, 0x1925, 0x1925, 0x2145, 0x2146, 0x1925, 0x2125, 0x2145, 0x1925, 0x1925, 0x2145, 0x2146, 0x1925, 
	0x1925, 0x2145, 0x2145, 0x1925, 0x1925, 0x2145, 0x2145, 0x2145, 0x2145, 0x2145, 0x2145, 0x2145, 0x2145, 0x2145, 0x2145, 0x2145, 
	0x2145, 0x2145, 0x2145, 0x2145, 0x2145, 0x2145, 0x2145, 0x2145, 0x2145, 0x2145, 0x2145, 0x2125, 0x2125, 0x2125, 0x2125, 0x2145, 
	0x2145, 0x2145, 0x2145, 0x1945, 0x1945, 0x1925, 0x1945, 0x2145, 0x2145, 0x2145, 0x2145, 0x2145, 0x2145, 0x2145, 0x1925, 0x2145, 
	0x2145, 0x1945, 0x1945, 0x2145, 0x2145, 0x2145, 0x2145, 0x2145, 0x2145, 0x2145, 0x2145, 0x2145, 0x2145, 0x2145, 0x2145, 0x2145, 
	0x2145, 0x2145, 0x2145, 0x2146, 0x2146, 0x2145, 0x2125, 0x2125, 0x2145, 0x2145, 0x2145, 0x2145, 0x2145, 0x2145, 0x2145, 0x2145, 
	0x2145, 0x2145, 0x2145, 0x2145, 0x2145, 0x2145, 0x2145, 0x2145, 0x2145, 0x2145, 0x2145, 0x2145, 0x2145, 0x2145, 0x2145, 0x2145, 
	0x2145, 0x2145, 0x2145, 0x1945, 0x2145, 0x2145, 0x2145, 0x2145, 0x2145, 0x2145, 0x2145, 0x2145, 0x2145, 0x2145, 0x2145, 0x2145, 
	0x2145, 0x2145, 0x2145, 0x2145, 0x2145, 0x2145, 0x2145, 0x2145, 0x2145, 0x2145, 0x2125, 0x2125, 0x2145, 0x2145, 0x2145, 0x2145, 
	0x2125, 0x2125, 0x2145, 0x2125, 0x2125, 0x2145, 0x2145, 0x2145, 0x2166, 0x2166, 0x2165, 0x2145, 0x31c7, 0x29a7, 0x29a7, 0x2166, 
	0x2145, 0x1925, 0x1904, 0x2145, 0x2165, 0x2145, 0x2145, 0x2166, 0x2165, 0x2166, 0x1925, 0x2166, 0x2166, 0x2146, 0x2146, 0x2146, 
	0x2166, 0x2146, 0x2125, 0x1925, 0x2146, 0x2146, 0x2145, 0x1905, 0x2125, 0x1925, 0x2145, 0x2125, 0x2125, 0x2145, 0x1925, 0x1925, 
	0x2125, 0x2125, 0x2145, 0x2145, 0x2125, 0x2125, 0x2145, 0x2145, 0x2146, 0x2145, 0x1925, 0x2145, 0x2166, 0x10e4, 0x636e, 0x94d3, 
	0x8451, 0x8451, 0x73f0, 0x6baf, 0x6b8e, 0x636e, 0x5b2d, 0x634d, 0x634d, 0x634d, 0x6b8e, 0x6b8e, 0x6baf, 0x73cf, 0x7c30, 0x8cb3, 
	0x426a, 0x1924, 0x2145, 0x2145, 0x2145, 0x2146, 0x1925, 0x2146, 0x2145, 0x2125, 0x2125, 0x2125, 0x2125, 0x2146, 0x2146, 0x2145, 
	0x2125, 0x1925, 0x2125, 0x1925, 0x1925, 0x2125, 0x2145, 0x2145, 0x2145, 0x1925, 0x2146, 0x2125, 0x2145, 0x2166, 0x1925, 0x2166, 
	0x2145, 0x2145, 0x2145, 0x2145, 0x1945, 0x1945, 0x2145, 0x2145, 0x2145, 0x2145, 0x2145, 0x2145, 0x2145, 0x2145, 0x2145, 0x2145, 
	0x2145, 0x2145, 0x2145, 0x2145, 0x2145, 0x1945, 0x1945, 0x1925, 0x2145, 0x2145, 0x2145, 0x2125, 0x2125, 0x2125, 0x2125, 0x2145, 
	0x2145, 0x2145, 0x2145, 0x2145, 0x2145, 0x1925, 0x2145, 0x2145, 0x2145, 0x2145, 0x2145, 0x2145, 0x2145, 0x2145, 0x2145, 0x2145, 
	0x2145, 0x2145, 0x1945, 0x2145, 0x2145, 0x2145, 0x2145, 0x2145, 0x2145, 0x2145, 0x2145, 0x2145, 0x2145, 0x2145, 0x2145, 0x2145, 
	0x2145, 0x2125, 0x2145, 0x2145, 0x2145, 0x2145, 0x2145, 0x2145, 0x2145, 0x2145, 0x2145, 0x2145, 0x2145, 0x2145, 0x2145, 0x2145, 
	0x2145, 0x2145, 0x2145, 0x2145, 0x2145, 0x2145, 0x2145, 0x2145, 0x2145, 0x2145, 0x2146, 0x2145, 0x2145, 0x2145, 0x2145, 0x2146, 
	0x2145, 0x2145, 0x2145, 0x2145, 0x2145, 0x2145, 0x2145, 0x2145, 0x2145, 0x2145, 0x2145, 0x2145, 0x2145, 0x2145, 0x2145, 0x2145, 
	0x2145, 0x2145, 0x2145, 0x2145, 0x2145, 0x2145, 0x2145, 0x2145, 0x2145, 0x2145, 0x1925, 0x2145, 0x2145, 0x2145, 0x2145, 0x2145, 
	0x2145, 0x2145, 0x2145, 0x2145, 0x1925, 0x2145, 0x2145, 0x2145, 0x1925, 0x2145, 0x2145, 0x2145, 0x2145, 0x1925, 0x1904, 0x2145, 
	0x1904, 0x1925, 0x2166, 0x2145, 0x2145, 0x2166, 0x2166, 0x2145, 0x2145, 0x2166, 0x2166, 0x2145, 0x2145, 0x2146, 0x2146, 0x2146, 
	0x2145, 0x2125, 0x1925, 0x2166, 0x2146, 0x2145, 0x2125, 0x2145, 0x2145, 0x2145, 0x2145, 0x2145, 0x2145, 0x2145, 0x1925, 0x2145, 
	0x2125, 0x2125, 0x2145, 0x2145, 0x2145, 0x2145, 0x2145, 0x2145, 0x2145, 0x2145, 0x2145, 0x2986, 0x2145, 0x1904, 0x3a28, 0x7c31, 
	0x7c31, 0x8451, 0x7c31, 0x8451, 0x8472, 0x8c92, 0x8472, 0x8c92, 0x8c92, 0x8471, 0x8471, 0x8451, 0x8451, 0x8451, 0x73ef, 0x73cf, 
	0x2986, 0x1925, 0x2145, 0x2145, 0x2145, 0x2166, 0x2125, 0x2145, 0x2145, 0x2145, 0x2125, 0x2125, 0x2145, 0x2146, 0x2146, 0x2145, 
	0x2125, 0x2125, 0x2145, 0x2125, 0x2145, 0x2125, 0x2145, 0x2125, 0x2125, 0x2146, 0x1925, 0x2145, 0x2146, 0x2125, 0x2145, 0x2145, 
	0x2145, 0x2145, 0x2145, 0x2145, 0x2145, 0x2145, 0x2145, 0x2145, 0x2145, 0x2165, 0x2165, 0x2145, 0x2145, 0x1945, 0x2145, 0x2145, 
	0x2165, 0x2145, 0x2145, 0x2145, 0x2145, 0x2145, 0x2145, 0x2145, 0x2145, 0x2145, 0x2125, 0x2125, 0x2125, 0x2125, 0x2125, 0x2145, 
	0x1925, 0x1925, 0x2145, 0x2145, 0x2145, 0x1925, 0x2145, 0x2145, 0x2145, 0x1945, 0x1945, 0x2145, 0x2145, 0x2145, 0x2145, 0x2165, 
	0x2165, 0x2145, 0x1945, 0x1925, 0x2145, 0x2145, 0x2145, 0x2145, 0x2145, 0x2145, 0x2145, 0x2145, 0x2145, 0x2145, 0x2145, 0x2145, 
	0x2145, 0x2145, 0x2145, 0x2145, 0x2145, 0x2145, 0x2145, 0x2146, 0x2145, 0x2145, 0x2145, 0x2145, 0x2145, 0x2145, 0x2145, 0x2145, 
	0x2146, 0x2145, 0x2145, 0x2145, 0x2125, 0x2145, 0x2145, 0x2145, 0x2125, 0x2145, 0x2145, 0x2145, 0x2145, 0x2145, 0x2145, 0x2145, 
	0x2145, 0x2145, 0x2145, 0x2145, 0x2145, 0x2145, 0x2145, 0x2145, 0x2145, 0x2145, 0x2145, 0x2145, 0x2145, 0x2145, 0x2145, 0x2146, 
	0x2145, 0x1945, 0x1945, 0x1945, 0x2145, 0x2145, 0x1945, 0x1945, 0x2145, 0x2145, 0x1945, 0x1945, 0x1945, 0x2145, 0x2145, 0x2145, 
	0x2145, 0x1945, 0x1945, 0x1945, 0x1945, 0x2145, 0x2145, 0x2145, 0x2145, 0x2145, 0x2145, 0x2145, 0x2145, 0x2145, 0x2145, 0x2145, 
	0x2145, 0x2145, 0x2145, 0x1925, 0x1925, 0x1925, 0x2145, 0x2145, 0x2165, 0x2166, 0x2146, 0x2146, 0x2146, 0x2146, 0x2146, 0x2146, 
	0x2146, 0x2145, 0x2125, 0x2145, 0x2146, 0x2145, 0x2145, 0x2125, 0x2145, 0x2145, 0x2145, 0x2145, 0x1945, 0x1945, 0x1925, 0x1925, 
	0x1925, 0x1945, 0x1945, 0x1945, 0x1945, 0x1945, 0x2145, 0x2145, 0x1925, 0x2186, 0x2145, 0x2166, 0x2166, 0x2166, 0x1104, 0x1904, 
	0x2145, 0x2166, 0x29a6, 0x31c7, 0x31e7, 0x31e8, 0x3a08, 0x3a08, 0x3a08, 0x3a08, 0x31e8, 0x31c7, 0x29a7, 0x2166, 0x2145, 0x1925, 
	0x1925, 0x2145, 0x2145, 0x2145, 0x2145, 0x2146, 0x2145, 0x2145, 0x2145, 0x2125, 0x2125, 0x2125, 0x2125, 0x2125, 0x2125, 0x1925, 
	0x2125, 0x2125, 0x2125, 0x2125, 0x2125, 0x2125, 0x2145, 0x2145, 0x1925, 0x1925, 0x2125, 0x2125, 0x2125, 0x2125, 0x2125, 0x2145, 
	0x2145, 0x2145, 0x2145, 0x2145, 0x2145, 0x2145, 0x2145, 0x2145, 0x2145, 0x2165, 0x2165, 0x2165, 0x2145, 0x2145, 0x2145, 0x2165, 
	0x2145, 0x2145, 0x2145, 0x2145, 0x2145, 0x2145, 0x2145, 0x1945, 0x2145, 0x2125, 0x2125, 0x2125, 0x2125, 0x2125, 0x2125, 0x2145, 
	0x2145, 0x2145, 0x2145, 0x2145, 0x2145, 0x2145, 0x2145, 0x2145, 0x2145, 0x2145, 0x2145, 0x2145, 0x2145, 0x2145, 0x2145, 0x2145, 
	0x2145, 0x2145, 0x2145, 0x2145, 0x2145, 0x2145, 0x2145, 0x2145, 0x2145, 0x2145, 0x2145, 0x2145, 0x2145, 0x2145, 0x2145, 0x2145, 
	0x2145, 0x2145, 0x2145, 0x2145, 0x2145, 0x2145, 0x2146, 0x2146, 0x2145, 0x2145, 0x2145, 0x2145, 0x2145, 0x2145, 0x2145, 0x2145, 
	0x2145, 0x2145, 0x2145, 0x2145, 0x2145, 0x2145, 0x2145, 0x2145, 0x2125, 0x2145, 0x2145, 0x2145, 0x2145, 0x2145, 0x2145, 0x2145, 
	0x2145, 0x2145, 0x2145, 0x2145, 0x2145, 0x2145, 0x2145, 0x2145, 0x2145, 0x2145, 0x2145, 0x2145, 0x2145, 0x2125, 0x2145, 0x2145, 
	0x2145, 0x2145, 0x2145, 0x2145, 0x2145, 0x2145, 0x2145, 0x2145, 0x2145, 0x2145, 0x2145, 0x2145, 0x1945, 0x1945, 0x2145, 0x2145, 
	0x2145, 0x2145, 0x1945, 0x1945, 0x2145, 0x2145, 0x2145, 0x2145, 0x2145, 0x1945, 0x1945, 0x2145, 0x2145, 0x2145, 0x2145, 0x2145, 
	0x2145, 0x2145, 0x2145, 0x2145, 0x2145, 0x2145, 0x2145, 0x2145, 0x2145, 0x2145, 0x2145, 0x2145, 0x2145, 0x2146, 0x2146, 0x2146, 
	0x2146, 0x2145, 0x2145, 0x2145, 0x2145, 0x2145, 0x2145, 0x2145, 0x2145, 0x2145, 0x2145, 0x2145, 0x1945, 0x1945, 0x1945, 0x1945, 
	0x1945, 0x1945, 0x1945, 0x1945, 0x1945, 0x1945, 0x2145, 0x2145, 0x2166, 0x2166, 0x2145, 0x2145, 0x2145, 0x2165, 0x2165, 0x2165, 
	0x1924, 0x1924, 0x1924, 0x1904, 0x10e4, 0x10e4, 0x10e4, 0x10e4, 0x10e4, 0x10e4, 0x1904, 0x1904, 0x1904, 0x1904, 0x1924, 0x1925, 
	0x1925, 0x2145, 0x2145, 0x2145, 0x2145, 0x2146, 0x2145, 0x2145, 0x2145, 0x2145, 0x2125, 0x2125, 0x2125, 0x2145, 0x2125, 0x2125, 
	0x2125, 0x2125, 0x2125, 0x2125, 0x2125, 0x2145, 0x2145, 0x2145, 0x2145, 0x2145, 0x2145, 0x2145, 0x2145, 0x2145, 0x2145, 0x2145, 
	0x2145, 0x2145, 0x2145, 0x2145, 0x2145, 0x2165, 0x2145, 0x2145, 0x2165, 0x2165, 0x2165, 0x2165, 0x2145, 0x2145, 0x2145, 0x2165, 
	0x2145, 0x2145, 0x2145, 0x2145, 0x2145, 0x2145, 0x2145, 0x2145, 0x2145, 0x2125, 0x2125, 0x2145, 0x2145, 0x2125, 0x2125, 0x2145, 
	0x2145, 0x2145, 0x2145, 0x2145, 0x2145, 0x2145, 0x2145, 0x2145, 0x1945, 0x2145, 0x2145, 0x2145, 0x2145, 0x2145, 0x1945, 0x2145, 
	0x2145, 0x2145, 0x2145, 0x2145, 0x2145, 0x2145, 0x2145, 0x2145, 0x2145, 0x2145, 0x2145, 0x2145, 0x2145, 0x2145, 0x2145, 0x2146, 
	0x2145, 0x2145, 0x2145, 0x2145, 0x2145, 0x2145, 0x2145, 0x2145, 0x2145, 0x2145, 0x2145, 0x2145, 0x2145, 0x2145, 0x2145, 0x2145, 
	0x2145, 0x2145, 0x2145, 0x2145, 0x2145, 0x2145, 0x2145, 0x2145, 0x2145, 0x2145, 0x2145, 0x2145, 0x2145, 0x2145, 0x2145, 0x2145, 
	0x2145, 0x2145, 0x1945, 0x1945, 0x2145, 0x2145, 0x2145, 0x2145, 0x2145, 0x2145, 0x2145, 0x2145, 0x2145, 0x2145, 0x2145, 0x2145, 
	0x2145, 0x2145, 0x2145, 0x2145, 0x2145, 0x2145, 0x1945, 0x1945, 0x1925, 0x1945, 0x2145, 0x1945, 0x1925, 0x1925, 0x1945, 0x2145, 
	0x2145, 0x1945, 0x1945, 0x1945, 0x1945, 0x2145, 0x2145, 0x2145, 0x2145, 0x1945, 0x1945, 0x1945, 0x2145, 0x1945, 0x1945, 0x2145, 
	0x2145, 0x2145, 0x2145, 0x2146, 0x2146, 0x2145, 0x2145, 0x1925, 0x2145, 0x2145, 0x2145, 0x2145, 0x2145, 0x2146, 0x2146, 0x2146, 
	0x2145, 0x2145, 0x2146, 0x2146, 0x2145, 0x2145, 0x2145, 0x2145, 0x2145, 0x2145, 0x2145, 0x2145, 0x1945, 0x2145, 0x2145, 0x2145, 
	0x2145, 0x2145, 0x2145, 0x1945, 0x1945, 0x2145, 0x2145, 0x2145, 0x2166, 0x1925, 0x2165, 0x2145, 0x1945, 0x1945, 0x2186, 0x1945, 
	0x2145, 0x2145, 0x1925, 0x1925, 0x1925, 0x1925, 0x1925, 0x2145, 0x1925, 0x1925, 0x1925, 0x1925, 0x2145, 0x2145, 0x2145, 0x2145, 
	0x1925, 0x2146, 0x2145, 0x2145, 0x2145, 0x2145, 0x2145, 0x2145, 0x2145, 0x2145, 0x2145, 0x2145, 0x2145, 0x2145, 0x2145, 0x2125, 
	0x1925, 0x2125, 0x2125, 0x2125, 0x2125, 0x2145, 0x2145, 0x2145, 0x2145, 0x2145, 0x2145, 0x2145, 0x2145, 0x2145, 0x2145, 0x2145, 
	0x2145, 0x2145, 0x2145, 0x2145, 0x2145, 0x2145, 0x2145, 0x1945, 0x2145, 0x2145, 0x2145, 0x2145, 0x2145, 0x2145, 0x2145, 0x2145, 
	0x1945, 0x2145, 0x2146, 0x2146, 0x2145, 0x2145, 0x2145, 0x2145, 0x2145, 0x2145, 0x2145, 0x2145, 0x2145, 0x2145, 0x2125, 0x2145, 
	0x2145, 0x2145, 0x2145, 0x2145, 0x2145, 0x2145, 0x2145, 0x2145, 0x1925, 0x1945, 0x2145, 0x2145, 0x2145, 0x2145, 0x2145, 0x2145, 
	0x2145, 0x2145, 0x2145, 0x2145, 0x2145, 0x2145, 0x2145, 0x2145, 0x2145, 0x2145, 0x2145, 0x2145, 0x2145, 0x2145, 0x2146, 0x2146, 
	0x2145, 0x2145, 0x2145, 0x2145, 0x2145, 0x2145, 0x2145, 0x2145, 0x2145, 0x2145, 0x2145, 0x2145, 0x2145, 0x2145, 0x2145, 0x2145, 
	0x2145, 0x2145, 0x2145, 0x2145, 0x2145, 0x2145, 0x2145, 0x2145, 0x2145, 0x2145, 0x2145, 0x2145, 0x2145, 0x2145, 0x2145, 0x2145, 
	0x2145, 0x2145, 0x2145, 0x2145, 0x2145, 0x2145, 0x2145, 0x2145, 0x2145, 0x2145, 0x2145, 0x2145, 0x2145, 0x2145, 0x2145, 0x2145, 
	0x2145, 0x2145, 0x2145, 0x2145, 0x2145, 0x2145, 0x1945, 0x1945, 0x1945, 0x1945, 0x2145, 0x1945, 0x1945, 0x1945, 0x2145, 0x2145, 
	0x2145, 0x2145, 0x2145, 0x1945, 0x2145, 0x2145, 0x2145, 0x2145, 0x2145, 0x1945, 0x1945, 0x2145, 0x2145, 0x2145, 0x2145, 0x2145, 
	0x2146, 0x2146, 0x2145, 0x2145, 0x2145, 0x2145, 0x2145, 0x1925, 0x2145, 0x2145, 0x2145, 0x2145, 0x2145, 0x2145, 0x2145, 0x2146, 
	0x2146, 0x2145, 0x2146, 0x2146, 0x2145, 0x2145, 0x2145, 0x2146, 0x2145, 0x2145, 0x2145, 0x2145, 0x2145, 0x2145, 0x2145, 0x2145, 
	0x2145, 0x2145, 0x2145, 0x2145, 0x2145, 0x2145, 0x2145, 0x2145, 0x2145, 0x1924, 0x2166, 0x2145, 0x2145, 0x1925, 0x2165, 0x1925, 
	0x1925, 0x1925, 0x1925, 0x1925, 0x2145, 0x2145, 0x2145, 0x2145, 0x2145, 0x2145, 0x2145, 0x2145, 0x2145, 0x2145, 0x2145, 0x2145, 
	0x1945, 0x2146, 0x2145, 0x2145, 0x2145, 0x2145, 0x2125, 0x2145, 0x2145, 0x2145, 0x2145, 0x2145, 0x2145, 0x2145, 0x2145, 0x2145, 
	0x2125, 0x2125, 0x2125, 0x2125, 0x2125, 0x2145, 0x2145, 0x2145, 0x2125, 0x2125, 0x2125, 0x2145, 0x2145, 0x2145, 0x2145, 0x2145, 
	0x2145, 0x2145, 0x2145, 0x2145, 0x2145, 0x2145, 0x2145, 0x1945, 0x1945, 0x2145, 0x2145, 0x2145, 0x2145, 0x2145, 0x2145, 0x2145, 
	0x1945, 0x2145, 0x2145, 0x2145, 0x2145, 0x2145, 0x2145, 0x2145, 0x2145, 0x2145, 0x2145, 0x2145, 0x2145, 0x2145, 0x2125, 0x2145, 
	0x2145, 0x2145, 0x2145, 0x2145, 0x2145, 0x2145, 0x2145, 0x2145, 0x1945, 0x1945, 0x2145, 0x2145, 0x2145, 0x2145, 0x2145, 0x2145, 
	0x2145, 0x2145, 0x1945, 0x2145, 0x2145, 0x2145, 0x2145, 0x2145, 0x2145, 0x2145, 0x2145, 0x2145, 0x2145, 0x2145, 0x2146, 0x2146, 
	0x2145, 0x2145, 0x2145, 0x2145, 0x2145, 0x2145, 0x2145, 0x2125, 0x2145, 0x2145, 0x2145, 0x2145, 0x2145, 0x2145, 0x2145, 0x2145, 
	0x2145, 0x2145, 0x2145, 0x2145, 0x2145, 0x2145, 0x2145, 0x2145, 0x2145, 0x1945, 0x1945, 0x2145, 0x2145, 0x2145, 0x2145, 0x2145, 
	0x2145, 0x2145, 0x2145, 0x2145, 0x2145, 0x2145, 0x2145, 0x2145, 0x2145, 0x2145, 0x2145, 0x2145, 0x2145, 0x2145, 0x2145, 0x2145, 
	0x2145, 0x2145, 0x2165, 0x2165, 0x2145, 0x2145, 0x2145, 0x2145, 0x2165, 0x2145, 0x2145, 0x2145, 0x2145, 0x2145, 0x2145, 0x2145, 
	0x2145, 0x2145, 0x2145, 0x2145, 0x2145, 0x2145, 0x2145, 0x2145, 0x2145, 0x1945, 0x1945, 0x2145, 0x2145, 0x2145, 0x2145, 0x2145, 
	0x2146, 0x1945, 0x1925, 0x1925, 0x1945, 0x2145, 0x2145, 0x1945, 0x2145, 0x2145, 0x2145, 0x2145, 0x2145, 0x2145, 0x2146, 0x2146, 
	0x2146, 0x2145, 0x2146, 0x2146, 0x2146, 0x2145, 0x2145, 0x2146, 0x2145, 0x2146, 0x2146, 0x2166, 0x2146, 0x2145, 0x2145, 0x1945, 
	0x2145, 0x2145, 0x2145, 0x2145, 0x2145, 0x2145, 0x2145, 0x2145, 0x2145, 0x2145, 0x2145, 0x1945, 0x2145, 0x2145, 0x2166, 0x2166, 
	0x2145, 0x2145, 0x2145, 0x2145, 0x2145, 0x2145, 0x1925, 0x1925, 0x1925, 0x1925, 0x1925, 0x2145, 0x2145, 0x2145, 0x2145, 0x2145, 
	0x1945, 0x2146, 0x2145, 0x2145, 0x2145, 0x2125, 0x1925, 0x2125, 0x2125, 0x2125, 0x2145, 0x2125, 0x2125, 0x2125, 0x2125, 0x2125, 
	0x2125, 0x2125, 0x2125, 0x2145, 0x2145, 0x2145, 0x2145, 0x2145, 0x2145, 0x2145, 0x2145, 0x2145, 0x2145, 0x2145, 0x2145, 0x2145, 
	0x2145, 0x2145, 0x2145, 0x2145, 0x2145, 0x2145, 0x2145, 0x2145, 0x1945, 0x2145, 0x2145, 0x2146, 0x2146, 0x2145, 0x2145, 0x2146, 
	0x2145, 0x2145, 0x2145, 0x2145, 0x2145, 0x2145, 0x2145, 0x2125, 0x2145, 0x2145, 0x2145, 0x2145, 0x2145, 0x2145, 0x2125, 0x2145, 
	0x2145, 0x2145, 0x2145, 0x2145, 0x2145, 0x2145, 0x2145, 0x2145, 0x1945, 0x2145, 0x2145, 0x2145, 0x2145, 0x2145, 0x2145, 0x2145, 
	0x2145, 0x2145, 0x2145, 0x2145, 0x2145, 0x2145, 0x2145, 0x2145, 0x2145, 0x2145, 0x2145, 0x2145, 0x2145, 0x2145, 0x2145, 0x2146, 
	0x2146, 0x2145, 0x2125, 0x2125, 0x2145, 0x2145, 0x2145, 0x2125, 0x2145, 0x2145, 0x2145, 0x2145, 0x2145, 0x2145, 0x2145, 0x2145, 
	0x2145, 0x2145, 0x2145, 0x2145, 0x2145, 0x2145, 0x2145, 0x2145, 0x2145, 0x1945, 0x1945, 0x2145, 0x2145, 0x2145, 0x2145, 0x2145, 
	0x2145, 0x2145, 0x2145, 0x2145, 0x2146, 0x2146, 0x2146, 0x2145, 0x2145, 0x2145, 0x2145, 0x2145, 0x2145, 0x2146, 0x2145, 0x2145, 
	0x2145, 0x2165, 0x2165, 0x2145, 0x2145, 0x2145, 0x2145, 0x2145, 0x2165, 0x2165, 0x2145, 0x2145, 0x2145, 0x2145, 0x1945, 0x1925, 
	0x2145, 0x2145, 0x2145, 0x2145, 0x1945, 0x1945, 0x2145, 0x2145, 0x2145, 0x1945, 0x1945, 0x2145, 0x2145, 0x2145, 0x1945, 0x2145, 
	0x2145, 0x1945, 0x1945, 0x1945, 0x2145, 0x2145, 0x1945, 0x1945, 0x1945, 0x2145, 0x2145, 0x2145, 0x2145, 0x2145, 0x2146, 0x2146, 
	0x2146, 0x2145, 0x2145, 0x2146, 0x2146, 0x2146, 0x2145, 0x2145, 0x2146, 0x2166, 0x2166, 0x2166, 0x2166, 0x2146, 0x2145, 0x2145, 
	0x2145, 0x2145, 0x2145, 0x2145, 0x2145, 0x2145, 0x2145, 0x2145, 0x1925, 0x2165, 0x1945, 0x1945, 0x2145, 0x2165, 0x2145, 0x2166, 
	0x2145, 0x2145, 0x2125, 0x2145, 0x2145, 0x2145, 0x2125, 0x2125, 0x2146, 0x2145, 0x2125, 0x1925, 0x1925, 0x2125, 0x2125, 0x2145, 
	0x1945, 0x2145, 0x1945, 0x1925, 0x2145, 0x2145, 0x1925, 0x2125, 0x2125, 0x2125, 0x2125, 0x2125, 0x2125, 0x2125, 0x2125, 0x2125, 
	0x2145, 0x2145, 0x2145, 0x2145, 0x2145, 0x2145, 0x2145, 0x2145, 0x2145, 0x2145, 0x2145, 0x2145, 0x2145, 0x2145, 0x2145, 0x2145, 
	0x2145, 0x2145, 0x2145, 0x2145, 0x2145, 0x2145, 0x2145, 0x2145, 0x1945, 0x2145, 0x2146, 0x2146, 0x2145, 0x2145, 0x2145, 0x2145, 
	0x2145, 0x2145, 0x2145, 0x2145, 0x2145, 0x2145, 0x2145, 0x2125, 0x2125, 0x2125, 0x2145, 0x2145, 0x2145, 0x2145, 0x2145, 0x2145, 
	0x2145, 0x2145, 0x2145, 0x2145, 0x2145, 0x2145, 0x2145, 0x2145, 0x2145, 0x2145, 0x2145, 0x2145, 0x2145, 0x2145, 0x2145, 0x2145, 
	0x2145, 0x2145, 0x2145, 0x2145, 0x2145, 0x2145, 0x2145, 0x2145, 0x2145, 0x2145, 0x2145, 0x2145, 0x2145, 0x2145, 0x2145, 0x2166, 
	0x2146, 0x2145, 0x1925, 0x1925, 0x2145, 0x2145, 0x2145, 0x2145, 0x2145, 0x2145, 0x2145, 0x2145, 0x2145, 0x2145, 0x2145, 0x2145, 
	0x2145, 0x2145, 0x2145, 0x2145, 0x2145, 0x2145, 0x2145, 0x2145, 0x2145, 0x1925, 0x1925, 0x2145, 0x2145, 0x2145, 0x2145, 0x2145, 
	0x2145, 0x2145, 0x2145, 0x2145, 0x2146, 0x2146, 0x2145, 0x2145, 0x2145, 0x2145, 0x2145, 0x2145, 0x2145, 0x2146, 0x2145, 0x2145, 
	0x2145, 0x2145, 0x2145, 0x2145, 0x1945, 0x2145, 0x2145, 0x2145, 0x2145, 0x2145, 0x2145, 0x2145, 0x2145, 0x1945, 0x1945, 0x1925, 
	0x1945, 0x1945, 0x1945, 0x1945, 0x1945, 0x1945, 0x1945, 0x1945, 0x2145, 0x1945, 0x1945, 0x2145, 0x2145, 0x2145, 0x1945, 0x2145, 
	0x2145, 0x2146, 0x2146, 0x2145, 0x2145, 0x1945, 0x1945, 0x1945, 0x1945, 0x2145, 0x2145, 0x2145, 0x2145, 0x2145, 0x2146, 0x2146, 
	0x2146, 0x2145, 0x2145, 0x2146, 0x2146, 0x2145, 0x2145, 0x2145, 0x2146, 0x2146, 0x2146, 0x2146, 0x2145, 0x2145, 0x2145, 0x2145, 
	0x2146, 0x2145, 0x2145, 0x2145, 0x2145, 0x2145, 0x2145, 0x2145, 0x1925, 0x2145, 0x2145, 0x2145, 0x2145, 0x2145, 0x1925, 0x1925, 
	0x2145, 0x2145, 0x2145, 0x2125, 0x2125, 0x2125, 0x2125, 0x2125, 0x2145, 0x2125, 0x1925, 0x1925, 0x2125, 0x2125, 0x2145, 0x2145, 
	0x1945, 0x2145, 0x1945, 0x1945, 0x2145, 0x2145, 0x2145, 0x2145, 0x2125, 0x2125, 0x2125, 0x2125, 0x2125, 0x2125, 0x2125, 0x2125, 
	0x2145, 0x2145, 0x2145, 0x2145, 0x2145, 0x2145, 0x2145, 0x2125, 0x2145, 0x2145, 0x2145, 0x2145, 0x2145, 0x2145, 0x2145, 0x2145, 
	0x2145, 0x2145, 0x1945, 0x1945, 0x1945, 0x1945, 0x1945, 0x1945, 0x1945, 0x1945, 0x2145, 0x2145, 0x2145, 0x2145, 0x2145, 0x2145, 
	0x2145, 0x2145, 0x2145, 0x2145, 0x2145, 0x2145, 0x2145, 0x2145, 0x2125, 0x2125, 0x2145, 0x2145, 0x2145, 0x2145, 0x2145, 0x2145, 
	0x2145, 0x2145, 0x2145, 0x2145, 0x2145, 0x2145, 0x2145, 0x2145, 0x2145, 0x2145, 0x2145, 0x2145, 0x2145, 0x2145, 0x1945, 0x2145, 
	0x1945, 0x2145, 0x2145, 0x2145, 0x2145, 0x2145, 0x2145, 0x2145, 0x2145, 0x2145, 0x2145, 0x2145, 0x2125, 0x2125, 0x2145, 0x2145, 
	0x2145, 0x2145, 0x2145, 0x2145, 0x2145, 0x2145, 0x2145, 0x2145, 0x2145, 0x2145, 0x2145, 0x2145, 0x2145, 0x2145, 0x2145, 0x2145, 
	0x2145, 0x2145, 0x2145, 0x2145, 0x2145, 0x2145, 0x2145, 0x2145, 0x2145, 0x1925, 0x1925, 0x2145, 0x2145, 0x2145, 0x1945, 0x2145, 
	0x1945, 0x1945, 0x2145, 0x2145, 0x2145, 0x2145, 0x2145, 0x2145, 0x2145, 0x2145, 0x2145, 0x2145, 0x2145, 0x2145, 0x2145, 0x2145, 
	0x2145, 0x2145, 0x2145, 0x1945, 0x1945, 0x1945, 0x2145, 0x2145, 0x2145, 0x2145, 0x2145, 0x2145, 0x2145, 0x2145, 0x2145, 0x2145, 
	0x2145, 0x2145, 0x2145, 0x2145, 0x1945, 0x1945, 0x2145, 0x2145, 0x2145, 0x1945, 0x1945, 0x2145, 0x2145, 0x2145, 0x2145, 0x2145, 
	0x2145, 0x2146, 0x2145, 0x2145, 0x1925, 0x1925, 0x1945, 0x2145, 0x2145, 0x2145, 0x2146, 0x2145, 0x2145, 0x1945, 0x2145, 0x2145, 
	0x2145, 0x2145, 0x2145, 0x2145, 0x2145, 0x2145, 0x2145, 0x2145, 0x2145, 0x2145, 0x2145, 0x1945, 0x1945, 0x1945, 0x2145, 0x2145, 
	0x2146, 0x2145, 0x2145, 0x2145, 0x2145, 0x2145, 0x2145, 0x2145, 0x2145, 0x2145, 0x2145, 0x2145, 0x2145, 0x2145, 0x2145, 0x1925, 
	0x2145, 0x2145, 0x2145, 0x2145, 0x2145, 0x2145, 0x2145, 0x2145, 0x2145, 0x2145, 0x2145, 0x2146, 0x2146, 0x2146, 0x2145, 0x2145, 
	0x1945, 0x2145, 0x2145, 0x2145, 0x2145, 0x2145, 0x2145, 0x2166, 0x2145, 0x2145, 0x2145, 0x2145, 0x2145, 0x2145, 0x2145, 0x2145, 
	0x2125, 0x2145, 0x2145, 0x2145, 0x2145, 0x2145, 0x2145, 0x1925, 0x2145, 0x2145, 0x2145, 0x2145, 0x2145, 0x1945, 0x2145, 0x2145, 
	0x2145, 0x2145, 0x2145, 0x1925, 0x1925, 0x1945, 0x1945, 0x2145, 0x2145, 0x1945, 0x1945, 0x1945, 0x2145, 0x2145, 0x2145, 0x1945, 
	0x2145, 0x2145, 0x2145, 0x2145, 0x2145, 0x2145, 0x2145, 0x2145, 0x2145, 0x2145, 0x2145, 0x2145, 0x2145, 0x2145, 0x2145, 0x2146, 
	0x2146, 0x2146, 0x2146, 0x2146, 0x2145, 0x2145, 0x2146, 0x2146, 0x2145, 0x2145, 0x2145, 0x2146, 0x2146, 0x2145, 0x1945, 0x1945, 
	0x1925, 0x1945, 0x2145, 0x2145, 0x2145, 0x1925, 0x2145, 0x2145, 0x1925, 0x2125, 0x2145, 0x2125, 0x1925, 0x1925, 0x1925, 0x2145, 
	0x2145, 0x2145, 0x2145, 0x2145, 0x2145, 0x2145, 0x2145, 0x2145, 0x2145, 0x2145, 0x2145, 0x2145, 0x2145, 0x2145, 0x2145, 0x2145, 
	0x1945, 0x1945, 0x1945, 0x1945, 0x1945, 0x1945, 0x2145, 0x2145, 0x2145, 0x2145, 0x2145, 0x2145, 0x2145, 0x2145, 0x2145, 0x2145, 
	0x2145, 0x2145, 0x2145, 0x2145, 0x1945, 0x2145, 0x2145, 0x2165, 0x2145, 0x2145, 0x2165, 0x2145, 0x2145, 0x2145, 0x1945, 0x2145, 
	0x2145, 0x2145, 0x2145, 0x2145, 0x2145, 0x2145, 0x2146, 0x2146, 0x2145, 0x2145, 0x2145, 0x2145, 0x2145, 0x2145, 0x2145, 0x1925, 
	0x2145, 0x2145, 0x2145, 0x2145, 0x2145, 0x2145, 0x2145, 0x2145, 0x2145, 0x2145, 0x2145, 0x2145, 0x1945, 0x1945, 0x1945, 0x2145, 
	0x2145, 0x2145, 0x2145, 0x2145, 0x2145, 0x1925, 0x1945, 0x2145, 0x2166, 0x2145, 0x2145, 0x2145, 0x2145, 0x1945, 0x1945, 0x1945, 
	0x2145, 0x2145, 0x2145, 0x2145, 0x2145, 0x2145, 0x2145, 0x2145, 0x1945, 0x1945, 0x2145, 0x2145, 0x2145, 0x2145, 0x2145, 0x2145, 
	0x2145, 0x2145, 0x2146, 0x2146, 0x2145, 0x2145, 0x2145, 0x2145, 0x2145, 0x2145, 0x2145, 0x2145, 0x2145, 0x2145, 0x2145, 0x2145, 
	0x2145, 0x2145, 0x2145, 0x2145, 0x2145, 0x2145, 0x2145, 0x2145, 0x2145, 0x2145, 0x2145, 0x2145, 0x2145, 0x2166, 0x2145, 0x2145, 
	0x2145, 0x2145, 0x2145, 0x2145, 0x2145, 0x2145, 0x2145, 0x2145, 0x1945, 0x1945, 0x1945, 0x1945, 0x2145, 0x2145, 0x1945, 0x1945, 
	0x1945, 0x2145, 0x2145, 0x2145, 0x2145, 0x1945, 0x1925, 0x1925, 0x2145, 0x2145, 0x1925, 0x1925, 0x1925, 0x1925, 0x2125, 0x2125, 
	0x2145, 0x2145, 0x2145, 0x2145, 0x2145, 0x2145, 0x2145, 0x2145, 0x2145, 0x2145, 0x2145, 0x2145, 0x2145, 0x2145, 0x2145, 0x2145, 
	0x2145, 0x2145, 0x2145, 0x2145, 0x2145, 0x2145, 0x2145, 0x2145, 0x2145, 0x2145, 0x2145, 0x2145, 0x2145, 0x2145, 0x2145, 0x2145, 
	0x2145, 0x2145, 0x2145, 0x2145, 0x2145, 0x2145, 0x2145, 0x2145, 0x2145, 0x2146, 0x2146, 0x2145, 0x1945, 0x1945, 0x1945, 0x2145, 
	0x2145, 0x2145, 0x2146, 0x2145, 0x2145, 0x2145, 0x2145, 0x2145, 0x2145, 0x2145, 0x2145, 0x2125, 0x2125, 0x2125, 0x2145, 0x2145, 
	0x2145, 0x2145, 0x2145, 0x2145, 0x2145, 0x2145, 0x2145, 0x2145, 0x2145, 0x2145, 0x2145, 0x2145, 0x2145, 0x2145, 0x2145, 0x2145, 
	0x1945, 0x1945, 0x1945, 0x1945, 0x1945, 0x1945, 0x2145, 0x2145, 0x1925, 0x2145, 0x2145, 0x2145, 0x2145, 0x2145, 0x2145, 0x2145, 
	0x2145, 0x2145, 0x2145, 0x2145, 0x2145, 0x2145, 0x2145, 0x2145, 0x2145, 0x2145, 0x2145, 0x2145, 0x2145, 0x2145, 0x2145, 0x2145, 
	0x2145, 0x2145, 0x2145, 0x2125, 0x2145, 0x2145, 0x2145, 0x2145, 0x2145, 0x2145, 0x2145, 0x2145, 0x2145, 0x2145, 0x2145, 0x2125, 
	0x2125, 0x2125, 0x2145, 0x2145, 0x2145, 0x2145, 0x2145, 0x2145, 0x2145, 0x2145, 0x2145, 0x1945, 0x1945, 0x1945, 0x1945, 0x1945, 
	0x2145, 0x2145, 0x2145, 0x2145, 0x2145, 0x1925, 0x1945, 0x2145, 0x2145, 0x2145, 0x2145, 0x2145, 0x2145, 0x2145, 0x1945, 0x1945, 
	0x2145, 0x2145, 0x2145, 0x2145, 0x2145, 0x2145, 0x2145, 0x2145, 0x2145, 0x2145, 0x2145, 0x2145, 0x2145, 0x2145, 0x2145, 0x2145, 
	0x2145, 0x2145, 0x2145, 0x2145, 0x2145, 0x2145, 0x2145, 0x2145, 0x2145, 0x2145, 0x2145, 0x2145, 0x2145, 0x2145, 0x2145, 0x2145, 
	0x2145, 0x2145, 0x2145, 0x2145, 0x2145, 0x2145, 0x2145, 0x2145, 0x2145, 0x2145, 0x2145, 0x2145, 0x2145, 0x2145, 0x2145, 0x2145, 
	0x2145, 0x1945, 0x1945, 0x1945, 0x1945, 0x1945, 0x1945, 0x1945, 0x2145, 0x2145, 0x2145, 0x2145, 0x2145, 0x2145, 0x2145, 0x1945, 
	0x1945, 0x1945, 0x2145, 0x2145, 0x2145, 0x1945, 0x1925, 0x1925, 0x2145, 0x2145, 0x2145, 0x2125, 0x2125, 0x2125, 0x2125, 0x2125, 
	0x2145, 0x2145, 0x2145, 0x2145, 0x2145, 0x2145, 0x2145, 0x2145, 0x2145, 0x1945, 0x1945, 0x2145, 0x2145, 0x2145, 0x2145, 0x2145, 
	0x2145, 0x1945, 0x1945, 0x2145, 0x2145, 0x2145, 0x2145, 0x2145, 0x2145, 0x2145, 0x2145, 0x2145, 0x2145, 0x2145, 0x2145, 0x2145, 
	0x1945, 0x2145, 0x2145, 0x2145, 0x2145, 0x2145, 0x2145, 0x2145, 0x2145, 0x2146, 0x2146, 0x2146, 0x2146, 0x2146, 0x1945, 0x1945, 
	0x2146, 0x2145, 0x2146, 0x2145, 0x2145, 0x2146, 0x2145, 0x2145, 0x2125, 0x2125, 0x2125, 0x2125, 0x1925, 0x2125, 0x2125, 0x2145, 
	0x2125, 0x2125, 0x2125, 0x2125, 0x2125, 0x2145, 0x2145, 0x2145, 0x2145, 0x2145, 0x2145, 0x2145, 0x2145, 0x2145, 0x2145, 0x2145, 
	0x2145, 0x2145, 0x2145, 0x2145, 0x1945, 0x1945, 0x1945, 0x2145, 0x2145, 0x2145, 0x2145, 0x2145, 0x2145, 0x2145, 0x2145, 0x2145, 
	0x2145, 0x1945, 0x1945, 0x2145, 0x2145, 0x2145, 0x2145, 0x1945, 0x1945, 0x2145, 0x2145, 0x2145, 0x2145, 0x2145, 0x2145, 0x2145, 
	0x2145, 0x2145, 0x2145, 0x2125, 0x2125, 0x2145, 0x2145, 0x2145, 0x2145, 0x2145, 0x2145, 0x2145, 0x2145, 0x2145, 0x2145, 0x1925, 
	0x2145, 0x2145, 0x2145, 0x2145, 0x2145, 0x2145, 0x2145, 0x1925, 0x2145, 0x2145, 0x1945, 0x1945, 0x1945, 0x1945, 0x1945, 0x1925, 
	0x2145, 0x1945, 0x1945, 0x2145, 0x2145, 0x1945, 0x1945, 0x2145, 0x2165, 0x2165, 0x2145, 0x2145, 0x2145, 0x2145, 0x2145, 0x2145, 
	0x2145, 0x2145, 0x1945, 0x2145, 0x2145, 0x2145, 0x2145, 0x2145, 0x2145, 0x2145, 0x2145, 0x2145, 0x2145, 0x2145, 0x2145, 0x2145, 
	0x2145, 0x2145, 0x2145, 0x2145, 0x2125, 0x2145, 0x2145, 0x2145, 0x2145, 0x2145, 0x2145, 0x2145, 0x2145, 0x2145, 0x2145, 0x2145, 
	0x2145, 0x2145, 0x2145, 0x2145, 0x2145, 0x2145, 0x2145, 0x2145, 0x2145, 0x2145, 0x2145, 0x2145, 0x2145, 0x2145, 0x2145, 0x2145, 
	0x2145, 0x2145, 0x1945, 0x1945, 0x1945, 0x1945, 0x1945, 0x1945, 0x2145, 0x2145, 0x2145, 0x2145, 0x2145, 0x2145, 0x2145, 0x2145, 
	0x2145, 0x2145, 0x2145, 0x1945, 0x1945, 0x1945, 0x2145, 0x1925, 0x2145, 0x2145, 0x2145, 0x2125, 0x2145, 0x2145, 0x2145, 0x2145, 
	0x2145, 0x2145, 0x2145, 0x2145, 0x2145, 0x2145, 0x1945, 0x1945, 0x1945, 0x2145, 0x2145, 0x2145, 0x2145, 0x2145, 0x2145, 0x2145, 
	0x2145, 0x1945, 0x1945, 0x2145, 0x2145, 0x2145, 0x2145, 0x2145, 0x1945, 0x1945, 0x2145, 0x2145, 0x2145, 0x2145, 0x2145, 0x2145, 
	0x1945, 0x2145, 0x2145, 0x2145, 0x2145, 0x2145, 0x2145, 0x2145, 0x2145, 0x2145, 0x2146, 0x2146, 0x2146, 0x2146, 0x2146, 0x2145, 
	0x2146, 0x2145, 0x2125, 0x2125, 0x2145, 0x2145, 0x2145, 0x1925, 0x2125, 0x2125, 0x2125, 0x2125, 0x2125, 0x2125, 0x2125, 0x2125, 
	0x2145, 0x2125, 0x2125, 0x2125, 0x2145, 0x2145, 0x2145, 0x2145, 0x2145, 0x2145, 0x2145, 0x2145, 0x2145, 0x2145, 0x2145, 0x2145, 
	0x2145, 0x2145, 0x2145, 0x2145, 0x1945, 0x1945, 0x1945, 0x2145, 0x2145, 0x2145, 0x2145, 0x2145, 0x2145, 0x2125, 0x2125, 0x2145, 
	0x2145, 0x1945, 0x1945, 0x2145, 0x2145, 0x2145, 0x2145, 0x2145, 0x1945, 0x2145, 0x2145, 0x2145, 0x2145, 0x2145, 0x2145, 0x2145, 
	0x2145, 0x2145, 0x2145, 0x2125, 0x2125, 0x2145, 0x2145, 0x2145, 0x2145, 0x2145, 0x2145, 0x2145, 0x2145, 0x2145, 0x2145, 0x2145, 
	0x2145, 0x2145, 0x2145, 0x2145, 0x2145, 0x2145, 0x2145, 0x1925, 0x2145, 0x2145, 0x1945, 0x1945, 0x2145, 0x2145, 0x2145, 0x1945, 
	0x2145, 0x2145, 0x2145, 0x2145, 0x2145, 0x2145, 0x2145, 0x2145, 0x2165, 0x2165, 0x2165, 0x2145, 0x2145, 0x2145, 0x2145, 0x2145, 
	0x2145, 0x2145, 0x2145, 0x2145, 0x2145, 0x2145, 0x2145, 0x2145, 0x2145, 0x2145, 0x2145, 0x2145, 0x2145, 0x2145, 0x2145, 0x2145, 
	0x2145, 0x2125, 0x2125, 0x2125, 0x2125, 0x2145, 0x2145, 0x2145, 0x2145, 0x2145, 0x2145, 0x2145, 0x2145, 0x2145, 0x2145, 0x2145, 
	0x2145, 0x2145, 0x2145, 0x2145, 0x2145, 0x2145, 0x2145, 0x2145, 0x2145, 0x2145, 0x2145, 0x2145, 0x2145, 0x2145, 0x2145, 0x2145, 
	0x2145, 0x2145, 0x1945, 0x2145, 0x2145, 0x1945, 0x1945, 0x1945, 0x1945, 0x1945, 0x1945, 0x1945, 0x2145, 0x2145, 0x1945, 0x1945, 
	0x2145, 0x2145, 0x1945, 0x1945, 0x1945, 0x2145, 0x2145, 0x2145, 0x1925, 0x1925, 0x2125, 0x2125, 0x2125, 0x2125, 0x2145, 0x2145, 
	0x2125, 0x2145, 0x2145, 0x1925, 0x2145, 0x2145, 0x2145, 0x2145, 0x2145, 0x2145, 0x2145, 0x2145, 0x2145, 0x2125, 0x2145, 0x2145, 
	0x2145, 0x1945, 0x1925, 0x2145, 0x2145, 0x2145, 0x1945, 0x1945, 0x2145, 0x2145, 0x2145, 0x2145, 0x2145, 0x2145, 0x2145, 0x2145, 
	0x2146, 0x2145, 0x2145, 0x1945, 0x1945, 0x1945, 0x2145, 0x2145, 0x2145, 0x2145, 0x1945, 0x1945, 0x1945, 0x1945, 0x2146, 0x2146, 
	0x2145, 0x2125, 0x1925, 0x1925, 0x2125, 0x2145, 0x2125, 0x1925, 0x2125, 0x2145, 0x2145, 0x2145, 0x2145, 0x2145, 0x2145, 0x2145, 
	0x2145, 0x2145, 0x2125, 0x2145, 0x2145, 0x2146, 0x2145, 0x2145, 0x2145, 0x2145, 0x2145, 0x2145, 0x2145, 0x2145, 0x2145, 0x2145, 
	0x2145, 0x2145, 0x2145, 0x2145, 0x1945, 0x1945, 0x1945, 0x2145, 0x2145, 0x2145, 0x2145, 0x2145, 0x2145, 0x2145, 0x2145, 0x2145, 
	0x2145, 0x2145, 0x2145, 0x2145, 0x2145, 0x2145, 0x2145, 0x2145, 0x2145, 0x2145, 0x2145, 0x2145, 0x2145, 0x2145, 0x2145, 0x2145, 
	0x2145, 0x2145, 0x2145, 0x2145, 0x2125, 0x2145, 0x2145, 0x2145, 0x2145, 0x2145, 0x2145, 0x2145, 0x2145, 0x2145, 0x2145, 0x2145, 
	0x2145, 0x2145, 0x2145, 0x2145, 0x2145, 0x2145, 0x2145, 0x1925, 0x2145, 0x2145, 0x1945, 0x1945, 0x2145, 0x2145, 0x2145, 0x2145, 
	0x2145, 0x2145, 0x2145, 0x2145, 0x2145, 0x2145, 0x2145, 0x2145, 0x2145, 0x2145, 0x2145, 0x2145, 0x2145, 0x2145, 0x2145, 0x2145, 
	0x2145, 0x2145, 0x2145, 0x2145, 0x2145, 0x2145, 0x2145, 0x2145, 0x2145, 0x2145, 0x2145, 0x2145, 0x2145, 0x2145, 0x2145, 0x2145, 
	0x2145, 0x2145, 0x2145, 0x2125, 0x2125, 0x2145, 0x2145, 0x2146, 0x2145, 0x2145, 0x2146, 0x2146, 0x2146, 0x2146, 0x2145, 0x2145, 
	0x2145, 0x2145, 0x2145, 0x1945, 0x1945, 0x1945, 0x2145, 0x2145, 0x2145, 0x2145, 0x2145, 0x2145, 0x2145, 0x2145, 0x2145, 0x2145, 
	0x2145, 0x2145, 0x1925, 0x2145, 0x1925, 0x1925, 0x1925, 0x1925, 0x1925, 0x1925, 0x1925, 0x2145, 0x2145, 0x2145, 0x2145, 0x2145, 
	0x2145, 0x1945, 0x2145, 0x1925, 0x1925, 0x2145, 0x2145, 0x2145, 0x1925, 0x2125, 0x2125, 0x2125, 0x2125, 0x2125, 0x2125, 0x2125, 
	0x2145, 0x2125, 0x2145, 0x2145, 0x2145, 0x2145, 0x2145, 0x2145, 0x2145, 0x2145, 0x2145, 0x2145, 0x2145, 0x2145, 0x2145, 0x2145, 
	0x2145, 0x2145, 0x1925, 0x2145, 0x2145, 0x2145, 0x2145, 0x2145, 0x2145, 0x2145, 0x2145, 0x2145, 0x2145, 0x2145, 0x2145, 0x2145, 
	0x2146, 0x2145, 0x2145, 0x2145, 0x2145, 0x2145, 0x2145, 0x2145, 0x2145, 0x2145, 0x2145, 0x1925, 0x2125, 0x2125, 0x2146, 0x2146, 
	0x2146, 0x2146, 0x2145, 0x2125, 0x2125, 0x2145, 0x2145, 0x2145, 0x2145, 0x2145, 0x2145, 0x2145, 0x2145, 0x2145, 0x2145, 0x2145, 
	0x2145, 0x2125, 0x2125, 0x2145, 0x2145, 0x2145, 0x2125, 0x2145, 0x2145, 0x2145, 0x2145, 0x2145, 0x2145, 0x2145, 0x2145, 0x2145, 
	0x2145, 0x2145, 0x2145, 0x2145, 0x1945, 0x1945, 0x2145, 0x2145, 0x2145, 0x2125, 0x2145, 0x2145, 0x2145, 0x2145, 0x2145, 0x2145, 
	0x2145, 0x2145, 0x2145, 0x2145, 0x2145, 0x2145, 0x2145, 0x2145, 0x2145, 0x2145, 0x2145, 0x2145, 0x1925, 0x1925, 0x1925, 0x1925, 
	0x2145, 0x2145, 0x2145, 0x2145, 0x2145, 0x2145, 0x2145, 0x2145, 0x2145, 0x2145, 0x2145, 0x2145, 0x2145, 0x2145, 0x2145, 0x2145, 
	0x2145, 0x2145, 0x2145, 0x2145, 0x2145, 0x2145, 0x2145, 0x2145, 0x2145, 0x2145, 0x1945, 0x1945, 0x2145, 0x2145, 0x2145, 0x2145, 
	0x1945, 0x1945, 0x1945, 0x1945, 0x1945, 0x1945, 0x2145, 0x2145, 0x2145, 0x2145, 0x2145, 0x2145, 0x2145, 0x2145, 0x2145, 0x2145, 
	0x2145, 0x2145, 0x2145, 0x2145, 0x2145, 0x2145, 0x2145, 0x2145, 0x2145, 0x2145, 0x2145, 0x2145, 0x2145, 0x2145, 0x2145, 0x2145, 
	0x2145, 0x2145, 0x2145, 0x2145, 0x2145, 0x2145, 0x2145, 0x2146, 0x2145, 0x2145, 0x2145, 0x2145, 0x2145, 0x2145, 0x2145, 0x2145, 
	0x2145, 0x2145, 0x1945, 0x1945, 0x1945, 0x1945, 0x2145, 0x2145, 0x2145, 0x2145, 0x2145, 0x2145, 0x2145, 0x2145, 0x2145, 0x2145, 
	0x2145, 0x2145, 0x1925, 0x1925, 0x1925, 0x1925, 0x1925, 0x1925, 0x1925, 0x1925, 0x2125, 0x2125, 0x2125, 0x2125, 0x2125, 0x2145, 
	0x2145, 0x2145, 0x2145, 0x1925, 0x1925, 0x2125, 0x2125, 0x2125, 0x2125, 0x2125, 0x2125, 0x2125, 0x2125, 0x2125, 0x2125, 0x2125, 
	0x2145, 0x2145, 0x2145, 0x2145, 0x2145, 0x2145, 0x2145, 0x2145, 0x2145, 0x2145, 0x2145, 0x2145, 0x2145, 0x2145, 0x2145, 0x2145, 
	0x2145, 0x2145, 0x2125, 0x2145, 0x2145, 0x2145, 0x2145, 0x2145, 0x2125, 0x2125, 0x2145, 0x2145, 0x2145, 0x2145, 0x2145, 0x2145, 
	0x2145, 0x2125, 0x2145, 0x2145, 0x2145, 0x2125, 0x2125, 0x2145, 0x2125, 0x2125, 0x2125, 0x2145, 0x2145, 0x2145, 0x2145, 0x2125, 
	0x2146, 0x2146, 0x2146, 0x2146, 0x2125, 0x2145, 0x2145, 0x2145, 0x2145, 0x2145, 0x2145, 0x2145, 0x2145, 0x2145, 0x2145, 0x2145, 
	0x1925, 0x2125, 0x2145, 0x2145, 0x2145, 0x2125, 0x2145, 0x2145, 0x2145, 0x2145, 0x2145, 0x2145, 0x2145, 0x2145, 0x2145, 0x2145, 
	0x1945, 0x2145, 0x2145, 0x2145, 0x1945, 0x2145, 0x2145, 0x2145, 0x2145, 0x2125, 0x2145, 0x2145, 0x2145, 0x2145, 0x2145, 0x2145, 
	0x2145, 0x2145, 0x2145, 0x2145, 0x2145, 0x2145, 0x2145, 0x2145, 0x2145, 0x2145, 0x2145, 0x2145, 0x1925, 0x1925, 0x2145, 0x2145, 
	0x2145, 0x2145, 0x2145, 0x2145, 0x2145, 0x2145, 0x2145, 0x2145, 0x2145, 0x2145, 0x2145, 0x2145, 0x2145, 0x2145, 0x2145, 0x2145, 
	0x2145, 0x2145, 0x1925, 0x1925, 0x2145, 0x2145, 0x2145, 0x2145, 0x2145, 0x2145, 0x2145, 0x1945, 0x1945, 0x1945, 0x1945, 0x2145, 
	0x1945, 0x1945, 0x1945, 0x1945, 0x1945, 0x1945, 0x2145, 0x2145, 0x2145, 0x2145, 0x2145, 0x2145, 0x2145, 0x2145, 0x2145, 0x2145, 
	0x2145, 0x2145, 0x2145, 0x2145, 0x2145, 0x2145, 0x2145, 0x2145, 0x2145, 0x2145, 0x2145, 0x2145, 0x2145, 0x2145, 0x2145, 0x2145, 
	0x2145, 0x2145, 0x2145, 0x2145, 0x2145, 0x2145, 0x2145, 0x2146, 0x2145, 0x2145, 0x2145, 0x2145, 0x2145, 0x2145, 0x2145, 0x1925, 
	0x1945, 0x2145, 0x2145, 0x2145, 0x2145, 0x2145, 0x2145, 0x2165, 0x2145, 0x2145, 0x2145, 0x2145, 0x2145, 0x2145, 0x2145, 0x2145, 
	0x2145, 0x2145, 0x1925, 0x2145, 0x2145, 0x2145, 0x2145, 0x2145, 0x2145, 0x2125, 0x2145, 0x2125, 0x2125, 0x2125, 0x2125, 0x2145, 
	0x2145, 0x2145, 0x2145, 0x2125, 0x2125, 0x2125, 0x2125, 0x2125, 0x2145, 0x2145, 0x2125, 0x2125, 0x2125, 0x2125, 0x2125, 0x2145, 
	0x2145, 0x2145, 0x2145, 0x2145, 0x2145, 0x2145, 0x2145, 0x2145, 0x2145, 0x2145, 0x2145, 0x2145, 0x2145, 0x2145, 0x2145, 0x2145, 
	0x2145, 0x2145, 0x2145, 0x2145, 0x2145, 0x2145, 0x2145, 0x2145, 0x2145, 0x2145, 0x2145, 0x2145, 0x2145, 0x2145, 0x2145, 0x2145, 
	0x1925, 0x2125, 0x2145, 0x2145, 0x2145, 0x2125, 0x2125, 0x2125, 0x2125, 0x2125, 0x2125, 0x2145, 0x2145, 0x2145, 0x2125, 0x1925, 
	0x2146, 0x2146, 0x2146, 0x2125, 0x2125, 0x2145, 0x2145, 0x2145, 0x2145, 0x2145, 0x2145, 0x2145, 0x2145, 0x2145, 0x2145, 0x2145, 
	0x2145, 0x2145, 0x2145, 0x2145, 0x2145, 0x2145, 0x2145, 0x2145, 0x2145, 0x2145, 0x2145, 0x2145, 0x2145, 0x2145, 0x2145, 0x2145, 
	0x1945, 0x1945, 0x2145, 0x2145, 0x2145, 0x2145, 0x2145, 0x2145, 0x2145, 0x2145, 0x2145, 0x2145, 0x2125, 0x2125, 0x1925, 0x2145, 
	0x2145, 0x2145, 0x2145, 0x2145, 0x2145, 0x2145, 0x2145, 0x1925, 0x2145, 0x2145, 0x2145, 0x2145, 0x2145, 0x2145, 0x2145, 0x2145, 
	0x1925, 0x1925, 0x2145, 0x1925, 0x2145, 0x2145, 0x2145, 0x1925, 0x2145, 0x2145, 0x2145, 0x2145, 0x2145, 0x2145, 0x2145, 0x2145, 
	0x2145, 0x1925, 0x1925, 0x1925, 0x1925, 0x2145, 0x2145, 0x2145, 0x2145, 0x2145, 0x2145, 0x2145, 0x1945, 0x1925, 0x1945, 0x2145, 
	0x1945, 0x1945, 0x1945, 0x1945, 0x1945, 0x1945, 0x2145, 0x2145, 0x2145, 0x2145, 0x2145, 0x2145, 0x2145, 0x2145, 0x2145, 0x2145, 
	0x2145, 0x2145, 0x2145, 0x2145, 0x2145, 0x2145, 0x2145, 0x2145, 0x1925, 0x2145, 0x2145, 0x2145, 0x2145, 0x2145, 0x1925, 0x1925, 
	0x2145, 0x2145, 0x2145, 0x2145, 0x2145, 0x2145, 0x2145, 0x2145, 0x2145, 0x2146, 0x2146, 0x2145, 0x2145, 0x2145, 0x2145, 0x1925, 
	0x1925, 0x1945, 0x1945, 0x2145, 0x2145, 0x2165, 0x2145, 0x2145, 0x2145, 0x2145, 0x2145, 0x2145, 0x2145, 0x2145, 0x2145, 0x2145, 
	0x2145, 0x2145, 0x1925, 0x2145, 0x2145, 0x2145, 0x2145, 0x2145, 0x2145, 0x2145, 0x2145, 0x2125, 0x1925, 0x1925, 0x1925, 0x1925, 
	0x2125, 0x2125, 0x2125, 0x2125, 0x2125, 0x2125, 0x2125, 0x2125, 0x2145, 0x2145, 0x2125, 0x2125, 0x2125, 0x2125, 0x2145, 0x2145, 
	0x2125, 0x2145, 0x2145, 0x2145, 0x2145, 0x2145, 0x2145, 0x2145, 0x2145, 0x2145, 0x2125, 0x2145, 0x2145, 0x2146, 0x2145, 0x2145, 
	0x2145, 0x2145, 0x2145, 0x2145, 0x2145, 0x2145, 0x2145, 0x2145, 0x2145, 0x2145, 0x2145, 0x2145, 0x2145, 0x2145, 0x2145, 0x2145, 
	0x2145, 0x2145, 0x2145, 0x2145, 0x2125, 0x2125, 0x2125, 0x2125, 0x2145, 0x2125, 0x2125, 0x2125, 0x2125, 0x2125, 0x2125, 0x2125, 
	0x2145, 0x2146, 0x2146, 0x2125, 0x2125, 0x2146, 0x2145, 0x2145, 0x2145, 0x2145, 0x2145, 0x2145, 0x2145, 0x2145, 0x2145, 0x2145, 
	0x1925, 0x2125, 0x2145, 0x2145, 0x2145, 0x2145, 0x2145, 0x2145, 0x2125, 0x2145, 0x2145, 0x2145, 0x2145, 0x2145, 0x2145, 0x2145, 
	0x2145, 0x2145, 0x2145, 0x2145, 0x2145, 0x2145, 0x2145, 0x2145, 0x1925, 0x2125, 0x2145, 0x2145, 0x2145, 0x2145, 0x2145, 0x2145, 
	0x2145, 0x2145, 0x2145, 0x2145, 0x2145, 0x2145, 0x2145, 0x2145, 0x2145, 0x2145, 0x2145, 0x2145, 0x2145, 0x2145, 0x2145, 0x2145, 
	0x1925, 0x2145, 0x2145, 0x2145, 0x2145, 0x2145, 0x2145, 0x2145, 0x2145, 0x2145, 0x2145, 0x2145, 0x2145, 0x2145, 0x2145, 0x2145, 
	0x1925, 0x1945, 0x1945, 0x1945, 0x1945, 0x1945, 0x1945, 0x1945, 0x1945, 0x2145, 0x2145, 0x2145, 0x2145, 0x1925, 0x2145, 0x2145, 
	0x1925, 0x1945, 0x1945, 0x1945, 0x1945, 0x1945, 0x1945, 0x1945, 0x2145, 0x2145, 0x2145, 0x2145, 0x2145, 0x2145, 0x2145, 0x2145, 
	0x2145, 0x2145, 0x2145, 0x2145, 0x2145, 0x2145, 0x2145, 0x2145, 0x2145, 0x2145, 0x2145, 0x2145, 0x2145, 0x2145, 0x2145, 0x2145, 
	0x2145, 0x2145, 0x2145, 0x2145, 0x2145, 0x2145, 0x2145, 0x2146, 0x2145, 0x2146, 0x2146, 0x2145, 0x2145, 0x2146, 0x2146, 0x2145, 
	0x1945, 0x1945, 0x2145, 0x2145, 0x2145, 0x2145, 0x2145, 0x2145, 0x2145, 0x2145, 0x2145, 0x2145, 0x2145, 0x2145, 0x1945, 0x1945, 
	0x2145, 0x2145, 0x2145, 0x2145, 0x2145, 0x1925, 0x1925, 0x1925, 0x1925, 0x2125, 0x2125, 0x2125, 0x2125, 0x1925, 0x1925, 0x2125, 
	0x2125, 0x2145, 0x2145, 0x2125, 0x2125, 0x1925, 0x2125, 0x2125, 0x2125, 0x2125, 0x2145, 0x2145, 0x2125, 0x2125, 0x2125, 0x2125, 
	0x2125, 0x2125, 0x2145, 0x2145, 0x2145, 0x2145, 0x2145, 0x2145, 0x2146, 0x2145, 0x2145, 0x2145, 0x2145, 0x2145, 0x2145, 0x2125, 
	0x2145, 0x2125, 0x2125, 0x2145, 0x2145, 0x2145, 0x2125, 0x2145, 0x2145, 0x2145, 0x2145, 0x2145, 0x2145, 0x2145, 0x2145, 0x2145, 
	0x2145, 0x2145, 0x2145, 0x2145, 0x2145, 0x2145, 0x2145, 0x2145, 0x2145, 0x2125, 0x2125, 0x2125, 0x2125, 0x2145, 0x2145, 0x2145, 
	0x2146, 0x2146, 0x2146, 0x2146, 0x2145, 0x2145, 0x2145, 0x2145, 0x2145, 0x2145, 0x2145, 0x2145, 0x2145, 0x2145, 0x2145, 0x2145, 
	0x1925, 0x1925, 0x2125, 0x2145, 0x2145, 0x2145, 0x2145, 0x2145, 0x2145, 0x2145, 0x2145, 0x2145, 0x2145, 0x2145, 0x1925, 0x1925, 
	0x2145, 0x2145, 0x2145, 0x2145, 0x2145, 0x2145, 0x2145, 0x2145, 0x2145, 0x2145, 0x2145, 0x2145, 0x2145, 0x2145, 0x2145, 0x1925, 
	0x2145, 0x2145, 0x2145, 0x2145, 0x2145, 0x2145, 0x2145, 0x2145, 0x2145, 0x2145, 0x2145, 0x2145, 0x2145, 0x2145, 0x2145, 0x2145, 
	0x2145, 0x2145, 0x2145, 0x2145, 0x2145, 0x2145, 0x2145, 0x2145, 0x2145, 0x2145, 0x2145, 0x2145, 0x2145, 0x2145, 0x2145, 0x2145, 
	0x1945, 0x1945, 0x1945, 0x1945, 0x1945, 0x1945, 0x1945, 0x1945, 0x2145, 0x2145, 0x2145, 0x2145, 0x2145, 0x2145, 0x2145, 0x2145, 
	0x1945, 0x1945, 0x1945, 0x1925, 0x1925, 0x1925, 0x1925, 0x1925, 0x2145, 0x2145, 0x2145, 0x2145, 0x2145, 0x2145, 0x2145, 0x2145, 
	0x2145, 0x2145, 0x2145, 0x2145, 0x2145, 0x2145, 0x2145, 0x2145, 0x2145, 0x2145, 0x2145, 0x2145, 0x2145, 0x2145, 0x2145, 0x2145, 
	0x2145, 0x2145, 0x2145, 0x2145, 0x2145, 0x2145, 0x2145, 0x2146, 0x2145, 0x2145, 0x2145, 0x2145, 0x2145, 0x2146, 0x2145, 0x1925, 
	0x1945, 0x1945, 0x2145, 0x2145, 0x2145, 0x2145, 0x2145, 0x2145, 0x2145, 0x2145, 0x2145, 0x2145, 0x2145, 0x2145, 0x2145, 0x2145, 
	0x2145, 0x2145, 0x2145, 0x2145, 0x1925, 0x1925, 0x1925, 0x1925, 0x1925, 0x2125, 0x2125, 0x2125, 0x2125, 0x2125, 0x2125, 0x2125, 
	0x2125, 0x2125, 0x2145, 0x2125, 0x2125, 0x2125, 0x2125, 0x2145, 0x2125, 0x2125, 0x2125, 0x2125, 0x2125, 0x2125, 0x2125, 0x2125, 
	0x2145, 0x2145, 0x2145, 0x2145, 0x2145, 0x2145, 0x2145, 0x2145, 0x2146, 0x2145, 0x2145, 0x2145, 0x2145, 0x2145, 0x2145, 0x2145, 
	0x2145, 0x2145, 0x2145, 0x2145, 0x2145, 0x2145, 0x2145, 0x2145, 0x2145, 0x2145, 0x2145, 0x2145, 0x2145, 0x2145, 0x2145, 0x2145, 
	0x2145, 0x2145, 0x2145, 0x2146, 0x2146, 0x2145, 0x2145, 0x2125, 0x2125, 0x2125, 0x2145, 0x2145, 0x2145, 0x2145, 0x2145, 0x2125, 
	0x2146, 0x2146, 0x2146, 0x2145, 0x2145, 0x2145, 0x2145, 0x2145, 0x1925, 0x1925, 0x1925, 0x2145, 0x2145, 0x2145, 0x2145, 0x2145, 
	0x2145, 0x2145, 0x2145, 0x2145, 0x2145, 0x2145, 0x2145, 0x2145, 0x2145, 0x2145, 0x2145, 0x2145, 0x2145, 0x2145, 0x2145, 0x2145, 
	0x2145, 0x2145, 0x2145, 0x2145, 0x2145, 0x2145, 0x2145, 0x2145, 0x2145, 0x2145, 0x2145, 0x2145, 0x2145, 0x2145, 0x1925, 0x1925, 
	0x2145, 0x2145, 0x2145, 0x2145, 0x2145, 0x2145, 0x2145, 0x2145, 0x2145, 0x2145, 0x2145, 0x2145, 0x2145, 0x1925, 0x1925, 0x1925, 
	0x2145, 0x2145, 0x2145, 0x2145, 0x2145, 0x2145, 0x2145, 0x2145, 0x2145, 0x2145, 0x2145, 0x2145, 0x2145, 0x2145, 0x2145, 0x1945, 
	0x2145, 0x2145, 0x2145, 0x2145, 0x2145, 0x2145, 0x2145, 0x2145, 0x2145, 0x2145, 0x2145, 0x2145, 0x2145, 0x2145, 0x2145, 0x2145, 
	0x1945, 0x1945, 0x1945, 0x1925, 0x1925, 0x1925, 0x1925, 0x1925, 0x2145, 0x2145, 0x2145, 0x2145, 0x2145, 0x2145, 0x2145, 0x2145, 
	0x2145, 0x2145, 0x2145, 0x2145, 0x2145, 0x2145, 0x2145, 0x2145, 0x2145, 0x2145, 0x2145, 0x2145, 0x2145, 0x2145, 0x2145, 0x2145, 
	0x2145, 0x2145, 0x2145, 0x2145, 0x2145, 0x2145, 0x2145, 0x2146, 0x2145, 0x2145, 0x2145, 0x2145, 0x2145, 0x2145, 0x2145, 0x2145, 
	0x1945, 0x1945, 0x2145, 0x2145, 0x2145, 0x2145, 0x2145, 0x2145, 0x2145, 0x2145, 0x2145, 0x2145, 0x2145, 0x2145, 0x2145, 0x2145, 
	0x2145, 0x2145, 0x2145, 0x2145, 0x1925, 0x1925, 0x2145, 0x2145, 0x1925, 0x1925, 0x2125, 0x2125, 0x2125, 0x2125, 0x2125, 0x2125, 
	0x1925, 0x1925, 0x1925, 0x1925, 0x1925, 0x1925, 0x2125, 0x2125, 0x2145, 0x2125, 0x2125, 0x2125, 0x2125, 0x2125, 0x2125, 0x2125, 
	0x2145, 0x2145, 0x2145, 0x2145, 0x2145, 0x2145, 0x2145, 0x2145, 0x2145, 0x2145, 0x2145, 0x2145, 0x2145, 0x2145, 0x2146, 0x2146, 
	0x2146, 0x2146, 0x2145, 0x2145, 0x2146, 0x2145, 0x2145, 0x2145, 0x2145, 0x2145, 0x2145, 0x2145, 0x2145, 0x2145, 0x2145, 0x2145, 
	0x2125, 0x2145, 0x2145, 0x2146, 0x2146, 0x2145, 0x2145, 0x2125, 0x2145, 0x2145, 0x2145, 0x2145, 0x2145, 0x2145, 0x2145, 0x2145, 
	0x2145, 0x2146, 0x2145, 0x2125, 0x2125, 0x2125, 0x2125, 0x2145, 0x1925, 0x1925, 0x1925, 0x2145, 0x2145, 0x2145, 0x2145, 0x2145, 
	0x2145, 0x2145, 0x2145, 0x2145, 0x2145, 0x2145, 0x2145, 0x2145, 0x2145, 0x2145, 0x2145, 0x2145, 0x2145, 0x2145, 0x2145, 0x2145, 
	0x2125, 0x2145, 0x2145, 0x2145, 0x2145, 0x2125, 0x2125, 0x2145, 0x2145, 0x2145, 0x2145, 0x2145, 0x2145, 0x2145, 0x2145, 0x2145, 
	0x2145, 0x2145, 0x1925, 0x1925, 0x2125, 0x2145, 0x2145, 0x2125, 0x2125, 0x2145, 0x2145, 0x2145, 0x2145, 0x2145, 0x1925, 0x1925, 
	0x2145, 0x2145, 0x2145, 0x2145, 0x2145, 0x2145, 0x2145, 0x2145, 0x2145, 0x2145, 0x2145, 0x2145, 0x2145, 0x2145, 0x2145, 0x2145, 
	0x2145, 0x2145, 0x2145, 0x2145, 0x2145, 0x2145, 0x2145, 0x2145, 0x1945, 0x1945, 0x1925, 0x2145, 0x2145, 0x2145, 0x2145, 0x2145, 
	0x2145, 0x1945, 0x1925, 0x1925, 0x2145, 0x2145, 0x2145, 0x1925, 0x2145, 0x2145, 0x2145, 0x2145, 0x2145, 0x2145, 0x1925, 0x1925, 
	0x1925, 0x1925, 0x1925, 0x1925, 0x1925, 0x2145, 0x2145, 0x2145, 0x1925, 0x2145, 0x2145, 0x2145, 0x2145, 0x2145, 0x2145, 0x2145, 
	0x2145, 0x2145, 0x2145, 0x2145, 0x2145, 0x2145, 0x2145, 0x2145, 0x2145, 0x2145, 0x2145, 0x2145, 0x2145, 0x2145, 0x2145, 0x2145, 
	0x2145, 0x2145, 0x2145, 0x2145, 0x2145, 0x2145, 0x2145, 0x2145, 0x2145, 0x2145, 0x2145, 0x2145, 0x2145, 0x2145, 0x1945, 0x1945, 
	0x2145, 0x2145, 0x2145, 0x2145, 0x1925, 0x1925, 0x2145, 0x2145, 0x1925, 0x1925, 0x1925, 0x1925, 0x2125, 0x2125, 0x2125, 0x2125, 
	0x1925, 0x1925, 0x1925, 0x1925, 0x1925, 0x1925, 0x1925, 0x2145, 0x2145, 0x2145, 0x1925, 0x1925, 0x1925, 0x2145, 0x2145, 0x1925, 
	0x2145, 0x2145, 0x2145, 0x2145, 0x2145, 0x2145, 0x2145, 0x2145, 0x2145, 0x2145, 0x2145, 0x2145, 0x2145, 0x2145, 0x2146, 0x2146, 
	0x2146, 0x2146, 0x2146, 0x2145, 0x2145, 0x2145, 0x2145, 0x2145, 0x2145, 0x2145, 0x2145, 0x2145, 0x2125, 0x2145, 0x2145, 0x2125, 
	0x2125, 0x2125, 0x2145, 0x2145, 0x2145, 0x2145, 0x2145, 0x2145, 0x2146, 0x2145, 0x2145, 0x2145, 0x2145, 0x2145, 0x2145, 0x2145, 
	0x2125, 0x2125, 0x2125, 0x2125, 0x2125, 0x2125, 0x2125, 0x1925, 0x2145, 0x2145, 0x2145, 0x2145, 0x2145, 0x2145, 0x2145, 0x2145, 
	0x2145, 0x2125, 0x2125, 0x2125, 0x2125, 0x2145, 0x2145, 0x2145, 0x2125, 0x2125, 0x2145, 0x2145, 0x2145, 0x2145, 0x2125, 0x2125, 
	0x2125, 0x2145, 0x2145, 0x2145, 0x2145, 0x2125, 0x2125, 0x2145, 0x2145, 0x1925, 0x2145, 0x2145, 0x2145, 0x2145, 0x2145, 0x2145, 
	0x2145, 0x2145, 0x1925, 0x1925, 0x2145, 0x2145, 0x2145, 0x2125, 0x2125, 0x2145, 0x2145, 0x2145, 0x2145, 0x2145, 0x2145, 0x2145, 
	0x2145, 0x2145, 0x2145, 0x2145, 0x2145, 0x2145, 0x2145, 0x2145, 0x2145, 0x2145, 0x2145, 0x2145, 0x2145, 0x2145, 0x2145, 0x2145, 
	0x2145, 0x1945, 0x1945, 0x1945, 0x1945, 0x1945, 0x1945, 0x1945, 0x2145, 0x2145, 0x2145, 0x2145, 0x2145, 0x2145, 0x2145, 0x2145, 
	0x2145, 0x1925, 0x1925, 0x1925, 0x2145, 0x2145, 0x2145, 0x2145, 0x2145, 0x2145, 0x2145, 0x2145, 0x2145, 0x2145, 0x2145, 0x2145, 
	0x1925, 0x1925, 0x1925, 0x1925, 0x2145, 0x2145, 0x2145, 0x2145, 0x2145, 0x2145, 0x2145, 0x2145, 0x2145, 0x2145, 0x2145, 0x2145, 
	0x2145, 0x2145, 0x2145, 0x2145, 0x2145, 0x2145, 0x2145, 0x2145, 0x2145, 0x2145, 0x2145, 0x2145, 0x2145, 0x2145, 0x2145, 0x2145, 
	0x2145, 0x2145, 0x2145, 0x2145, 0x2145, 0x2145, 0x2145, 0x2145, 0x2145, 0x2145, 0x2145, 0x2145, 0x2145, 0x2145, 0x1945, 0x1945, 
	0x2145, 0x2145, 0x2145, 0x2145, 0x1925, 0x1925, 0x2145, 0x2145, 0x1925, 0x1925, 0x2125, 0x2125, 0x2125, 0x2125, 0x2125, 0x2125, 
	0x2145, 0x2145, 0x2145, 0x2145, 0x2145, 0x2145, 0x2145, 0x2145, 0x2145, 0x1925, 0x1925, 0x1925, 0x2145, 0x2145, 0x2145, 0x2145, 
	0x1925, 0x2145, 0x2145, 0x2145, 0x1945, 0x1945, 0x2145, 0x2145, 0x2145, 0x2145, 0x2145, 0x2145, 0x2145, 0x2145, 0x2145, 0x2146, 
	0x2146, 0x2146, 0x2146, 0x2145, 0x2145, 0x2145, 0x2145, 0x2145, 0x2145, 0x2145, 0x2145, 0x2125, 0x2125, 0x2145, 0x2145, 0x2125, 
	0x2125, 0x2125, 0x2125, 0x2125, 0x2145, 0x2145, 0x2145, 0x2145, 0x2146, 0x2145, 0x2145, 0x2145, 0x2145, 0x2145, 0x2145, 0x2145, 
	0x2145, 0x2145, 0x2145, 0x2145, 0x2145, 0x2145, 0x2145, 0x2145, 0x2145, 0x2145, 0x2145, 0x2145, 0x2145, 0x2145, 0x2145, 0x2145, 
	0x2145, 0x2125, 0x2125, 0x2125, 0x2125, 0x2145, 0x2145, 0x2145, 0x2125, 0x2125, 0x2145, 0x2145, 0x2145, 0x2145, 0x2145, 0x2145, 
	0x2145, 0x2145, 0x2145, 0x2145, 0x2145, 0x2145, 0x2145, 0x2145, 0x2145, 0x2145, 0x2145, 0x2145, 0x2145, 0x2145, 0x2145, 0x2145, 
	0x2145, 0x2145, 0x2125, 0x2125, 0x2145, 0x2145, 0x2145, 0x2125, 0x2125, 0x2145, 0x2145, 0x2145, 0x2145, 0x2145, 0x2145, 0x2145, 
	0x2145, 0x2145, 0x2145, 0x2145, 0x2145, 0x2145, 0x2145, 0x2145, 0x2145, 0x2145, 0x2145, 0x1945, 0x1945, 0x1945, 0x2145, 0x2145, 
	0x2145, 0x2145, 0x2145, 0x2145, 0x2145, 0x2145, 0x2145, 0x2145, 0x1945, 0x1945, 0x2145, 0x2145, 0x2145, 0x2145, 0x2145, 0x2145, 
	0x1925, 0x1925, 0x1925, 0x1925, 0x1925, 0x2145, 0x2145, 0x2145, 0x2145, 0x2145, 0x2145, 0x1925, 0x1925, 0x1925, 0x1925, 0x1925, 
	0x2145, 0x2145, 0x2145, 0x2145, 0x2145, 0x2145, 0x2145, 0x2145, 0x2145, 0x2145, 0x2145, 0x2145, 0x2145, 0x2145, 0x2145, 0x2145, 
	0x2145, 0x2145, 0x2145, 0x2145, 0x2145, 0x2145, 0x2145, 0x2145, 0x2145, 0x2145, 0x2145, 0x2145, 0x2145, 0x2145, 0x2145, 0x2145, 
	0x2165, 0x2145, 0x2145, 0x2145, 0x2145, 0x2145, 0x2145, 0x1945, 0x1945, 0x2145, 0x2145, 0x2145, 0x2145, 0x2145, 0x2145, 0x2145, 
	0x2145, 0x2145, 0x2145, 0x2145, 0x2145, 0x2145, 0x2145, 0x2145, 0x2145, 0x2125, 0x2125, 0x2125, 0x2145, 0x2145, 0x2125, 0x2125, 
	0x2145, 0x2145, 0x2145, 0x2125, 0x2125, 0x2145, 0x2145, 0x2145, 0x1925, 0x2145, 0x1925, 0x1925, 0x2145, 0x2145, 0x2145, 0x2145, 
	0x2145, 0x2145, 0x2145, 0x2145, 0x2145, 0x1945, 0x2145, 0x2145, 0x2145, 0x2145, 0x2145, 0x2145, 0x2145, 0x2145, 0x2145, 0x2145, 
	0x2145, 0x2146, 0x2146, 0x2146, 0x2145, 0x2145, 0x2145, 0x2125, 0x2145, 0x2145, 0x2145, 0x2125, 0x2125, 0x2145, 0x2145, 0x2125, 
	0x1925, 0x2125, 0x2145, 0x2145, 0x2145, 0x2145, 0x2145, 0x2145, 0x2145, 0x2145, 0x2145, 0x2145, 0x2145, 0x2145, 0x2145, 0x2145, 
	0x2145, 0x2145, 0x2145, 0x2145, 0x2145, 0x2145, 0x2145, 0x2145, 0x2145, 0x2145, 0x2145, 0x2145, 0x2145, 0x2145, 0x2145, 0x2145, 
	0x2145, 0x2145, 0x2145, 0x2145, 0x2145, 0x2145, 0x2145, 0x2145, 0x2145, 0x2145, 0x2145, 0x2145, 0x2145, 0x2145, 0x2145, 0x2145, 
	0x2145, 0x2145, 0x2145, 0x2145, 0x2145, 0x2145, 0x2145, 0x2145, 0x2145, 0x2145, 0x2145, 0x2145, 0x2145, 0x2145, 0x2145, 0x2145, 
	0x2145, 0x2125, 0x2125, 0x2125, 0x2145, 0x2145, 0x2125, 0x2125, 0x2125, 0x2145, 0x2145, 0x2145, 0x2145, 0x2145, 0x2145, 0x2145, 
	0x2145, 0x2145, 0x2145, 0x2145, 0x2145, 0x2145, 0x2145, 0x2145, 0x2145, 0x2145, 0x2145, 0x2145, 0x1945, 0x1945, 0x1945, 0x1945, 
	0x2145, 0x2145, 0x2145, 0x2145, 0x2145, 0x2145, 0x2145, 0x2145, 0x1945, 0x1945, 0x2145, 0x2145, 0x1925, 0x1925, 0x1925, 0x2125, 
	0x1925, 0x2125, 0x2145, 0x2145, 0x1925, 0x1925, 0x2145, 0x2145, 0x2145, 0x1925, 0x1925, 0x1925, 0x1925, 0x1925, 0x1925, 0x1925, 
	0x2145, 0x2145, 0x2145, 0x2145, 0x2145, 0x2145, 0x2145, 0x2145, 0x1945, 0x2145, 0x2145, 0x2145, 0x2145, 0x2145, 0x2145, 0x2145, 
	0x2145, 0x2145, 0x2145, 0x2145, 0x2145, 0x2145, 0x2145, 0x2145, 0x2145, 0x2145, 0x2145, 0x2145, 0x2145, 0x2145, 0x2145, 0x2145, 
	0x2145, 0x2145, 0x1945, 0x1945, 0x2145, 0x2145, 0x2145, 0x1945, 0x1945, 0x1945, 0x2145, 0x2145, 0x2145, 0x2145, 0x2145, 0x2145, 
	0x2145, 0x2145, 0x2145, 0x2145, 0x2145, 0x2145, 0x2145, 0x2145, 0x2145, 0x2145, 0x2125, 0x2125, 0x2125, 0x2125, 0x2125, 0x1925, 
	0x2125, 0x1925, 0x1925, 0x1925, 0x1925, 0x1925, 0x1925, 0x1925, 0x1925, 0x2145, 0x2145, 0x1925, 0x1945, 0x2145, 0x2145, 0x1945, 
	0x2145, 0x2145, 0x2145, 0x2145, 0x2145, 0x2145, 0x2145, 0x2145, 0x1945, 0x1945, 0x2145, 0x2145, 0x2145, 0x2145, 0x2145, 0x2145, 
	0x2145, 0x2146, 0x2146, 0x2125, 0x2146, 0x2146, 0x2145, 0x2125, 0x2125, 0x2145, 0x2145, 0x2125, 0x2125, 0x2145, 0x2145, 0x1925, 
	0x2125, 0x2125, 0x2145, 0x2145, 0x2145, 0x2145, 0x2145, 0x2145, 0x2145, 0x2145, 0x2145, 0x2145, 0x2145, 0x2145, 0x2145, 0x2145, 
	0x2145, 0x2145, 0x2145, 0x2145, 0x2145, 0x2145, 0x2145, 0x2145, 0x2145, 0x2145, 0x2145, 0x2145, 0x2145, 0x2145, 0x2145, 0x2145, 
	0x2145, 0x2145, 0x2145, 0x2145, 0x2145, 0x2145, 0x2145, 0x2145, 0x2145, 0x2145, 0x2145, 0x2145, 0x2145, 0x2145, 0x2145, 0x2145, 
	0x2145, 0x2145, 0x2145, 0x2145, 0x2125, 0x2145, 0x2145, 0x2145, 0x2145, 0x1925, 0x1925, 0x2145, 0x2145, 0x2145, 0x2145, 0x2145, 
	0x2145, 0x2145, 0x2145, 0x2145, 0x2145, 0x2145, 0x2145, 0x1925, 0x2145, 0x2145, 0x2145, 0x1925, 0x1925, 0x2145, 0x2145, 0x2145, 
	0x2145, 0x2145, 0x2145, 0x2145, 0x2145, 0x2145, 0x2145, 0x2145, 0x2145, 0x2145, 0x2165, 0x2165, 0x2165, 0x2145, 0x2145, 0x1945, 
	0x1945, 0x1945, 0x2145, 0x2145, 0x2145, 0x2145, 0x1945, 0x1945, 0x1945, 0x2145, 0x2145, 0x2145, 0x1925, 0x1925, 0x2125, 0x2145, 
	0x1925, 0x2125, 0x2145, 0x2145, 0x1925, 0x1925, 0x2145, 0x2145, 0x2145, 0x2145, 0x1925, 0x1925, 0x1925, 0x1925, 0x1945, 0x2145, 
	0x2145, 0x2145, 0x2145, 0x1925, 0x2145, 0x2145, 0x2145, 0x1945, 0x2145, 0x2145, 0x2145, 0x2145, 0x2145, 0x2145, 0x2145, 0x2145, 
	0x2145, 0x2145, 0x2145, 0x2145, 0x2145, 0x2145, 0x2145, 0x2145, 0x2145, 0x2165, 0x2165, 0x2165, 0x2145, 0x2145, 0x2145, 0x2165, 
	0x2145, 0x2145, 0x1945, 0x1945, 0x2145, 0x2145, 0x2145, 0x1945, 0x2145, 0x2145, 0x2145, 0x2145, 0x2145, 0x2145, 0x1945, 0x1945, 
	0x2145, 0x2145, 0x2145, 0x2145, 0x2145, 0x2145, 0x2145, 0x2145, 0x2145, 0x2145, 0x2145, 0x1925, 0x2145, 0x1925, 0x1925, 0x1925, 
	0x1925, 0x1925, 0x1925, 0x1925, 0x1925, 0x1925, 0x1925, 0x1925, 0x1925, 0x2145, 0x2145, 0x1945, 0x1945, 0x2145, 0x2145, 0x1945, 
	0x2165, 0x2145, 0x2145, 0x2145, 0x2146, 0x2146, 0x2145, 0x1945, 0x1945, 0x1945, 0x2145, 0x2145, 0x2145, 0x2145, 0x2145, 0x2145, 
	0x2145, 0x2145, 0x2145, 0x2125, 0x2145, 0x2146, 0x2145, 0x2125, 0x2125, 0x2145, 0x2145, 0x1925, 0x1925, 0x2145, 0x2145, 0x1925, 
	0x2145, 0x2145, 0x2125, 0x2125, 0x2125, 0x2125, 0x2145, 0x2145, 0x2145, 0x2145, 0x2145, 0x2145, 0x2145, 0x2145, 0x2145, 0x2145, 
	0x2145, 0x2145, 0x2145, 0x2145, 0x2145, 0x2145, 0x2145, 0x2145, 0x2145, 0x2145, 0x2145, 0x2145, 0x2145, 0x2145, 0x2145, 0x2145, 
	0x2145, 0x2145, 0x2145, 0x2145, 0x2145, 0x2145, 0x2145, 0x2145, 0x2145, 0x2145, 0x2145, 0x2145, 0x2145, 0x2145, 0x2145, 0x2145, 
	0x2145, 0x2145, 0x2145, 0x2145, 0x2145, 0x2145, 0x2145, 0x2145, 0x2145, 0x1925, 0x1925, 0x2145, 0x2145, 0x2145, 0x2145, 0x2145, 
	0x2145, 0x2145, 0x2145, 0x2145, 0x2145, 0x2145, 0x2145, 0x2145, 0x2145, 0x2145, 0x2145, 0x1925, 0x1925, 0x1945, 0x1945, 0x2145, 
	0x2145, 0x2145, 0x2145, 0x2145, 0x2145, 0x2145, 0x2145, 0x2145, 0x2145, 0x1945, 0x1945, 0x1945, 0x2145, 0x2145, 0x1945, 0x1945, 
	0x1945, 0x1945, 0x2145, 0x2145, 0x2145, 0x2145, 0x2145, 0x2145, 0x2145, 0x2145, 0x2145, 0x2145, 0x2145, 0x2145, 0x2125, 0x1925, 
	0x2125, 0x2145, 0x2145, 0x1925, 0x1925, 0x1925, 0x2145, 0x2145, 0x1925, 0x2145, 0x2145, 0x2145, 0x2145, 0x2145, 0x2145, 0x1925, 
	0x2145, 0x2145, 0x2145, 0x2145, 0x2145, 0x2145, 0x2145, 0x2145, 0x2145, 0x2145, 0x2145, 0x2145, 0x2145, 0x2145, 0x2145, 0x2145, 
	0x1945, 0x1945, 0x2145, 0x2145, 0x2145, 0x2145, 0x2145, 0x2145, 0x2165, 0x2165, 0x2165, 0x2145, 0x2145, 0x2145, 0x2145, 0x2145, 
	0x2145, 0x2145, 0x1945, 0x1945, 0x2145, 0x2145, 0x2145, 0x1945, 0x1945, 0x1945, 0x2145, 0x2145, 0x2145, 0x2145, 0x2145, 0x2145, 
	0x2145, 0x2145, 0x2145, 0x2145, 0x2145, 0x2145, 0x2145, 0x2145, 0x2145, 0x2145, 0x2145, 0x2145, 0x2145, 0x2125, 0x2125, 0x2145, 
	0x2145, 0x1925, 0x1925, 0x1925, 0x1925, 0x1945, 0x2145, 0x2145, 0x1945, 0x1945, 0x2145, 0x2145, 0x2145, 0x2145, 0x2145, 0x2145, 
	0x2145, 0x2145, 0x2145, 0x2145, 0x2145, 0x2145, 0x2145, 0x2145, 0x2165, 0x2145, 0x2145, 0x1945, 0x2145, 0x2145, 0x2145, 0x2145, 
	0x2145, 0x2145, 0x2145, 0x2145, 0x2145, 0x2145, 0x2145, 0x2145, 0x2125, 0x2145, 0x2145, 0x2125, 0x1925, 0x2125, 0x2125, 0x2125, 
	0x2125, 0x2125, 0x2125, 0x2125, 0x2125, 0x2145, 0x2145, 0x2145, 0x2145, 0x2145, 0x2145, 0x2145, 0x2145, 0x2145, 0x1945, 0x2145, 
	0x2145, 0x2145, 0x2145, 0x2145, 0x2145, 0x2145, 0x2145, 0x2145, 0x1945, 0x2145, 0x2145, 0x2145, 0x2145, 0x2145, 0x2145, 0x2145, 
	0x2145, 0x2145, 0x2145, 0x2145, 0x2145, 0x2145, 0x2145, 0x2145, 0x2145, 0x2145, 0x2145, 0x2145, 0x2145, 0x2145, 0x2145, 0x1925, 
	0x2145, 0x2145, 0x2145, 0x2145, 0x2145, 0x2145, 0x2145, 0x2145, 0x2146, 0x2145, 0x2145, 0x2146, 0x2146, 0x2145, 0x2145, 0x2145, 
	0x2145, 0x2145, 0x2145, 0x2145, 0x2145, 0x2145, 0x2145, 0x2145, 0x2145, 0x2145, 0x1945, 0x1945, 0x1945, 0x1945, 0x2145, 0x2145, 
	0x2145, 0x2145, 0x2145, 0x2145, 0x2145, 0x2145, 0x2145, 0x2145, 0x2145, 0x2145, 0x2145, 0x2145, 0x2145, 0x2145, 0x1945, 0x1945, 
	0x1945, 0x1945, 0x2145, 0x2145, 0x2145, 0x2145, 0x2145, 0x1945, 0x2145, 0x2145, 0x2145, 0x2145, 0x2145, 0x2145, 0x2125, 0x2125, 
	0x2125, 0x2145, 0x2145, 0x1925, 0x1925, 0x2145, 0x2145, 0x2145, 0x2145, 0x2145, 0x2145, 0x2145, 0x1925, 0x2145, 0x2145, 0x1925, 
	0x2145, 0x2145, 0x2145, 0x2145, 0x2145, 0x2145, 0x2145, 0x2145, 0x2145, 0x2145, 0x2145, 0x2145, 0x2145, 0x2145, 0x2145, 0x2145, 
	0x2145, 0x2145, 0x2145, 0x2145, 0x2145, 0x2145, 0x2145, 0x2145, 0x2145, 0x2145, 0x2145, 0x2145, 0x2145, 0x2145, 0x2145, 0x2145, 
	0x2145, 0x2145, 0x1945, 0x1945, 0x2145, 0x2145, 0x2145, 0x2145, 0x2145, 0x2145, 0x2145, 0x2145, 0x2145, 0x2145, 0x2145, 0x2145, 
	0x2145, 0x2145, 0x2145, 0x2145, 0x2145, 0x2145, 0x2145, 0x2145, 0x2145, 0x2145, 0x2145, 0x2145, 0x2145, 0x2145, 0x2145, 0x2145, 
	0x2145, 0x1945, 0x1945, 0x1945, 0x1945, 0x2145, 0x2145, 0x2145, 0x1945, 0x1945, 0x2145, 0x2145, 0x2145, 0x2145, 0x2145, 0x2145, 
	0x2145, 0x2145, 0x2145, 0x2145, 0x2145, 0x2145, 0x2145, 0x2145, 0x2145, 0x2145, 0x2145, 0x2145, 0x2145, 0x2145, 0x2145, 0x2145, 
	0x2145, 0x2145, 0x2145, 0x2145, 0x2145, 0x2145, 0x2145, 0x2145, 0x2125, 0x2125, 0x2125, 0x1925, 0x1925, 0x1925, 0x1925, 0x1925, 
	0x2125, 0x2125, 0x2125, 0x2125, 0x2145, 0x2145, 0x2145, 0x2145, 0x2145, 0x2145, 0x2145, 0x2145, 0x2145, 0x2145, 0x2145, 0x2145, 
	0x2145, 0x2145, 0x2145, 0x2145, 0x2145, 0x2145, 0x2145, 0x2145, 0x1945, 0x2145, 0x2145, 0x2145, 0x2145, 0x2145, 0x2145, 0x1945, 
	0x2145, 0x2146, 0x2146, 0x2146, 0x2146, 0x2145, 0x2145, 0x2145, 0x2145, 0x2145, 0x2145, 0x2145, 0x2145, 0x2145, 0x2145, 0x2145, 
	0x2125, 0x2145, 0x2146, 0x2146, 0x2146, 0x2145, 0x2125, 0x2125, 0x2145, 0x2125, 0x2125, 0x2145, 0x2146, 0x2145, 0x2145, 0x2145, 
	0x2145, 0x2145, 0x2145, 0x2145, 0x2145, 0x2145, 0x2145, 0x2145, 0x2145, 0x2145, 0x2145, 0x2145, 0x2145, 0x2145, 0x2145, 0x2145, 
	0x2145, 0x2145, 0x2145, 0x2145, 0x2145, 0x2145, 0x2145, 0x2145, 0x2145, 0x2145, 0x2145, 0x2145, 0x2145, 0x1945, 0x2145, 0x2145, 
	0x1945, 0x1945, 0x2145, 0x2145, 0x2145, 0x2145, 0x2145, 0x1945, 0x2145, 0x2145, 0x2145, 0x2145, 0x2145, 0x2145, 0x2145, 0x2145, 
	0x2145, 0x2145, 0x2145, 0x1925, 0x1925, 0x2145, 0x2145, 0x2145, 0x2145, 0x2145, 0x2145, 0x2145, 0x1925, 0x2145, 0x2145, 0x1925, 
	0x2145, 0x2145, 0x2145, 0x2145, 0x2145, 0x2145, 0x2145, 0x2145, 0x2145, 0x2145, 0x2145, 0x2145, 0x2145, 0x1945, 0x2145, 0x2145, 
	0x2145, 0x2145, 0x2145, 0x2145, 0x2145, 0x2165, 0x2165, 0x2165, 0x2145, 0x2145, 0x2145, 0x2145, 0x2145, 0x2145, 0x2145, 0x2145, 
	0x2145, 0x2145, 0x2145, 0x2145, 0x2145, 0x2145, 0x2145, 0x2145, 0x2145, 0x2145, 0x2145, 0x2145, 0x2145, 0x2145, 0x2145, 0x1945, 
	0x2145, 0x2145, 0x2145, 0x2145, 0x2145, 0x2145, 0x2145, 0x2145, 0x2145, 0x2145, 0x2145, 0x2145, 0x2145, 0x2145, 0x2145, 0x2145, 
	0x2145, 0x2145, 0x1945, 0x2145, 0x2145, 0x2145, 0x2145, 0x2145, 0x2145, 0x2145, 0x2145, 0x2145, 0x2145, 0x2145, 0x2145, 0x2145, 
	0x2145, 0x2145, 0x2145, 0x2145, 0x2145, 0x2145, 0x2145, 0x1945, 0x2145, 0x2145, 0x2145, 0x2145, 0x2145, 0x2145, 0x2145, 0x2145, 
	0x2145, 0x2145, 0x2145, 0x2145, 0x2145, 0x2145, 0x2145, 0x2145, 0x2145, 0x2145, 0x2125, 0x1925, 0x1925, 0x2125, 0x2125, 0x2125, 
	0x2125, 0x2125, 0x2125, 0x2145, 0x2146, 0x2146, 0x2145, 0x2145, 0x2145, 0x2145, 0x2145, 0x2145, 0x2145, 0x2145, 0x2145, 0x2145, 
	0x1945, 0x2145, 0x2145, 0x2145, 0x2145, 0x2145, 0x2145, 0x1945, 0x1945, 0x2145, 0x2145, 0x2145, 0x2145, 0x2145, 0x2145, 0x1945, 
	0x2145, 0x2146, 0x2146, 0x2146, 0x2145, 0x2145, 0x2145, 0x2145, 0x2145, 0x2145, 0x2145, 0x2145, 0x2146, 0x2145, 0x2145, 0x2145, 
	0x2125, 0x2145, 0x2145, 0x2146, 0x2145, 0x2145, 0x2125, 0x2125, 0x2145, 0x2125, 0x2125, 0x2145, 0x2145, 0x2145, 0x2125, 0x2145, 
	0x2145, 0x2145, 0x2145, 0x2145, 0x2145, 0x2145, 0x2145, 0x2145, 0x2145, 0x2145, 0x2145, 0x2145, 0x2145, 0x2145, 0x2145, 0x2145, 
	0x2145, 0x2145, 0x2145, 0x2145, 0x2145, 0x2145, 0x2145, 0x2145, 0x2145, 0x2145, 0x2145, 0x2145, 0x2145, 0x2145, 0x2145, 0x2145, 
	0x2145, 0x2145, 0x2145, 0x2145, 0x2145, 0x2145, 0x2145, 0x2145, 0x2145, 0x2145, 0x2145, 0x2145, 0x2145, 0x2145, 0x2145, 0x2145, 
	0x2145, 0x2145, 0x2145, 0x1925, 0x1925, 0x2145, 0x2145, 0x1925, 0x2145, 0x2145, 0x2145, 0x1925, 0x2145, 0x2145, 0x2145, 0x2145, 
	0x2145, 0x2145, 0x2145, 0x2145, 0x2145, 0x2145, 0x2145, 0x2145, 0x2145, 0x2145, 0x2145, 0x2145, 0x2145, 0x2145, 0x2145, 0x2145, 
	0x2165, 0x2145, 0x2145, 0x2145, 0x2145, 0x2165, 0x2165, 0x2165, 0x2145, 0x2145, 0x2145, 0x2145, 0x2145, 0x2145, 0x2145, 0x2145, 
	0x1945, 0x2145, 0x2145, 0x2145, 0x2145, 0x1945, 0x2145, 0x2145, 0x1945, 0x1945, 0x1945, 0x1945, 0x1945, 0x1945, 0x2145, 0x2145, 
	0x2145, 0x2145, 0x2145, 0x2145, 0x1925, 0x1925, 0x1925, 0x2145, 0x2145, 0x2145, 0x2145, 0x2145, 0x2145, 0x2145, 0x2145, 0x2145, 
	0x2145, 0x1945, 0x1945, 0x2145, 0x2145, 0x2145, 0x2145, 0x1945, 0x2145, 0x2145, 0x2145, 0x2145, 0x2145, 0x2145, 0x2145, 0x2145, 
	0x2145, 0x2145, 0x2145, 0x2145, 0x2145, 0x2145, 0x2145, 0x2145, 0x2145, 0x2145, 0x2146, 0x2146, 0x2145, 0x2145, 0x2145, 0x2146, 
	0x2145, 0x2145, 0x2145, 0x2145, 0x2145, 0x2145, 0x2145, 0x2145, 0x2145, 0x2145, 0x2145, 0x2125, 0x2125, 0x2125, 0x2145, 0x2145, 
	0x2125, 0x2125, 0x2125, 0x2145, 0x2145, 0x2145, 0x2145, 0x2145, 0x2145, 0x2145, 0x2145, 0x2145, 0x2145, 0x2145, 0x2145, 0x2145, 
	0x1945, 0x1945, 0x2145, 0x2145, 0x2145, 0x2145, 0x1945, 0x1945, 0x2145, 0x2145, 0x2145, 0x2145, 0x2145, 0x2145, 0x2145, 0x2145, 
	0x2145, 0x2145, 0x2145, 0x2145, 0x2145, 0x2145, 0x2145, 0x2145, 0x2125, 0x2145, 0x2145, 0x2145, 0x2146, 0x2145, 0x2145, 0x2145, 
	0x2125, 0x2145, 0x2145, 0x2145, 0x2145, 0x2145, 0x2145, 0x2145, 0x2145, 0x2145, 0x2145, 0x2145, 0x2145, 0x2145, 0x2145, 0x2145, 
	0x2145, 0x2145, 0x2145, 0x2145, 0x2145, 0x2145, 0x2145, 0x2145, 0x2145, 0x2145, 0x2145, 0x2145, 0x2145, 0x2145, 0x2145, 0x2145, 
	0x2145, 0x2145, 0x2145, 0x2145, 0x2145, 0x2145, 0x2145, 0x2145, 0x2165, 0x2145, 0x2145, 0x2145, 0x2145, 0x2145, 0x2145, 0x2145, 
	0x2145, 0x2145, 0x2145, 0x2145, 0x2145, 0x2145, 0x2145, 0x2145, 0x2145, 0x2145, 0x2145, 0x2145, 0x2145, 0x2145, 0x1945, 0x2145, 
	0x2145, 0x2145, 0x1925, 0x1925, 0x1925, 0x2145, 0x2145, 0x1925, 0x2145, 0x1925, 0x1925, 0x2145, 0x2145, 0x2145, 0x2145, 0x2145, 
	0x2145, 0x2145, 0x2145, 0x2145, 0x2145, 0x2145, 0x2145, 0x2145, 0x2145, 0x2145, 0x2145, 0x2145, 0x2145, 0x2145, 0x2145, 0x2145, 
	0x2165, 0x2145, 0x2145, 0x2145, 0x2145, 0x2165, 0x2165, 0x2145, 0x2145, 0x2146, 0x2145, 0x2145, 0x2145, 0x2145, 0x2145, 0x2145, 
	0x1945, 0x2145, 0x2145, 0x2145, 0x2145, 0x1945, 0x2145, 0x2145, 0x2145, 0x2145, 0x2145, 0x2145, 0x2145, 0x2145, 0x2145, 0x2145, 
	0x2145, 0x2145, 0x2145, 0x2145, 0x2145, 0x2145, 0x2145, 0x2145, 0x2145, 0x2145, 0x2145, 0x2145, 0x2145, 0x2145, 0x2145, 0x1925, 
	0x1945, 0x1945, 0x1945, 0x2145, 0x2145, 0x2145, 0x2145, 0x2145, 0x2145, 0x2145, 0x2145, 0x2145, 0x2145, 0x2145, 0x2145, 0x2145, 
	0x2145, 0x2145, 0x2145, 0x2145, 0x2145, 0x2145, 0x2145, 0x2145, 0x1945, 0x2145, 0x2146, 0x2146, 0x2145, 0x2145, 0x2145, 0x2145, 
	0x2145, 0x2145, 0x2145, 0x2145, 0x2145, 0x2145, 0x2145, 0x2145, 0x2145, 0x2145, 0x2125, 0x1925, 0x1925, 0x1925, 0x2125, 0x2125, 
	0x1925, 0x2125, 0x2125, 0x2145, 0x2145, 0x2145, 0x2145, 0x2145, 0x2145, 0x2145, 0x1945, 0x2145, 0x2145, 0x2145, 0x2145, 0x2145, 
	0x1945, 0x1945, 0x2145, 0x2145, 0x2145, 0x2145, 0x1945, 0x1945, 0x2145, 0x2145, 0x2145, 0x2145, 0x2145, 0x2145, 0x2145, 0x2145, 
	0x2145, 0x2145, 0x2146, 0x2145, 0x2145, 0x2145, 0x2145, 0x2145, 0x2125, 0x2125, 0x2145, 0x2145, 0x2145, 0x2145, 0x2145, 0x2145, 
	0x2125, 0x2145, 0x2145, 0x2125, 0x2125, 0x2125, 0x2145, 0x2145, 0x2145, 0x2145, 0x2145, 0x2145, 0x2145, 0x2125, 0x2125, 0x2145, 
	0x2145, 0x2145, 0x2145, 0x2145, 0x2145, 0x2145, 0x2145, 0x2145, 0x2145, 0x2145, 0x2145, 0x2145, 0x2145, 0x2145, 0x2145, 0x2145, 
	0x2145, 0x2145, 0x2145, 0x1945, 0x1945, 0x1945, 0x1945, 0x2145, 0x2145, 0x2145, 0x2145, 0x2145, 0x2145, 0x2145, 0x2145, 0x2145, 
	0x2145, 0x2145, 0x2145, 0x2145, 0x2145, 0x2145, 0x2145, 0x2145, 0x2145, 0x2145, 0x2145, 0x2145, 0x2145, 0x1945, 0x1925, 0x1925, 
	0x2145, 0x2145, 0x2145, 0x1925, 0x1925, 0x2145, 0x2145, 0x2145, 0x2145, 0x2145, 0x2145, 0x2145, 0x2145, 0x2145, 0x2145, 0x2145, 
	0x2145, 0x2145, 0x2145, 0x2145, 0x2145, 0x2145, 0x2145, 0x2145, 0x2145, 0x2145, 0x2145, 0x1945, 0x1945, 0x1945, 0x2145, 0x2145, 
	0x2145, 0x2145, 0x2145, 0x2145, 0x2145, 0x2165, 0x2145, 0x2145, 0x2146, 0x2145, 0x2145, 0x2145, 0x2145, 0x2145, 0x2145, 0x2145, 
	0x1945, 0x2145, 0x2145, 0x2145, 0x2145, 0x1945, 0x2145, 0x2145, 0x2145, 0x2145, 0x2145, 0x2145, 0x1945, 0x1945, 0x1945, 0x1925, 
	0x2145, 0x2145, 0x2145, 0x2145, 0x2145, 0x2145, 0x2145, 0x2145, 0x2145, 0x2145, 0x2145, 0x2145, 0x2145, 0x2145, 0x2145, 0x1925, 
	0x2145, 0x2145, 0x2145, 0x2145, 0x2145, 0x2145, 0x2145, 0x2145, 0x2145, 0x2145, 0x2145, 0x2145, 0x2145, 0x2145, 0x2145, 0x2145, 
	0x2145, 0x2145, 0x2145, 0x2145, 0x2145, 0x2145, 0x2145, 0x2145, 0x2145, 0x2145, 0x2145, 0x2145, 0x2145, 0x2145, 0x2145, 0x2145, 
	0x2125, 0x2125, 0x2125, 0x2125, 0x2125, 0x2125, 0x2125, 0x2125, 0x2145, 0x2145, 0x2125, 0x2125, 0x2125, 0x2145, 0x2145, 0x2145, 
	0x1925, 0x2125, 0x2145, 0x2145, 0x2145, 0x2145, 0x2145, 0x2145, 0x2145, 0x2145, 0x1945, 0x2145, 0x2145, 0x2145, 0x1945, 0x2145, 
	0x1945, 0x1945, 0x2145, 0x2145, 0x2145, 0x2145, 0x1945, 0x1945, 0x1945, 0x2145, 0x2145, 0x2145, 0x1945, 0x1945, 0x2145, 0x2145, 
	0x2145, 0x2145, 0x2145, 0x2145, 0x2145, 0x2145, 0x2145, 0x2145, 0x2145, 0x2145, 0x2145, 0x2145, 0x2145, 0x2145, 0x2125, 0x2125, 
	0x2145, 0x2145, 0x2145, 0x2145, 0x2125, 0x2125, 0x2145, 0x2145, 0x2125, 0x2145, 0x2125, 0x2125, 0x2125, 0x2125, 0x2125, 0x2145, 
	0x2145, 0x2145, 0x1945, 0x2145, 0x2145, 0x2145, 0x2145, 0x2145, 0x2145, 0x2145, 0x2145, 0x2145, 0x2145, 0x2145, 0x2145, 0x2145, 
	0x2145, 0x2145, 0x2145, 0x2145, 0x2145, 0x2145, 0x2145, 0x2145, 0x2145, 0x2145, 0x2145, 0x2145, 0x2145, 0x2145, 0x2145, 0x2145, 
	0x2145, 0x2145, 0x2145, 0x2145, 0x2145, 0x2145, 0x2145, 0x2145, 0x2145, 0x2145, 0x2145, 0x2145, 0x1945, 0x1945, 0x1945, 0x1945, 
	0x2145, 0x2145, 0x2145, 0x2145, 0x2145, 0x2145, 0x2145, 0x2145, 0x2145, 0x2145, 0x2145, 0x2145, 0x2145, 0x2145, 0x2145, 0x2145, 
	0x2145, 0x2145, 0x2145, 0x2145, 0x2145, 0x2145, 0x2145, 0x1945, 0x1945, 0x1945, 0x1945, 0x1945, 0x1945, 0x1945, 0x2145, 0x2145, 
	0x2145, 0x2145, 0x2145, 0x2145, 0x2165, 0x2145, 0x2145, 0x2145, 0x2145, 0x2145, 0x2145, 0x2145, 0x2125, 0x2145, 0x2145, 0x2145, 
	0x1945, 0x2145, 0x2145, 0x2145, 0x2145, 0x2145, 0x2145, 0x2145, 0x2145, 0x1945, 0x1945, 0x1945, 0x1945, 0x1945, 0x1925, 0x1925, 
	0x2145, 0x1945, 0x1945, 0x1945, 0x1945, 0x2145, 0x1945, 0x1945, 0x1945, 0x1945, 0x1945, 0x2145, 0x2145, 0x2145, 0x1945, 0x1945, 
	0x2145, 0x2145, 0x2145, 0x2145, 0x2145, 0x2145, 0x2145, 0x2145, 0x1945, 0x2145, 0x2145, 0x2145, 0x2145, 0x2145, 0x2145, 0x2145, 
	0x1945, 0x1945, 0x2145, 0x2145, 0x2145, 0x2145, 0x2145, 0x2145, 0x2145, 0x2145, 0x2145, 0x2145, 0x2145, 0x2145, 0x2145, 0x2145, 
	0x2145, 0x2145, 0x2145, 0x2145, 0x2145, 0x2145, 0x2145, 0x2145, 0x2145, 0x2145, 0x2145, 0x2145, 0x2145, 0x2145, 0x2145, 0x2145, 
	0x2145, 0x2145, 0x2145, 0x2145, 0x2145, 0x2145, 0x2145, 0x2145, 0x2145, 0x1945, 0x1945, 0x2145, 0x2145, 0x2145, 0x1945, 0x1945, 
	0x1945, 0x2145, 0x2145, 0x2145, 0x2145, 0x2145, 0x2145, 0x1945, 0x2145, 0x2145, 0x2145, 0x2145, 0x1945, 0x1945, 0x2145, 0x2145, 
	0x2145, 0x2145, 0x2145, 0x2145, 0x2145, 0x2145, 0x2145, 0x2145, 0x2145, 0x2145, 0x2145, 0x2145, 0x2145, 0x2125, 0x2125, 0x2125, 
	0x2145, 0x2145, 0x2145, 0x2145, 0x2145, 0x2125, 0x2145, 0x2145, 0x2145, 0x2145, 0x2145, 0x2145, 0x2145, 0x2145, 0x2145, 0x2145, 
	0x2146, 0x2145, 0x2145, 0x2145, 0x2145, 0x2145, 0x2145, 0x2145, 0x2145, 0x2145, 0x2145, 0x2145, 0x2145, 0x2145, 0x2145, 0x2145, 
	0x2145, 0x2145, 0x2145, 0x2145, 0x2145, 0x2145, 0x2145, 0x2145, 0x2145, 0x2145, 0x2146, 0x2145, 0x2145, 0x2145, 0x2145, 0x2145, 
	0x2145, 0x2145, 0x2145, 0x2145, 0x2145, 0x2145, 0x2146, 0x2145, 0x2145, 0x2145, 0x2145, 0x2145, 0x2145, 0x2145, 0x2145, 0x2145, 
	0x2145, 0x2145, 0x2145, 0x2145, 0x2145, 0x2145, 0x2145, 0x2145, 0x1925, 0x1925, 0x1925, 0x2145, 0x2145, 0x2145, 0x1945, 0x2145, 
	0x2145, 0x2145, 0x2145, 0x2145, 0x1925, 0x1925, 0x1925, 0x1945, 0x2145, 0x2145, 0x2145, 0x2145, 0x2145, 0x2145, 0x2165, 0x2165, 
	0x2165, 0x2145, 0x2145, 0x2145, 0x2165, 0x2145, 0x2145, 0x2145, 0x2146, 0x2145, 0x2145, 0x2145, 0x2125, 0x2146, 0x2146, 0x2146, 
	0x1945, 0x2145, 0x2145, 0x2145, 0x2145, 0x2145, 0x2145, 0x2145, 0x1925, 0x1945, 0x1945, 0x1945, 0x2145, 0x2145, 0x2145, 0x2145, 
	0x1945, 0x1945, 0x1925, 0x1945, 0x1945, 0x2145, 0x1945, 0x1945, 0x2145, 0x2145, 0x1945, 0x2145, 0x2145, 0x2145, 0x2145, 0x1945, 
	0x2145, 0x2145, 0x2145, 0x2145, 0x2145, 0x2145, 0x1945, 0x1945, 0x1945, 0x2145, 0x2145, 0x2145, 0x2145, 0x2145, 0x2145, 0x2145, 
	0x1946, 0x1946, 0x2146, 0x2145, 0x2145, 0x2145, 0x2145, 0x2145, 0x2145, 0x2145, 0x2125, 0x2125, 0x2145, 0x2145, 0x2145, 0x2145, 
	0x2145, 0x2145, 0x2145, 0x2145, 0x2145, 0x2145, 0x2145, 0x2145, 0x2145, 0x2145, 0x2145, 0x2145, 0x2145, 0x2145, 0x1925, 0x2145, 
	0x2145, 0x2145, 0x2145, 0x2145, 0x1945, 0x1945, 0x2145, 0x2145, 0x1945, 0x1945, 0x1945, 0x2145, 0x2145, 0x2145, 0x1945, 0x1945, 
	0x2145, 0x2145, 0x2145, 0x1945, 0x1945, 0x2145, 0x2145, 0x2145, 0x2145, 0x2145, 0x2165, 0x2145, 0x1945, 0x1945, 0x2145, 0x2145, 
	0x2145, 0x2145, 0x2145, 0x2145, 0x2145, 0x2145, 0x2145, 0x2145, 0x2145, 0x2145, 0x2145, 0x2145, 0x2125, 0x2125, 0x2125, 0x2145, 
	0x2146, 0x2145, 0x2145, 0x2145, 0x2125, 0x2145, 0x2145, 0x2145, 0x2145, 0x2145, 0x2145, 0x2145, 0x2145, 0x2145, 0x2145, 0x2145, 
	0x2146, 0x2145, 0x1945, 0x1945, 0x2145, 0x2145, 0x2145, 0x2145, 0x2145, 0x2145, 0x2145, 0x2145, 0x2145, 0x2145, 0x2145, 0x2145, 
	0x2145, 0x2145, 0x2145, 0x1945, 0x1945, 0x2145, 0x2145, 0x2145, 0x1925, 0x2145, 0x2145, 0x2145, 0x2145, 0x2145, 0x2145, 0x2146, 
	0x2146, 0x2145, 0x2145, 0x2145, 0x2146, 0x2145, 0x2145, 0x2145, 0x2145, 0x1945, 0x1945, 0x1945, 0x1945, 0x1945, 0x1945, 0x1945, 
	0x2145, 0x2145, 0x2145, 0x2145, 0x2145, 0x2145, 0x2145, 0x2145, 0x1925, 0x1925, 0x1925, 0x1945, 0x2145, 0x1945, 0x1945, 0x1945, 
	0x2145, 0x2145, 0x2145, 0x1945, 0x1945, 0x1945, 0x1925, 0x1925, 0x1945, 0x2145, 0x2145, 0x2145, 0x2145, 0x2145, 0x2145, 0x2145, 
	0x2165, 0x2145, 0x2145, 0x2145, 0x2145, 0x2145, 0x2145, 0x2145, 0x2145, 0x2145, 0x2145, 0x2145, 0x2145, 0x2146, 0x2146, 0x2145, 
	0x1945, 0x1945, 0x2145, 0x2145, 0x2145, 0x2145, 0x2145, 0x2145, 0x2145, 0x2145, 0x2145, 0x2145, 0x2145, 0x2145, 0x1945, 0x1945, 
	0x2145, 0x1945, 0x1945, 0x1945, 0x1945, 0x1945, 0x1945, 0x1945, 0x2145, 0x2145, 0x2145, 0x1945, 0x2145, 0x2145, 0x2145, 0x2145, 
	0x2145, 0x1945, 0x1945, 0x1945, 0x1945, 0x2145, 0x2145, 0x1945, 0x2145, 0x2145, 0x2145, 0x2145, 0x2145, 0x2145, 0x2145, 0x1945, 
	0x2146, 0x1945, 0x1945, 0x2145, 0x2145, 0x2145, 0x2145, 0x1945, 0x2145, 0x2145, 0x2145, 0x2145, 0x2145, 0x2145, 0x2145, 0x2145, 
	0x2125, 0x1925, 0x1925, 0x2125, 0x2125, 0x2145, 0x2145, 0x2125, 0x1925, 0x2145, 0x2145, 0x2145, 0x2145, 0x2145, 0x2145, 0x2145, 
	0x2145, 0x2145, 0x2145, 0x2145, 0x1945, 0x1945, 0x1945, 0x1945, 0x2145, 0x1945, 0x1945, 0x2145, 0x2145, 0x1945, 0x1945, 0x2145, 
	0x2145, 0x2145, 0x2145, 0x1925, 0x1945, 0x2145, 0x2145, 0x2145, 0x2145, 0x2145, 0x2145, 0x2145, 0x2145, 0x2145, 0x2145, 0x2145, 
	0x2145, 0x2145, 0x2145, 0x2145, 0x2145, 0x2145, 0x2145, 0x2145, 0x2146, 0x2145, 0x2145, 0x2145, 0x2125, 0x2125, 0x2125, 0x2145, 
	0x2145, 0x2145, 0x2145, 0x2145, 0x2145, 0x2145, 0x2125, 0x2125, 0x2145, 0x2145, 0x2145, 0x2145, 0x2145, 0x2145, 0x2145, 0x2145, 
	0x2145, 0x1945, 0x1945, 0x1945, 0x2145, 0x2145, 0x2145, 0x1945, 0x2145, 0x2145, 0x2145, 0x2145, 0x2145, 0x2145, 0x2145, 0x2145, 
	0x2145, 0x2145, 0x1945, 0x1945, 0x1945, 0x1945, 0x1945, 0x2145, 0x2145, 0x2145, 0x2145, 0x2145, 0x2145, 0x2145, 0x2145, 0x2146, 
	0x2145, 0x2125, 0x2125, 0x2145, 0x2145, 0x2145, 0x2145, 0x2145, 0x2145, 0x2145, 0x1945, 0x1945, 0x2145, 0x2145, 0x1945, 0x1945, 
	0x2145, 0x2145, 0x2145, 0x2145, 0x2145, 0x2145, 0x2145, 0x2145, 0x2145, 0x2145, 0x1945, 0x2145, 0x1945, 0x1945, 0x1945, 0x1945, 
	0x2145, 0x2145, 0x1945, 0x1945, 0x1945, 0x1945, 0x1945, 0x1945, 0x1945, 0x1945, 0x1945, 0x1945, 0x1945, 0x1945, 0x1945, 0x1945, 
	0x2145, 0x2145, 0x1945, 0x1945, 0x2145, 0x2145, 0x2145, 0x1945, 0x2145, 0x2145, 0x2145, 0x2145, 0x2145, 0x2145, 0x2145, 0x2145, 
	0x1945, 0x1945, 0x2145, 0x2145, 0x1945, 0x1945, 0x2145, 0x2145, 0x1945, 0x1945, 0x2145, 0x2145, 0x2145, 0x2145, 0x2145, 0x2145, 
	0x2145, 0x2145, 0x2145, 0x2145, 0x2145, 0x2145, 0x2145, 0x2145, 0x2145, 0x2145, 0x2145, 0x2145, 0x2145, 0x2145, 0x2145, 0x2145, 
	0x2145, 0x2145, 0x1945, 0x1945, 0x2145, 0x2145, 0x2145, 0x2145, 0x2145, 0x1945, 0x1945, 0x1945, 0x1945, 0x1945, 0x1945, 0x1925, 
	0x2145, 0x1945, 0x1925, 0x1925, 0x1945, 0x1945, 0x1945, 0x1925, 0x2145, 0x2145, 0x2145, 0x2145, 0x2145, 0x2125, 0x2145, 0x2145, 
	0x2125, 0x2125, 0x2125, 0x2145, 0x2145, 0x2145, 0x2145, 0x2145, 0x2145, 0x2145, 0x2145, 0x2145, 0x2145, 0x2145, 0x2145, 0x2145, 
	0x1945, 0x2145, 0x2145, 0x1945, 0x1945, 0x1945, 0x1945, 0x1945, 0x2145, 0x1945, 0x1945, 0x2145, 0x2145, 0x1945, 0x1945, 0x2145, 
	0x1945, 0x2145, 0x1945, 0x1925, 0x1925, 0x2145, 0x2145, 0x1945, 0x1945, 0x1945, 0x1945, 0x1945, 0x1945, 0x1945, 0x1945, 0x1945, 
	0x2145, 0x2145, 0x2145, 0x2145, 0x2145, 0x2145, 0x2145, 0x2145, 0x2145, 0x2145, 0x2145, 0x2145, 0x2145, 0x2145, 0x2145, 0x2145, 
	0x2145, 0x2145, 0x2145, 0x2145, 0x2145, 0x2145, 0x2125, 0x1925, 0x2145, 0x2145, 0x2145, 0x2145, 0x2145, 0x2145, 0x2145, 0x2145, 
	0x1945, 0x1945, 0x2145, 0x2145, 0x2146, 0x2145, 0x2145, 0x1945, 0x2145, 0x2145, 0x2145, 0x2145, 0x2145, 0x2145, 0x2145, 0x2145, 
	0x2145, 0x2145, 0x2145, 0x2145, 0x2145, 0x2145, 0x2145, 0x2145, 0x2145, 0x2145, 0x2145, 0x2145, 0x2145, 0x2145, 0x2145, 0x2145, 
	0x2145, 0x2125, 0x2125, 0x2145, 0x2145, 0x2125, 0x2125, 0x2145, 0x2145, 0x2145, 0x1945, 0x1945, 0x2145, 0x2145, 0x1945, 0x1945, 
	0x1925, 0x2145, 0x2145, 0x2145, 0x2145, 0x2145, 0x2145, 0x2145, 0x2145, 0x2145, 0x2145, 0x2145, 0x2145, 0x1945, 0x1945, 0x2145, 
	0x2145, 0x2145, 0x2145, 0x2145, 0x2145, 0x2145, 0x1945, 0x1945, 0x1945, 0x1945, 0x2145, 0x2145, 0x2145, 0x1945, 0x1945, 0x1945, 
	0x1945, 0x1945, 0x1945, 0x1945, 0x1945, 0x1945, 0x1945, 0x1945, 0x2145, 0x2145, 0x2145, 0x2145, 0x2145, 0x2146, 0x2145, 0x2145, 
	0x1945, 0x2145, 0x2145, 0x2145, 0x2145, 0x2145, 0x2145, 0x2145, 0x1925, 0x1925, 0x1945, 0x2145, 0x2145, 0x2145, 0x2145, 0x2145, 
	0x2145, 0x2145, 0x2145, 0x2145, 0x2145, 0x2145, 0x2145, 0x2145, 0x2145, 0x1945, 0x1945, 0x1945, 0x1945, 0x1945, 0x1945, 0x1945, 
	0x1945, 0x1945, 0x1945, 0x1945, 0x2145, 0x2145, 0x2145, 0x2145, 0x2145, 0x2145, 0x2145, 0x2145, 0x2145, 0x2145, 0x2145, 0x2145, 
	0x2146, 0x2145, 0x1945, 0x1925, 0x1945, 0x1945, 0x2145, 0x2145, 0x2145, 0x2145, 0x2145, 0x2145, 0x2145, 0x2125, 0x2125, 0x2145, 
	0x2145, 0x2145, 0x2145, 0x2145, 0x2145, 0x2145, 0x2125, 0x1925, 0x2145, 0x2145, 0x2145, 0x2145, 0x2145, 0x2145, 0x2145, 0x1925, 
	0x1945, 0x1945, 0x2145, 0x1945, 0x1945, 0x1945, 0x1945, 0x2145, 0x2165, 0x2145, 0x1945, 0x2145, 0x2145, 0x1945, 0x1945, 0x2145, 
	0x2145, 0x2145, 0x2145, 0x2145, 0x2145, 0x2145, 0x2145, 0x2145, 0x2145, 0x2145, 0x2145, 0x2145, 0x2145, 0x2145, 0x2145, 0x2145, 
	0x2145, 0x2145, 0x2145, 0x2145, 0x2145, 0x2145, 0x2145, 0x2145, 0x1925, 0x2125, 0x2145, 0x2145, 0x2145, 0x2145, 0x2145, 0x2145, 
	0x2145, 0x2145, 0x2145, 0x2146, 0x2146, 0x2145, 0x2145, 0x2145, 0x2145, 0x2145, 0x2145, 0x2145, 0x2145, 0x2145, 0x2145, 0x2145, 
	0x2145, 0x2145, 0x2145, 0x2145, 0x2146, 0x2146, 0x2145, 0x1945, 0x2145, 0x2145, 0x2145, 0x2145, 0x2145, 0x2145, 0x2145, 0x2145, 
	0x2145, 0x2145, 0x2145, 0x2145, 0x2145, 0x2145, 0x2145, 0x2125, 0x2145, 0x2145, 0x2145, 0x2145, 0x2145, 0x2145, 0x2145, 0x2145, 
	0x2146, 0x2145, 0x2145, 0x2145, 0x2145, 0x2145, 0x1925, 0x1925, 0x2145, 0x1945, 0x1945, 0x1945, 0x1945, 0x2145, 0x1945, 0x2145, 
	0x1925, 0x2145, 0x2145, 0x2145, 0x2145, 0x2145, 0x2145, 0x2145, 0x2145, 0x2145, 0x2145, 0x2145, 0x2145, 0x2145, 0x2145, 0x2165, 
	0x2145, 0x2145, 0x2145, 0x2145, 0x2145, 0x2145, 0x2145, 0x2145, 0x2145, 0x2145, 0x2165, 0x2165, 0x2145, 0x2145, 0x2145, 0x2145, 
	0x1945, 0x1945, 0x2145, 0x2145, 0x1945, 0x1945, 0x1945, 0x2145, 0x2145, 0x2145, 0x2145, 0x2145, 0x2145, 0x2145, 0x2145, 0x2145, 
	0x2145, 0x2145, 0x2145, 0x2145, 0x2145, 0x2145, 0x2145, 0x2145, 0x1945, 0x1945, 0x2145, 0x2145, 0x2145, 0x2145, 0x2145, 0x2145, 
	0x1945, 0x1945, 0x1945, 0x1945, 0x1945, 0x1945, 0x1945, 0x1945, 0x1945, 0x1945, 0x1945, 0x1945, 0x1945, 0x1945, 0x1945, 0x1925, 
	0x1945, 0x1945, 0x1925, 0x1945, 0x1945, 0x2145, 0x2145, 0x2145, 0x2145, 0x2145, 0x2145, 0x2145, 0x2145, 0x2145, 0x2145, 0x2145, 
	0x2146, 0x2145, 0x2145, 0x2145, 0x2145, 0x2145, 0x2145, 0x2145, 0x2145, 0x2145, 0x2145, 0x2145, 0x2145, 0x2145, 0x2145, 0x2145, 
	0x2145, 0x2145, 0x2145, 0x2145, 0x2145, 0x2125, 0x2125, 0x1925, 0x2145, 0x2145, 0x2145, 0x1925, 0x1925, 0x2145, 0x2145, 0x1925, 
	0x1945, 0x2145, 0x2145, 0x2145, 0x2145, 0x2145, 0x2145, 0x2145, 0x2145, 0x2145, 0x2145, 0x2145, 0x2145, 0x1945, 0x1945, 0x2145, 
	0x2145, 0x2146, 0x2146, 0x2146, 0x2146, 0x2146, 0x2146, 0x2145, 0x2145, 0x2145, 0x2145, 0x2145, 0x2145, 0x2145, 0x2145, 0x2145, 
	0x2145, 0x2145, 0x2145, 0x2145, 0x2145, 0x2145, 0x2145, 0x1925, 0x2145, 0x2145, 0x2145, 0x2145, 0x2145, 0x2145, 0x2145, 0x2125, 
	0x2145, 0x2145, 0x2145, 0x2145, 0x2145, 0x2145, 0x2145, 0x2145, 0x2145, 0x2145, 0x2145, 0x2145, 0x2145, 0x2145, 0x2145, 0x2145, 
	0x2145, 0x2145, 0x2145, 0x2145, 0x2145, 0x2145, 0x2145, 0x2145, 0x2145, 0x2145, 0x2145, 0x2145, 0x2145, 0x2145, 0x2145, 0x2145, 
	0x2145, 0x2145, 0x2145, 0x2145, 0x2145, 0x2145, 0x2145, 0x2125, 0x2145, 0x2145, 0x2125, 0x2145, 0x2145, 0x2145, 0x2145, 0x2125, 
	0x2145, 0x2145, 0x2125, 0x2145, 0x2145, 0x2145, 0x2145, 0x2145, 0x2145, 0x1945, 0x1945, 0x1945, 0x2145, 0x2145, 0x2145, 0x2145, 
	0x2145, 0x2145, 0x2145, 0x2145, 0x2145, 0x2145, 0x2145, 0x2145, 0x2145, 0x2145, 0x2145, 0x2145, 0x2145, 0x2145, 0x2145, 0x2165, 
	0x2145, 0x2145, 0x2145, 0x2145, 0x2145, 0x2145, 0x2145, 0x2145, 0x1945, 0x2145, 0x2145, 0x2145, 0x2145, 0x2145, 0x1945, 0x1945, 
	0x1945, 0x1945, 0x2145, 0x2145, 0x2145, 0x1945, 0x2145, 0x2145, 0x2145, 0x2145, 0x2145, 0x2145, 0x2145, 0x2145, 0x2145, 0x2145, 
	0x2145, 0x2145, 0x2145, 0x2145, 0x2145, 0x2145, 0x2145, 0x2145, 0x2145, 0x2145, 0x2145, 0x2145, 0x2145, 0x2145, 0x1945, 0x1945, 
	0x2145, 0x2145, 0x2145, 0x2145, 0x2145, 0x1945, 0x2145, 0x2145, 0x2145, 0x2145, 0x2145, 0x2145, 0x2145, 0x2145, 0x2145, 0x2145, 
	0x2145, 0x2145, 0x2145, 0x2145, 0x2145, 0x2145, 0x2145, 0x2145, 0x2145, 0x2145, 0x2145, 0x2145, 0x2145, 0x2145, 0x2145, 0x2145, 
	0x2145, 0x2145, 0x2145, 0x2145, 0x2145, 0x2145, 0x2145, 0x1925, 0x2145, 0x2145, 0x2145, 0x2145, 0x2145, 0x2145, 0x2145, 0x2145, 
	0x2145, 0x2145, 0x2145, 0x2125, 0x2125, 0x2125, 0x2125, 0x2145, 0x2145, 0x2145, 0x2145, 0x1925, 0x2145, 0x2145, 0x2145, 0x2145, 
	0x1945, 0x1945, 0x1945, 0x2145, 0x2145, 0x2145, 0x2145, 0x2145, 0x2145, 0x2145, 0x2145, 0x2145, 0x2145, 0x1925, 0x2145, 0x2145, 
	0x1945, 0x2145, 0x2145, 0x2145, 0x2145, 0x2145, 0x2145, 0x2145, 0x2145, 0x2145, 0x2145, 0x2145, 0x2145, 0x2145, 0x2145, 0x2145, 
	0x2145, 0x2145, 0x2145, 0x2145, 0x2145, 0x2145, 0x2145, 0x2145, 0x2145, 0x2145, 0x2145, 0x2145, 0x2145, 0x2145, 0x2145, 0x2145, 
	0x2145, 0x2145, 0x2145, 0x2145, 0x2145, 0x2145, 0x2145, 0x2146, 0x1945, 0x2145, 0x2145, 0x2145, 0x2145, 0x2145, 0x2145, 0x2145, 
	0x2145, 0x2145, 0x2145, 0x2145, 0x2145, 0x2145, 0x2145, 0x2145, 0x2145, 0x2145, 0x2145, 0x2145, 0x2145, 0x2145, 0x2145, 0x2145, 
	0x2145, 0x2145, 0x2145, 0x2145, 0x2145, 0x2145, 0x2145, 0x2125, 0x2145, 0x2125, 0x2125, 0x2145, 0x2145, 0x2145, 0x2145, 0x2145, 
	0x2145, 0x1925, 0x1925, 0x2125, 0x2145, 0x2145, 0x2145, 0x2145, 0x2145, 0x2145, 0x2145, 0x2145, 0x2145, 0x2145, 0x2145, 0x2145, 
	0x2145, 0x2145, 0x2145, 0x2145, 0x2145, 0x2145, 0x2145, 0x2145, 0x2145, 0x2145, 0x1945, 0x2145, 0x2145, 0x1945, 0x1945, 0x2145, 
	0x2145, 0x2145, 0x1945, 0x1945, 0x1945, 0x1945, 0x1945, 0x1945, 0x1945, 0x1945, 0x1945, 0x2145, 0x1945, 0x1945, 0x1945, 0x1945, 
	0x1945, 0x1945, 0x2145, 0x2145, 0x2145, 0x1945, 0x2145, 0x2145, 0x1945, 0x1945, 0x1945, 0x2145, 0x2145, 0x2145, 0x2145, 0x2145, 
	0x2145, 0x2145, 0x2145, 0x2145, 0x2145, 0x2145, 0x2145, 0x2145, 0x2145, 0x2145, 0x2145, 0x2145, 0x2145, 0x2145, 0x2145, 0x2145, 
	0x2145, 0x2145, 0x2145, 0x2145, 0x2145, 0x1945, 0x2145, 0x2145, 0x2145, 0x2145, 0x2145, 0x2145, 0x2145, 0x2145, 0x2145, 0x2145, 
	0x2145, 0x2145, 0x2145, 0x2145, 0x2145, 0x2145, 0x2145, 0x2145, 0x2145, 0x2145, 0x2145, 0x2145, 0x2145, 0x2145, 0x2145, 0x2145, 
	0x2145, 0x2145, 0x2145, 0x2145, 0x2145, 0x2145, 0x2145, 0x1925, 0x2145, 0x2145, 0x2145, 0x2145, 0x2145, 0x2145, 0x2145, 0x2145, 
	0x2145, 0x2145, 0x2145, 0x2125, 0x2125, 0x2145, 0x2145, 0x2145, 0x2145, 0x2145, 0x2145, 0x1925, 0x1925, 0x2145, 0x2145, 0x2145, 
	0x2145, 0x1945, 0x1945, 0x2145, 0x2145, 0x2145, 0x2145, 0x2145, 0x1925, 0x1925, 0x2145, 0x2145, 0x1925, 0x2145, 0x2145, 0x2146, 
	0x1925, 0x1925, 0x1945, 0x2145, 0x1945, 0x1925, 0x1925, 0x1945, 0x2145, 0x2145, 0x2145, 0x2145, 0x2145, 0x2145, 0x2145, 0x2145, 
	0x2145, 0x2145, 0x2145, 0x2145, 0x2145, 0x2145, 0x2145, 0x2145, 0x2145, 0x2145, 0x2145, 0x2145, 0x2145, 0x2145, 0x2145, 0x2146, 
	0x2145, 0x2145, 0x2145, 0x2145, 0x2145, 0x2145, 0x2145, 0x2145, 0x2145, 0x2145, 0x2145, 0x2145, 0x2145, 0x2145, 0x2145, 0x2145, 
	0x2145, 0x2145, 0x2145, 0x2145, 0x2145, 0x2145, 0x2145, 0x2145, 0x2145, 0x2145, 0x2145, 0x2145, 0x2145, 0x2145, 0x2145, 0x2145, 
	0x2125, 0x2125, 0x2145, 0x2145, 0x2145, 0x2145, 0x2145, 0x2145, 0x2125, 0x2125, 0x2145, 0x2145, 0x2145, 0x2145, 0x2145, 0x2145, 
	0x2145, 0x1925, 0x1925, 0x2125, 0x2145, 0x2145, 0x2145, 0x2145, 0x2145, 0x2145, 0x2145, 0x2145, 0x2145, 0x2145, 0x2145, 0x2145, 
	0x2145, 0x2145, 0x2145, 0x1925, 0x1925, 0x2145, 0x2145, 0x1945, 0x2145, 0x1945, 0x1945, 0x2145, 0x2145, 0x1945, 0x1945, 0x1945, 
	0x2145, 0x1945, 0x1945, 0x1945, 0x1945, 0x1945, 0x1945, 0x1945, 0x1945, 0x1945, 0x1945, 0x2145, 0x1945, 0x1945, 0x1945, 0x2145, 
	0x2145, 0x2145, 0x2145, 0x2145, 0x2145, 0x2145, 0x2145, 0x2145, 0x1945, 0x1945, 0x1945, 0x2145, 0x2145, 0x2145, 0x2145, 0x2145, 
	0x2145, 0x2145, 0x1945, 0x2145, 0x2145, 0x2145, 0x2145, 0x1945, 0x2145, 0x2145, 0x2145, 0x2145, 0x2145, 0x2145, 0x2145, 0x2145, 
	0x2145, 0x2145, 0x2145, 0x2145, 0x2145, 0x2145, 0x2145, 0x2145, 0x2145, 0x2145, 0x2145, 0x2145, 0x2145, 0x2145, 0x2145, 0x2145, 
	0x2145, 0x2145, 0x2145, 0x2145, 0x2145, 0x2145, 0x2145, 0x2145, 0x2145, 0x2145, 0x2145, 0x2145, 0x2145, 0x2145, 0x2145, 0x2145, 
	0x2145, 0x2145, 0x2145, 0x2145, 0x2145, 0x2145, 0x2145, 0x2145, 0x2145, 0x2145, 0x2145, 0x2125, 0x2125, 0x2145, 0x2145, 0x2145, 
	0x2145, 0x2145, 0x2145, 0x2125, 0x2125, 0x2145, 0x2145, 0x2145, 0x2145, 0x2145, 0x2145, 0x1925, 0x1925, 0x1925, 0x2145, 0x1925, 
	0x2145, 0x1925, 0x1925, 0x1925, 0x2145, 0x2145, 0x2145, 0x1925, 0x1925, 0x1925, 0x1925, 0x1925, 0x2145, 0x2145, 0x2145, 0x2145, 
	0x2145, 0x1945, 0x2145, 0x2145, 0x2145, 0x1945, 0x1945, 0x2145, 0x2145, 0x2145, 0x2145, 0x2145, 0x2145, 0x2145, 0x2145, 0x2145, 
	0x2145, 0x2145, 0x2145, 0x2145, 0x2145, 0x2145, 0x2145, 0x2145, 0x2145, 0x2145, 0x2145, 0x2145, 0x2145, 0x2145, 0x2145, 0x2145, 
	0x2145, 0x2145, 0x2145, 0x2145, 0x2145, 0x2145, 0x2145, 0x2145, 0x2145, 0x2145, 0x2145, 0x2145, 0x2145, 0x2145, 0x2145, 0x2145, 
	0x1925, 0x1945, 0x1945, 0x1945, 0x1945, 0x2145, 0x1925, 0x1925, 0x2145, 0x2145, 0x2145, 0x2145, 0x2145, 0x1925, 0x1925, 0x1925, 
	0x1925, 0x1925, 0x1925, 0x1925, 0x1925, 0x2145, 0x2145, 0x2145, 0x2145, 0x2145, 0x2145, 0x2145, 0x2145, 0x2145, 0x2145, 0x2145, 
	0x2145, 0x2145, 0x2145, 0x2145, 0x2145, 0x2145, 0x2145, 0x2145, 0x2145, 0x2145, 0x2145, 0x2145, 0x2145, 0x2145, 0x2145, 0x2145, 
	0x2145, 0x2145, 0x2145, 0x2145, 0x2145, 0x2145, 0x2145, 0x2145, 0x1945, 0x1945, 0x1945, 0x2145, 0x2145, 0x2145, 0x2145, 0x2145, 
	0x2145, 0x2145, 0x1945, 0x1945, 0x1945, 0x2145, 0x2145, 0x2145, 0x1945, 0x1945, 0x1945, 0x1945, 0x1945, 0x1945, 0x2145, 0x2145, 
	0x2145, 0x2145, 0x2145, 0x2145, 0x2145, 0x2145, 0x2145, 0x2145, 0x2145, 0x2145, 0x2145, 0x2145, 0x2145, 0x2145, 0x2145, 0x2145, 
	0x2145, 0x2145, 0x2145, 0x2145, 0x2145, 0x2145, 0x2145, 0x2145, 0x2145, 0x2145, 0x2145, 0x2145, 0x2145, 0x2145, 0x1945, 0x2145, 
	0x2145, 0x2145, 0x2145, 0x2145, 0x2145, 0x2145, 0x2145, 0x2145, 0x2145, 0x2145, 0x2145, 0x2145, 0x2145, 0x2145, 0x2145, 0x2145, 
	0x2145, 0x2145, 0x2145, 0x2145, 0x2145, 0x2145, 0x2145, 0x2145, 0x2145, 0x2145, 0x2145, 0x2145, 0x2145, 0x2145, 0x2145, 0x2145, 
	0x2145, 0x2145, 0x2145, 0x2145, 0x2145, 0x2145, 0x2145, 0x1925, 0x2145, 0x1925, 0x1925, 0x1925, 0x2145, 0x2145, 0x1925, 0x1925, 
	0x2145, 0x2125, 0x2145, 0x2145, 0x2125, 0x1925, 0x1925, 0x2145, 0x2145, 0x2145, 0x2145, 0x2145, 0x1925, 0x1925, 0x2145, 0x2145, 
	0x2145, 0x2145, 0x1925, 0x2145, 0x2145, 0x2145, 0x2145, 0x1925, 0x2145, 0x2145, 0x1925, 0x1925, 0x2145, 0x2145, 0x2145, 0x1925, 
	0x2145, 0x2145, 0x2145, 0x2145, 0x2145, 0x1945, 0x2145, 0x2145, 0x2145, 0x2145, 0x2145, 0x2145, 0x2145, 0x2145, 0x2145, 0x2145, 
	0x2145, 0x2145, 0x2145, 0x2145, 0x2145, 0x2145, 0x2145, 0x2145, 0x2145, 0x2145, 0x2145, 0x2145, 0x2145, 0x2145, 0x2145, 0x2145, 
	0x2145, 0x2145, 0x2145, 0x2145, 0x2145, 0x2145, 0x2145, 0x2145, 0x2145, 0x2145, 0x2145, 0x2145, 0x2145, 0x2145, 0x2145, 0x1925, 
	0x2145, 0x2145, 0x2145, 0x2145, 0x2145, 0x2145, 0x2145, 0x2145, 0x2145, 0x2145, 0x2145, 0x2145, 0x2145, 0x2145, 0x2145, 0x2145, 
	0x2145, 0x2145, 0x2145, 0x2145, 0x2145, 0x2145, 0x2145, 0x2145, 0x1925, 0x2145, 0x2145, 0x2145, 0x2145, 0x2145, 0x2145, 0x2145, 
	0x2145, 0x2145, 0x2145, 0x2145, 0x2145, 0x2145, 0x2145, 0x2145, 0x2145, 0x2145, 0x2145, 0x2145, 0x2145, 0x2145, 0x2145, 0x1925, 
	0x2145, 0x2145, 0x2145, 0x2145, 0x2145, 0x2145, 0x2145, 0x2145, 0x2145, 0x2145, 0x2145, 0x2145, 0x2145, 0x2145, 0x2145, 0x2145, 
	0x2146, 0x2145, 0x2145, 0x2145, 0x2145, 0x2145, 0x2145, 0x2145, 0x1945, 0x1945, 0x1945, 0x1945, 0x1945, 0x1945, 0x1945, 0x1945, 
	0x1945, 0x1945, 0x1945, 0x1945, 0x2145, 0x2145, 0x2145, 0x2145, 0x2145, 0x2145, 0x2145, 0x2145, 0x2145, 0x2145, 0x2145, 0x2145, 
	0x2145, 0x2145, 0x2145, 0x2145, 0x2145, 0x2145, 0x2145, 0x2145, 0x2145, 0x2145, 0x2145, 0x2145, 0x2145, 0x2145, 0x2145, 0x2145, 
	0x2145, 0x2145, 0x2145, 0x2145, 0x2145, 0x2145, 0x2145, 0x2145, 0x2145, 0x2145, 0x2145, 0x2145, 0x2145, 0x2145, 0x2145, 0x2145, 
	0x2145, 0x2145, 0x2145, 0x2145, 0x2145, 0x2145, 0x2145, 0x2145, 0x2145, 0x2145, 0x2145, 0x2145, 0x2145, 0x2145, 0x2145, 0x2145, 
	0x2145, 0x2145, 0x2145, 0x2145, 0x2145, 0x2145, 0x2145, 0x1925, 0x1925, 0x1925, 0x1925, 0x2145, 0x2145, 0x2145, 0x2145, 0x2145, 
	0x1925, 0x1925, 0x1925, 0x2125, 0x2145, 0x2145, 0x2145, 0x2145, 0x2145, 0x2145, 0x2145, 0x2145, 0x2145, 0x2145, 0x2145, 0x2145, 
	0x2145, 0x2145, 0x2145, 0x2145, 0x2145, 0x2145, 0x2145, 0x2145, 0x2145, 0x2145, 0x2145, 0x2145, 0x2145, 0x2145, 0x2145, 0x2145, 
	0x2145, 0x1945, 0x1945, 0x2145, 0x2145, 0x2145, 0x1945, 0x1945, 0x2145, 0x2145, 0x2145, 0x2145, 0x2145, 0x1945, 0x2145, 0x2145, 
	0x2145, 0x2145, 0x2145, 0x2145, 0x2145, 0x2145, 0x2145, 0x2145, 0x2145, 0x2145, 0x2145, 0x2145, 0x2145, 0x2145, 0x2145, 0x2145, 
	0x2145, 0x2145, 0x2145, 0x2145, 0x2125, 0x2145, 0x2145, 0x1925, 0x2145, 0x2145, 0x2145, 0x2145, 0x2145, 0x2145, 0x2145, 0x1925, 
	0x2145, 0x2145, 0x2145, 0x2145, 0x2145, 0x2145, 0x2145, 0x2145, 0x2145, 0x2145, 0x2145, 0x2145, 0x2145, 0x2145, 0x2145, 0x2145, 
	0x2145, 0x2145, 0x2145, 0x2145, 0x2145, 0x2145, 0x2145, 0x2145, 0x2145, 0x2145, 0x2145, 0x2145, 0x2145, 0x2145, 0x2145, 0x2145, 
	0x2145, 0x2145, 0x2145, 0x2145, 0x2145, 0x2145, 0x2145, 0x2145, 0x2145, 0x2145, 0x2145, 0x2145, 0x2145, 0x2145, 0x2145, 0x2145, 
	0x2145, 0x2125, 0x2125, 0x2125, 0x2125, 0x2145, 0x2145, 0x2145, 0x2125, 0x2145, 0x2145, 0x2145, 0x2145, 0x2145, 0x2145, 0x2145, 
	0x2145, 0x2145, 0x2145, 0x2125, 0x2125, 0x2145, 0x1945, 0x2145, 0x2145, 0x1945, 0x1945, 0x1945, 0x1945, 0x2145, 0x1945, 0x1945, 
	0x1945, 0x1945, 0x1945, 0x1945, 0x1945, 0x1945, 0x1945, 0x1945, 0x2145, 0x2125, 0x2125, 0x2145, 0x2145, 0x2145, 0x2145, 0x2145, 
	0x2145, 0x2145, 0x2145, 0x2145, 0x2145, 0x2145, 0x2145, 0x2145, 0x2145, 0x2145, 0x2145, 0x2145, 0x2145, 0x2145, 0x2145, 0x2145, 
	0x2145, 0x2145, 0x2145, 0x2145, 0x2145, 0x2145, 0x2145, 0x2145, 0x2145, 0x2146, 0x2146, 0x2146, 0x2145, 0x2145, 0x2145, 0x2165, 
	0x2145, 0x2145, 0x2145, 0x2145, 0x2145, 0x2145, 0x2145, 0x2145, 0x2145, 0x2145, 0x2145, 0x2145, 0x2145, 0x2145, 0x2145, 0x2145, 
	0x2145, 0x2145, 0x2145, 0x2145, 0x2145, 0x2145, 0x1925, 0x1925, 0x1925, 0x1925, 0x2145, 0x2145, 0x2145, 0x2145, 0x2145, 0x2145, 
	0x2145, 0x1925, 0x1925, 0x2125, 0x2145, 0x2145, 0x2145, 0x2125, 0x1925, 0x2125, 0x2125, 0x2125, 0x2125, 0x2125, 0x2145, 0x2145, 
	0x2125, 0x2125, 0x2125, 0x2125, 0x2145, 0x2145, 0x2145, 0x2145, 0x2125, 0x2145, 0x1945, 0x2145, 0x2145, 0x2145, 0x2145, 0x2145, 
	0x2146, 0x2145, 0x2145, 0x2145, 0x2145, 0x2145, 0x1945, 0x1945, 0x2145, 0x1945, 0x1925, 0x1945, 0x1945, 0x1945, 0x1945, 0x2145, 
	0x2145, 0x2145, 0x2145, 0x2145, 0x2145, 0x2145, 0x2145, 0x2145, 0x2145, 0x2145, 0x2145, 0x2145, 0x2145, 0x2145, 0x1925, 0x1925, 
	0x2145, 0x2125, 0x2125, 0x2125, 0x2125, 0x1925, 0x1925, 0x1925, 0x2145, 0x2145, 0x2145, 0x2145, 0x2145, 0x2145, 0x1925, 0x1925, 
	0x2145, 0x2125, 0x2125, 0x2125, 0x2125, 0x2145, 0x2145, 0x2145, 0x1925, 0x1925, 0x2145, 0x2145, 0x2145, 0x2145, 0x2145, 0x2145, 
	0x2145, 0x2145, 0x2145, 0x2145, 0x2145, 0x2145, 0x2145, 0x2145, 0x2145, 0x1925, 0x1925, 0x1925, 0x2145, 0x2145, 0x2145, 0x1925, 
	0x1925, 0x1925, 0x2145, 0x2145, 0x2145, 0x2145, 0x2145, 0x2145, 0x2145, 0x2145, 0x2145, 0x2145, 0x2145, 0x2145, 0x2145, 0x2145, 
	0x1925, 0x1925, 0x2125, 0x2125, 0x1925, 0x1925, 0x2125, 0x2125, 0x1925, 0x1925, 0x2125, 0x2125, 0x2125, 0x2125, 0x2125, 0x2125, 
	0x2125, 0x2125, 0x2125, 0x2125, 0x1925, 0x1925, 0x1945, 0x1945, 0x2145, 0x1945, 0x1945, 0x1945, 0x1945, 0x2145, 0x1945, 0x1945, 
	0x1945, 0x1945, 0x1945, 0x1945, 0x1945, 0x1945, 0x1945, 0x1945, 0x1925, 0x1925, 0x1925, 0x2145, 0x2145, 0x2145, 0x2145, 0x2145, 
	0x2145, 0x2145, 0x2145, 0x2145, 0x2145, 0x2145, 0x2145, 0x2145, 0x2145, 0x2145, 0x2145, 0x2145, 0x2145, 0x2145, 0x2125, 0x2145, 
	0x1925, 0x1925, 0x2145, 0x2125, 0x2125, 0x2145, 0x2145, 0x2145, 0x2145, 0x2145, 0x2145, 0x2145, 0x2145, 0x2145, 0x2145, 0x2145, 
	0x2145, 0x2145, 0x1925, 0x1925, 0x1925, 0x1925, 0x2145, 0x2145, 0x2145, 0x2145, 0x2145, 0x2145, 0x2145, 0x2145, 0x2145, 0x2145, 
	0x2145, 0x2145, 0x2145, 0x2145, 0x2145, 0x2145, 0x1925, 0x1925, 0x1925, 0x2145, 0x2145, 0x1925, 0x1925, 0x1925, 0x2145, 0x2145, 
	0x1925, 0x1925, 0x1925, 0x2125, 0x2125, 0x2125, 0x2125, 0x1925, 0x1925, 0x1925, 0x1925, 0x1925, 0x2125, 0x2125, 0x2125, 0x2125, 
	0x1925, 0x1925, 0x2125, 0x2125, 0x2125, 0x2125, 0x2125, 0x2125, 0x2125, 0x2145, 0x2145, 0x2145, 0x2145, 0x2145, 0x2145, 0x2145, 
	0x2146, 0x2145, 0x2145, 0x2145, 0x2145, 0x2145, 0x1945, 0x1945, 0x2145, 0x2145, 0x1945, 0x2145, 0x2145, 0x2145, 0x2145, 0x2145, 
	0x2145, 0x2145, 0x2145, 0x2145, 0x2145, 0x2145, 0x2145, 0x2145, 0x2145, 0x2145, 0x2145, 0x2145, 0x2145, 0x2145, 0x1925, 0x1925, 
	0x1925, 0x1925, 0x1925, 0x1925, 0x2125, 0x2125, 0x2125, 0x1925, 0x2125, 0x2125, 0x2125, 0x1925, 0x1925, 0x1925, 0x1925, 0x1925, 
	0x1925, 0x1925, 0x1925, 0x1925, 0x1925, 0x1925, 0x2145, 0x2145, 0x1925, 0x1925, 0x1925, 0x2145, 0x2145, 0x2145, 0x2145, 0x2145, 
	0x1925, 0x2145, 0x1925, 0x1925, 0x1925, 0x1925, 0x1925, 0x1925, 0x1925, 0x1925, 0x1925, 0x1925, 0x1925, 0x1925, 0x1925, 0x1925, 
	0x1925, 0x1925, 0x1925, 0x1925, 0x1925, 0x1925, 0x1925, 0x2145, 0x1925, 0x1925, 0x1925, 0x1925, 0x1925, 0x1925, 0x1925, 0x1925, 
	0x1925, 0x1925, 0x1925, 0x1925, 0x1925, 0x1925, 0x1925, 0x1925, 0x1925, 0x1925, 0x1925, 0x1925, 0x1925, 0x1925, 0x1925, 0x1925, 
	0x1925, 0x1925, 0x1925, 0x1925, 0x1925, 0x1925, 0x1925, 0x1925, 0x1945, 0x1945, 0x1925, 0x1925, 0x1945, 0x1945, 0x1945, 0x1945, 
	0x1945, 0x1945, 0x1925, 0x1925, 0x1925, 0x1925, 0x1925, 0x1925, 0x2145, 0x1925, 0x1925, 0x1925, 0x2125, 0x2125, 0x1925, 0x1925, 
	0x1925, 0x1925, 0x1925, 0x1925, 0x1925, 0x1925, 0x1925, 0x1925, 0x1925, 0x1925, 0x1925, 0x1925, 0x1925, 0x1925, 0x1925, 0x1925, 
	0x1925, 0x1925, 0x1925, 0x1925, 0x1925, 0x1925, 0x1925, 0x1925, 0x1925, 0x1925, 0x1925, 0x1925, 0x1925, 0x1925, 0x1925, 0x2145, 
	0x2145, 0x2145, 0x1925, 0x1925, 0x1925, 0x1925, 0x2145, 0x2145, 0x2145, 0x2145, 0x2125, 0x2125, 0x2125, 0x2125, 0x2125, 0x2145, 
	0x1925, 0x2125, 0x2145, 0x2145, 0x2125, 0x2125, 0x2125, 0x2145, 0x1925, 0x1925, 0x1925, 0x1925, 0x1925, 0x1925, 0x1925, 0x2145, 
	0x1925, 0x1925, 0x1925, 0x1925, 0x1925, 0x1925, 0x1925, 0x1925, 0x1925, 0x1925, 0x1925, 0x1925, 0x1925, 0x1925, 0x2125, 0x2125, 
	0x1925, 0x1925, 0x1925, 0x2125, 0x2125, 0x2125, 0x2125, 0x2125, 0x2125, 0x2145, 0x2145, 0x2145, 0x2145, 0x2145, 0x2145, 0x1945, 
	0x2145, 0x1945, 0x1945, 0x2145, 0x2145, 0x1945, 0x1925, 0x1945, 0x1925, 0x1925, 0x1925, 0x1925, 0x1925, 0x1925, 0x1925, 0x1925, 
	0x1925, 0x2125, 0x2125, 0x1925, 0x1925, 0x1925, 0x1925, 0x1925, 0x2125, 0x2125, 0x1925, 0x2125, 0x2125, 0x2125, 0x2125, 0x2125, 
	0x1925, 0x1925, 0x1925, 0x1925, 0x1925, 0x1925, 0x1925, 0x1925, 0x1925, 0x1925, 0x1925, 0x1925, 0x1925, 0x1925, 0x1925, 0x1925, 
	0x1925, 0x1925, 0x1925, 0x1925, 0x1925, 0x1925, 0x1925, 0x2145, 0x2145, 0x1925, 0x1925, 0x2145, 0x2145, 0x1925, 0x1925, 0x2145, 
	0x1925, 0x1925, 0x1925, 0x1925, 0x1925, 0x1925, 0x1925, 0x1905, 0x1925, 0x1925, 0x1925, 0x1925, 0x1925, 0x1925, 0x1925, 0x1925, 
	0x1925, 0x1925, 0x1925, 0x1925, 0x1924, 0x1904, 0x1925, 0x1925, 0x1925, 0x1925, 0x1925, 0x1925, 0x1925, 0x1925, 0x1925, 0x1925, 
	0x1925, 0x1925, 0x1925, 0x1925, 0x1925, 0x1925, 0x1925, 0x1925, 0x1945, 0x1925, 0x1925, 0x1925, 0x1925, 0x1925, 0x1925, 0x1925, 
	0x1925, 0x1925, 0x1925, 0x1925, 0x1925, 0x1925, 0x1925, 0x1925, 0x1925, 0x1925, 0x1925, 0x1925, 0x1925, 0x1945, 0x1945, 0x1945, 
	0x1945, 0x1925, 0x1925, 0x1925, 0x1925, 0x1925, 0x1925, 0x1925, 0x1925, 0x1925, 0x1925, 0x1925, 0x1925, 0x1925, 0x1925, 0x1925, 
	0x1925, 0x1925, 0x1925, 0x1925, 0x1925, 0x1925, 0x1925, 0x1925, 0x1925, 0x1925, 0x1925, 0x1925, 0x1925, 0x1925, 0x1925, 0x1925, 
	0x1925, 0x1925, 0x1925, 0x1925, 0x1925, 0x1925, 0x1925, 0x1925, 0x1925, 0x1925, 0x1925, 0x1925, 0x1925, 0x1925, 0x1925, 0x2145, 
	0x2145, 0x2145, 0x2145, 0x2145, 0x2145, 0x2145, 0x2145, 0x2145, 0x1925, 0x1925, 0x1925, 0x1925, 0x1925, 0x1925, 0x2125, 0x2125, 
	0x1925, 0x1925, 0x2125, 0x2125, 0x1925, 0x1925, 0x2125, 0x2145, 0x1925, 0x1925, 0x1925, 0x1925, 0x1925, 0x1925, 0x1925, 0x1925, 
	0x1925, 0x1925, 0x1925, 0x1925, 0x1925, 0x1925, 0x1925, 0x1925, 0x1925, 0x1925, 0x1925, 0x1925, 0x1925, 0x1925, 0x1925, 0x1925, 
	0x1925, 0x1925, 0x1925, 0x1925, 0x1925, 0x1925, 0x1925, 0x1925, 0x1925, 0x1925, 0x1925, 0x1925, 0x1925, 0x1925, 0x1925, 0x1925, 
	0x2145, 0x1925, 0x1925, 0x2125, 0x2125, 0x1925, 0x1925, 0x1925, 0x1925, 0x1925, 0x1925, 0x1925, 0x1925, 0x1925, 0x1925, 0x1925, 
	0x1925, 0x1925, 0x1925, 0x1925, 0x1925, 0x1925, 0x1925, 0x1925, 0x1925, 0x1925, 0x1925, 0x1925, 0x1925, 0x1925, 0x1925, 0x1925, 
	0x1925, 0x1925, 0x1925, 0x1925, 0x1925, 0x1925, 0x1925, 0x1925, 0x1925, 0x1925, 0x1925, 0x1925, 0x1925, 0x1925, 0x1925, 0x1925, 
	0x1925, 0x1925, 0x1925, 0x1925, 0x1925, 0x2125, 0x2125, 0x2125, 0x2125, 0x1925, 0x1925, 0x2145, 0x1925, 0x1925, 0x1925, 0x1925, 
	0x1925, 0x1925, 0x1925, 0x1925, 0x1925, 0x1925, 0x1925, 0x1905, 0x1925, 0x1925, 0x1925, 0x1925, 0x1925, 0x1905, 0x1925, 0x2145, 
	0x1925, 0x1925, 0x1925, 0x1925, 0x1925, 0x1924, 0x1924, 0x1925, 0x1925, 0x1925, 0x1925, 0x1925, 0x1925, 0x1925, 0x1925, 0x1925, 
	0x1925, 0x1945, 0x1945, 0x1945, 0x1925, 0x1925, 0x1925, 0x1945, 0x1945, 0x1945, 0x1925, 0x1925, 0x1925, 0x1925, 0x1925, 0x1925, 
	0x1925, 0x1925, 0x1925, 0x1925, 0x1925, 0x1925, 0x1925, 0x1925, 0x1925, 0x1925, 0x1925, 0x1925, 0x1925, 0x1925, 0x1945, 0x2145, 
	0x1925, 0x1925, 0x1925, 0x1925, 0x1925, 0x1925, 0x1925, 0x2145, 0x1925, 0x1925, 0x1925, 0x1925, 0x1925, 0x1925, 0x1925, 0x1925, 
	0x1925, 0x1925, 0x1925, 0x1925, 0x1925, 0x1925, 0x1925, 0x1925, 0x1925, 0x1925, 0x1925, 0x1925, 0x1925, 0x1925, 0x1925, 0x1925, 
	0x1945, 0x1925, 0x1925, 0x1925, 0x1925, 0x1925, 0x1925, 0x1925, 0x1925, 0x1925, 0x1925, 0x1945, 0x1945, 0x1945, 0x1945, 0x1945, 
	0x2145, 0x2145, 0x2145, 0x2145, 0x2145, 0x2145, 0x1925, 0x1925, 0x1925, 0x1925, 0x1925, 0x1925, 0x1925, 0x1925, 0x1925, 0x1925, 
	0x1925, 0x1925, 0x1925, 0x1925, 0x1925, 0x1925, 0x1925, 0x1925, 0x1925, 0x1925, 0x1925, 0x1925, 0x1925, 0x1925, 0x1925, 0x1925, 
	0x1925, 0x1925, 0x1925, 0x1925, 0x1925, 0x1925, 0x1925, 0x1925, 0x1925, 0x1925, 0x1925, 0x1925, 0x1925, 0x1925, 0x1925, 0x1925, 
	0x1925, 0x1925, 0x1925, 0x1925, 0x1925, 0x1925, 0x1925, 0x1925, 0x2125, 0x2125, 0x2125, 0x1925, 0x1925, 0x1925, 0x1925, 0x2125, 
	0x1925, 0x1925, 0x1925, 0x2125, 0x2125, 0x1925, 0x1925, 0x2125, 0x2145, 0x1925, 0x1925, 0x1925, 0x2145, 0x2145, 0x2145, 0x2145, 
	0x1925, 0x1925, 0x1925, 0x1925, 0x1925, 0x2125, 0x2125, 0x1925, 0x1925, 0x1925, 0x1925, 0x1925, 0x1925, 0x1925, 0x1925, 0x1925, 
	0x1925, 0x1925, 0x1925, 0x1925, 0x1925, 0x1925, 0x1925, 0x1925, 0x2125, 0x1925, 0x1925, 0x1925, 0x1925, 0x1925, 0x1925, 0x1925, 
	0x1925, 0x1925, 0x1925, 0x1925, 0x1925, 0x2125, 0x2125, 0x2125, 0x2125, 0x1925, 0x1925, 0x2145, 0x2145, 0x1925, 0x1925, 0x1925, 
	0x1925, 0x2125, 0x2125, 0x1925, 0x1925, 0x2125, 0x1925, 0x1925, 0x1925, 0x1925, 0x1925, 0x1925, 0x1925, 0x1925, 0x1925, 0x2145, 
	0x1925, 0x1925, 0x1925, 0x2145, 0x2145, 0x1925, 0x1925, 0x1925, 0x1925, 0x1925, 0x1925, 0x1925, 0x1925, 0x1925, 0x1925, 0x1925, 
	0x1925, 0x1945, 0x1945, 0x1945, 0x1925, 0x1925, 0x1945, 0x1945, 0x2145, 0x1945, 0x1925, 0x1925, 0x1945, 0x1945, 0x1925, 0x1925, 
	0x2145, 0x2145, 0x2145, 0x1925, 0x1925, 0x1925, 0x1925, 0x1925, 0x1925, 0x1925, 0x1925, 0x1925, 0x1945, 0x1945, 0x1945, 0x1945, 
	0x1925, 0x1925, 0x1925, 0x1925, 0x1925, 0x1925, 0x2125, 0x2125, 0x1925, 0x1925, 0x2125, 0x1925, 0x1925, 0x1925, 0x1925, 0x2125, 
	0x1925, 0x1925, 0x1925, 0x1925, 0x1925, 0x1925, 0x1925, 0x1925, 0x1925, 0x1925, 0x1925, 0x1925, 0x1925, 0x1925, 0x1925, 0x1925, 
	0x1925, 0x1925, 0x1925, 0x1925, 0x1925, 0x1925, 0x1925, 0x1925, 0x1925, 0x1925, 0x1925, 0x1925, 0x1925, 0x1945, 0x1945, 0x1925, 
	0x2145, 0x2145, 0x2145, 0x1925, 0x1925, 0x1925, 0x1925, 0x1925, 0x1925, 0x1925, 0x1925, 0x2125, 0x2125, 0x1925, 0x1925, 0x1925, 
	0x2125, 0x1925, 0x1925, 0x1925, 0x1925, 0x1925, 0x1925, 0x1925, 0x1925, 0x1925, 0x1925, 0x1925, 0x1925, 0x1925, 0x1925, 0x1925, 
	0x1925, 0x1925, 0x1925, 0x1925, 0x1925, 0x1925, 0x1925, 0x1925, 0x1925, 0x1925, 0x1925, 0x1925, 0x1925, 0x1925, 0x1925, 0x1925, 
	0x2125, 0x2125, 0x2125, 0x2125, 0x1925, 0x1925, 0x1925, 0x1925, 0x2146, 0x2125, 0x2125, 0x1925, 0x1925, 0x2126, 0x2126, 0x2146, 
	0x1925, 0x1925, 0x1925, 0x2125, 0x1925, 0x1925, 0x1925, 0x1925, 0x1925, 0x1925, 0x1925, 0x1925, 0x1925, 0x1925, 0x1925, 0x1925, 
	0x1925, 0x1925, 0x1925, 0x1925, 0x1925, 0x2125, 0x2125, 0x2125, 0x2125, 0x1925, 0x1925, 0x1925, 0x1925, 0x2125, 0x1925, 0x1925, 
	0x1925, 0x1925, 0x1925, 0x1925, 0x1925, 0x1925, 0x1925, 0x1925, 0x2125, 0x1925, 0x1925, 0x1925, 0x1925, 0x1925, 0x1925, 0x1925, 
	0x1925, 0x1925, 0x1925, 0x1925, 0x1925, 0x1925, 0x1925, 0x1925, 0x2125, 0x1925, 0x1925, 0x2125, 0x2125, 0x1925, 0x1925, 0x1925, 
	0x1925, 0x1925, 0x1925, 0x1925, 0x1925, 0x1925, 0x1925, 0x1925, 0x1925, 0x1925, 0x1925, 0x1925, 0x1925, 0x1925, 0x1925, 0x1925, 
	0x1925, 0x1925, 0x1925, 0x2145, 0x2145, 0x1925, 0x1925, 0x1925, 0x2145, 0x1925, 0x1925, 0x1925, 0x1925, 0x1925, 0x1925, 0x1925, 
	0x1925, 0x1945, 0x1945, 0x1945, 0x1925, 0x1925, 0x1945, 0x1945, 0x2145, 0x1945, 0x1925, 0x1925, 0x1945, 0x1945, 0x1945, 0x1925, 
	0x2145, 0x2145, 0x2145, 0x1925, 0x1925, 0x1925, 0x1925, 0x1925, 0x1925, 0x1925, 0x1925, 0x1925, 0x1945, 0x1945, 0x1925, 0x1925, 
	0x1945, 0x1925, 0x1925, 0x1925, 0x1925, 0x1925, 0x2125, 0x2146, 0x1925, 0x2125, 0x2125, 0x2125, 0x1925, 0x1925, 0x1925, 0x1925, 
	0x1925, 0x1925, 0x1925, 0x1925, 0x1925, 0x1925, 0x1925, 0x1925, 0x1925, 0x1925, 0x1925, 0x1925, 0x1925, 0x1925, 0x1925, 0x1925, 
	0x1925, 0x1925, 0x1925, 0x1925, 0x1925, 0x1925, 0x1925, 0x1925, 0x1925, 0x1925, 0x1925, 0x1925, 0x1925, 0x1945, 0x1945, 0x1925, 
	0x2145, 0x2145, 0x1925, 0x1925, 0x1925, 0x1925, 0x1925, 0x1925, 0x1925, 0x1925, 0x2125, 0x2125, 0x2125, 0x1925, 0x1925, 0x1925, 
	0x2125, 0x1925, 0x1925, 0x1925, 0x1925, 0x2125, 0x1925, 0x1925, 0x1925, 0x1925, 0x1925, 0x1925, 0x1925, 0x1925, 0x1925, 0x1925, 
	0x1925, 0x1925, 0x1925, 0x1925, 0x1925, 0x1925, 0x1925, 0x1925, 0x2125, 0x1925, 0x1925, 0x1925, 0x1925, 0x1925, 0x1925, 0x1925, 
	0x2145, 0x2125, 0x2125, 0x2125, 0x1925, 0x1925, 0x1925, 0x1925, 0x1925, 0x1925, 0x1925, 0x1925, 0x1925, 0x1925, 0x1926, 0x2126, 
	0x1925, 0x1925, 0x1925, 0x2125, 0x1925, 0x1925, 0x1925, 0x1925, 0x2125, 0x1925, 0x1925, 0x1925, 0x1925, 0x1925, 0x1925, 0x1925, 
	0x1925, 0x1925, 0x1925, 0x1925, 0x1925, 0x2145, 0x2125, 0x1925, 0x1925, 0x1925, 0x1925, 0x1925, 0x1925, 0x1925, 0x1925, 0x1925, 
	0x1925, 0x1925, 0x1925, 0x1925, 0x1925, 0x1925, 0x2125, 0x2146, 0x1925, 0x1925, 0x1925, 0x1925, 0x1925, 0x1925, 0x2125, 0x2125, 
	0x2125, 0x1925, 0x1925, 0x1925, 0x1925, 0x1925, 0x1925, 0x2125, 0x1925, 0x1925, 0x1925, 0x1925, 0x1925, 0x1925, 0x1925, 0x1925, 
	0x1925, 0x1925, 0x1925, 0x1925, 0x1925, 0x1925, 0x1925, 0x1905, 0x1925, 0x1925, 0x1905, 0x1905, 0x1925, 0x1925, 0x1925, 0x1925, 
	0x1925, 0x1925, 0x1925, 0x1925, 0x1925, 0x1925, 0x1925, 0x1925, 0x1925, 0x1925, 0x1925, 0x1925, 0x1925, 0x1925, 0x1925, 0x1925, 
	0x1945, 0x1945, 0x1945, 0x1945, 0x1945, 0x1945, 0x1945, 0x1945, 0x1945, 0x1945, 0x1925, 0x1925, 0x1945, 0x1945, 0x1945, 0x1945, 
	0x1925, 0x1945, 0x1945, 0x1945, 0x1925, 0x1925, 0x1925, 0x1925, 0x2145, 0x1925, 0x1925, 0x1925, 0x1925, 0x1925, 0x1925, 0x1925, 
	0x1925, 0x1925, 0x1925, 0x1925, 0x1925, 0x1925, 0x1925, 0x1925, 0x1925, 0x1925, 0x1925, 0x1925, 0x1925, 0x1925, 0x1925, 0x1925, 
	0x1925, 0x1925, 0x1925, 0x1925, 0x1925, 0x1925, 0x1925, 0x1925, 0x1925, 0x1925, 0x1925, 0x1925, 0x1925, 0x1925, 0x1925, 0x1925, 
	0x1925, 0x1925, 0x1925, 0x1925, 0x1945, 0x1945, 0x1925, 0x1925, 0x1945, 0x1925, 0x1925, 0x1925, 0x1945, 0x1945, 0x1945, 0x1925, 
	0x2145, 0x2145, 0x1925, 0x1925, 0x1925, 0x1925, 0x1925, 0x1925, 0x1925, 0x1925, 0x1925, 0x1925, 0x1925, 0x1925, 0x2125, 0x2125, 
	0x1925, 0x1925, 0x1925, 0x1925, 0x2125, 0x2125, 0x1925, 0x1925, 0x1925, 0x1925, 0x1925, 0x1925, 0x1925, 0x1925, 0x1925, 0x1925, 
	0x1925, 0x1925, 0x1925, 0x1925, 0x1925, 0x1925, 0x1925, 0x1925, 0x1925, 0x1925, 0x1925, 0x1925, 0x1925, 0x1925, 0x1925, 0x1925, 
	0x1925, 0x1925, 0x1925, 0x1925, 0x1925, 0x1925, 0x1925, 0x1925, 0x1925, 0x1925, 0x1925, 0x2125, 0x2126, 0x2126, 0x1926, 0x1925, 
	0x2125, 0x2125, 0x2125, 0x2125, 0x1925, 0x1925, 0x1925, 0x1925, 0x1925, 0x1925, 0x1925, 0x1925, 0x1925, 0x1925, 0x1925, 0x1925, 
	0x1945, 0x1925, 0x1925, 0x1925, 0x1945, 0x2145, 0x2125, 0x2125, 0x1925, 0x1925, 0x1925, 0x1925, 0x1925, 0x2125, 0x2125, 0x2145, 
	0x2125, 0x2125, 0x2125, 0x1925, 0x1925, 0x1925, 0x1925, 0x2125, 0x1925, 0x1925, 0x1925, 0x1925, 0x1925, 0x1925, 0x2125, 0x2125, 
	0x2125, 0x1925, 0x1925, 0x1925, 0x1925, 0x1925, 0x1925, 0x2125, 0x2125, 0x2125, 0x2125, 0x2125, 0x2125, 0x2125, 0x1925, 0x1925, 
	0x1925, 0x1925, 0x1925, 0x1925, 0x1925, 0x1925, 0x1925, 0x1905, 0x1925, 0x1905, 0x1905, 0x1905, 0x1905, 0x1925, 0x1925, 0x1925, 
	0x1925, 0x1925, 0x1925, 0x1925, 0x1924, 0x1924, 0x1925, 0x1925, 0x1925, 0x1925, 0x1925, 0x1925, 0x1925, 0x1925, 0x1925, 0x1925, 
	0x1925, 0x1945, 0x1945, 0x1945, 0x1945, 0x1945, 0x1945, 0x1945, 0x1945, 0x1945, 0x1925, 0x1925, 0x1925, 0x1945, 0x1945, 0x1945, 
	0x1945, 0x1945, 0x1945, 0x1945, 0x1945, 0x1925, 0x1925, 0x1925, 0x1925, 0x1925, 0x1925, 0x1925, 0x1925, 0x1925, 0x1925, 0x1925, 
	0x1925, 0x1925, 0x1925, 0x1925, 0x1925, 0x1925, 0x1925, 0x1926, 0x1926, 0x1926, 0x1925, 0x1925, 0x1925, 0x1925, 0x1925, 0x1925, 
	0x1925, 0x1925, 0x1925, 0x1925, 0x1925, 0x1925, 0x1925, 0x1925, 0x1925, 0x1925, 0x1925, 0x1925, 0x1925, 0x1925, 0x1925, 0x1925, 
	0x1925, 0x1925, 0x1925, 0x1925, 0x1925, 0x1925, 0x1925, 0x1945, 0x1945, 0x1925, 0x1925, 0x1925, 0x1925, 0x1945, 0x1925, 0x1925, 
	0x1925, 0x1925, 0x1925, 0x1925, 0x1925, 0x1925, 0x1925, 0x1925, 0x1925, 0x1925, 0x1925, 0x1925, 0x1925, 0x1925, 0x1925, 0x1925, 
	0x1925, 0x1925, 0x1925, 0x1925, 0x1925, 0x1925, 0x1925, 0x2125, 0x1925, 0x1925, 0x1925, 0x1925, 0x2125, 0x2125, 0x1925, 0x1925, 
	0x1925, 0x1925, 0x1925, 0x1925, 0x1925, 0x1925, 0x1925, 0x1925, 0x1925, 0x1925, 0x1925, 0x1925, 0x1925, 0x1925, 0x1925, 0x1925, 
	0x1925, 0x1925, 0x1925, 0x1925, 0x1925, 0x1925, 0x1925, 0x1925, 0x1925, 0x1925, 0x2125, 0x2125, 0x2146, 0x2126, 0x1925, 0x1925, 
	0x1925, 0x1925, 0x1925, 0x1925, 0x1925, 0x1925, 0x1925, 0x1925, 0x1925, 0x1925, 0x1925, 0x1925, 0x1925, 0x1925, 0x1925, 0x1925, 
	0x1945, 0x1945, 0x1945, 0x1925, 0x1945, 0x1945, 0x2145, 0x2125, 0x1925, 0x1925, 0x1925, 0x1925, 0x1925, 0x2125, 0x2125, 0x2145, 
	0x2125, 0x2125, 0x2125, 0x1925, 0x1925, 0x1925, 0x1925, 0x1925, 0x1925, 0x1925, 0x1925, 0x1925, 0x1925, 0x1925, 0x2125, 0x2125, 
	0x1925, 0x1925, 0x1925, 0x1925, 0x1925, 0x1925, 0x1925, 0x1925, 0x2125, 0x2125, 0x2125, 0x2125, 0x2125, 0x2125, 0x1925, 0x1925, 
	0x2125, 0x1925, 0x1925, 0x1925, 0x1925, 0x1925, 0x1925, 0x1925, 0x1905, 0x1925, 0x1925, 0x1925, 0x1925, 0x1925, 0x1925, 0x2145, 
	0x1925, 0x1925, 0x1925, 0x1925, 0x1925, 0x1925, 0x1925, 0x1925, 0x1925, 0x1925, 0x1925, 0x1925, 0x1925, 0x1925, 0x1925, 0x1925, 
	0x1925, 0x1945, 0x1945, 0x1945, 0x1945, 0x1945, 0x1945, 0x1945, 0x1945, 0x1945, 0x1925, 0x1925, 0x1925, 0x1925, 0x1945, 0x1945, 
	0x1945, 0x1945, 0x1925, 0x1925, 0x1945, 0x1945, 0x1925, 0x1925, 0x1925, 0x1925, 0x1925, 0x1925, 0x1925, 0x1925, 0x1925, 0x1925, 
	0x1925, 0x1925, 0x1925, 0x1925, 0x2125, 0x2125, 0x1925, 0x1926, 0x2126, 0x1925, 0x1925, 0x1925, 0x1925, 0x1925, 0x1925, 0x1925, 
	0x1925, 0x1925, 0x1925, 0x1925, 0x1925, 0x1925, 0x1925, 0x1925, 0x1925, 0x1925, 0x1925, 0x1925, 0x1925, 0x1925, 0x1925, 0x1925, 
	0x1925, 0x1925, 0x1925, 0x1925, 0x1925, 0x1925, 0x1925, 0x1925, 0x1945, 0x1945, 0x1925, 0x1925, 0x1925, 0x1925, 0x1925, 0x1925, 
	0x1925, 0x1925, 0x1925, 0x1925, 0x1925, 0x1925, 0x1925, 0x1925, 0x2125, 0x2145, 0x2145, 0x2125, 0x2125, 0x1925, 0x1925, 0x2125, 
	0x1925, 0x2125, 0x2125, 0x1925, 0x1925, 0x1925, 0x2125, 0x2146, 0x1925, 0x1925, 0x1925, 0x1925, 0x2125, 0x2125, 0x2125, 0x1925, 
	0x2125, 0x1925, 0x1925, 0x1925, 0x1925, 0x1925, 0x1925, 0x1925, 0x1925, 0x1925, 0x1925, 0x1925, 0x1925, 0x1925, 0x1925, 0x1925, 
	0x1925, 0x1925, 0x1925, 0x1925, 0x1925, 0x1925, 0x1925, 0x1925, 0x1925, 0x1925, 0x2125, 0x2146, 0x2125, 0x2125, 0x1925, 0x1925, 
	0x1925, 0x1925, 0x1925, 0x1925, 0x1925, 0x1925, 0x1925, 0x1925, 0x1925, 0x1925, 0x1925, 0x1925, 0x1925, 0x1925, 0x1925, 0x1925, 
	0x1945, 0x1945, 0x1945, 0x1945, 0x1925, 0x1925, 0x1925, 0x1925, 0x2145, 0x2125, 0x1925, 0x1925, 0x1925, 0x2125, 0x2125, 0x2125, 
	0x1925, 0x1925, 0x1925, 0x1925, 0x1925, 0x1925, 0x2125, 0x2125, 0x1925, 0x1925, 0x1925, 0x1925, 0x1925, 0x1925, 0x1925, 0x2125, 
	0x1925, 0x1925, 0x1925, 0x1925, 0x1925, 0x1925, 0x1925, 0x1925, 0x1925, 0x1925, 0x1925, 0x1925, 0x1925, 0x1925, 0x1925, 0x1925, 
	0x1925, 0x1925, 0x1925, 0x1925, 0x1925, 0x1925, 0x1925, 0x1925, 0x1925, 0x1925, 0x1925, 0x1925, 0x1925, 0x1925, 0x1925, 0x2145, 
	0x1925, 0x1925, 0x1925, 0x1925, 0x1925, 0x1925, 0x1925, 0x1925, 0x1925, 0x1925, 0x1925, 0x1925, 0x1925, 0x1925, 0x1925, 0x1925, 
	0x1945, 0x1945, 0x1945, 0x1945, 0x1945, 0x1925, 0x1945, 0x1945, 0x1945, 0x1945, 0x1925, 0x1925, 0x1925, 0x1925, 0x1925, 0x1925, 
	0x1945, 0x1945, 0x1925, 0x1925, 0x1925, 0x1925, 0x1925, 0x1925, 0x1925, 0x1925, 0x1925, 0x1925, 0x1925, 0x1925, 0x1925, 0x1925, 
	0x1925, 0x1925, 0x1925, 0x1925, 0x1925, 0x1925, 0x1925, 0x1925, 0x1925, 0x1925, 0x1925, 0x1925, 0x1925, 0x1925, 0x1925, 0x1925, 
	0x1925, 0x1925, 0x1925, 0x1925, 0x1925, 0x1925, 0x1925, 0x1925, 0x1925, 0x1925, 0x1925, 0x1925, 0x1925, 0x1925, 0x1925, 0x1925, 
	0x1925, 0x1925, 0x1925, 0x1925, 0x1925, 0x1925, 0x1925, 0x1925, 0x1945, 0x1945, 0x1945, 0x1925, 0x1925, 0x1925, 0x1925, 0x1925, 
	0x1925, 0x1925, 0x1925, 0x1925, 0x1925, 0x2125, 0x2125, 0x1925, 0x2125, 0x2125, 0x2145, 0x2125, 0x2125, 0x1925, 0x1925, 0x2125, 
	0x1925, 0x1925, 0x2125, 0x2125, 0x1925, 0x1925, 0x1925, 0x2146, 0x1925, 0x1925, 0x1925, 0x1925, 0x1925, 0x1925, 0x1925, 0x1925, 
	0x2125, 0x2125, 0x2125, 0x1925, 0x1925, 0x1925, 0x1925, 0x1925, 0x1925, 0x1925, 0x1925, 0x1925, 0x1925, 0x1925, 0x1925, 0x1925, 
	0x1925, 0x1925, 0x1925, 0x1925, 0x1925, 0x1925, 0x1925, 0x1925, 0x1925, 0x2125, 0x2125, 0x2125, 0x2125, 0x1925, 0x1925, 0x1925, 
	0x1925, 0x1925, 0x1925, 0x1925, 0x1925, 0x1925, 0x1925, 0x1925, 0x1925, 0x1925, 0x1925, 0x1925, 0x2125, 0x1925, 0x1925, 0x1925, 
	0x1945, 0x1945, 0x1945, 0x1945, 0x1925, 0x1925, 0x1925, 0x1925, 0x1925, 0x1925, 0x1925, 0x1925, 0x1925, 0x1925, 0x1925, 0x1925, 
	0x1925, 0x1925, 0x1925, 0x1925, 0x1925, 0x1925, 0x1925, 0x1925, 0x1925, 0x1925, 0x1925, 0x1925, 0x1925, 0x1925, 0x1925, 0x1925, 
	0x1925, 0x1925, 0x1925, 0x1925, 0x1925, 0x1925, 0x1925, 0x1925, 0x1925, 0x1925, 0x1925, 0x1925, 0x1925, 0x1925, 0x1925, 0x1925, 
	0x1925, 0x1925, 0x1925, 0x1925, 0x1925, 0x1925, 0x1925, 0x1925, 0x1925, 0x1925, 0x1925, 0x1925, 0x1925, 0x1925, 0x1925, 0x1925, 
	0x1925, 0x1925, 0x1925, 0x1925, 0x1925, 0x1924, 0x1924, 0x1925, 0x1925, 0x1925, 0x1925, 0x1925, 0x1925, 0x1925, 0x1925, 0x1925, 
	0x1945, 0x1945, 0x1945, 0x1945, 0x1945, 0x1925, 0x1945, 0x1945, 0x1945, 0x1945, 0x1925, 0x1925, 0x1925, 0x1925, 0x1925, 0x1925, 
	0x1945, 0x1945, 0x1925, 0x1925, 0x1925, 0x1925, 0x1925, 0x1925, 0x2145, 0x1925, 0x1925, 0x1925, 0x1925, 0x1925, 0x1925, 0x1925, 
	0x1925, 0x1925, 0x1925, 0x1925, 0x1925, 0x1925, 0x1925, 0x1925, 0x1925, 0x1925, 0x1925, 0x1925, 0x1925, 0x1925, 0x1925, 0x1925, 
	0x1925, 0x1925, 0x1925, 0x1925, 0x1925, 0x1925, 0x1925, 0x1925, 0x1925, 0x1925, 0x1925, 0x1925, 0x1925, 0x1925, 0x1925, 0x1925, 
	0x1925, 0x1925, 0x1925, 0x1925, 0x1925, 0x1945, 0x1945, 0x1945, 0x1945, 0x1945, 0x1945, 0x1945, 0x1925, 0x1925, 0x1925, 0x1925, 
	0x1925, 0x1925, 0x1925, 0x1925, 0x1925, 0x1925, 0x1925, 0x1925, 0x1925, 0x1925, 0x1925, 0x1925, 0x1925, 0x1925, 0x1925, 0x1925, 
	0x1925, 0x1925, 0x1925, 0x1925, 0x1925, 0x1925, 0x1925, 0x1925, 0x2125, 0x1925, 0x1925, 0x1925, 0x1925, 0x1925, 0x1925, 0x1925, 
	0x1925, 0x1925, 0x1925, 0x2125, 0x1925, 0x1925, 0x1925, 0x1925, 0x1925, 0x1925, 0x1925, 0x1925, 0x1925, 0x1925, 0x1945, 0x1945, 
	0x1925, 0x1925, 0x1925, 0x1925, 0x1925, 0x1925, 0x1925, 0x1925, 0x1925, 0x1925, 0x2125, 0x1925, 0x1925, 0x1925, 0x1925, 0x1925, 
	0x1925, 0x1925, 0x1925, 0x1925, 0x1925, 0x1925, 0x1925, 0x1925, 0x1925, 0x1925, 0x1925, 0x1925, 0x1925, 0x1925, 0x1925, 0x1925, 
	0x1945, 0x1945, 0x1945, 0x1925, 0x1925, 0x1925, 0x1925, 0x1925, 0x1925, 0x1925, 0x1925, 0x1925, 0x1925, 0x1925, 0x1925, 0x1925, 
	0x2125, 0x1925, 0x1925, 0x1925, 0x1925, 0x1925, 0x1925, 0x1925, 0x1925, 0x1925, 0x1925, 0x1925, 0x1925, 0x1925, 0x1925, 0x1925, 
	0x1925, 0x1925, 0x1925, 0x1925, 0x1925, 0x1925, 0x1925, 0x1925, 0x1925, 0x1925, 0x1925, 0x1925, 0x1925, 0x1925, 0x1925, 0x1925, 
	0x1925, 0x1925, 0x1925, 0x1925, 0x1925, 0x1925, 0x1925, 0x1925, 0x1925, 0x1925, 0x1925, 0x1925, 0x1925, 0x1925, 0x1925, 0x1925, 
	0x1925, 0x1925, 0x1925, 0x1925, 0x1925, 0x1925, 0x1925, 0x1925, 0x1925, 0x1925, 0x1925, 0x1925, 0x2145, 0x2145, 0x2145, 0x1925, 
	0x1945, 0x1945, 0x1945, 0x1945, 0x1925, 0x1925, 0x1945, 0x1945, 0x1945, 0x1945, 0x1925, 0x1925, 0x1925, 0x1925, 0x1925, 0x1925, 
	0x1925, 0x1925, 0x1945, 0x1925, 0x1925, 0x1925, 0x1925, 0x1925, 0x2145, 0x1925, 0x1925, 0x1925, 0x1925, 0x1925, 0x2125, 0x1925, 
	0x1925, 0x1925, 0x1925, 0x1925, 0x1925, 0x1925, 0x1925, 0x1925, 0x1925, 0x1925, 0x1925, 0x1925, 0x1925, 0x1925, 0x1925, 0x1925, 
	0x1925, 0x1925, 0x1925, 0x1925, 0x1925, 0x1925, 0x1925, 0x1925, 0x1925, 0x1925, 0x1925, 0x1925, 0x1925, 0x1925, 0x1925, 0x1925, 
	0x1925, 0x1945, 0x1925, 0x1925, 0x1925, 0x1945, 0x1945, 0x1945, 0x1925, 0x1945, 0x1945, 0x1945, 0x1925, 0x1925, 0x1925, 0x1925, 
	0x1925, 0x1925, 0x1925, 0x1925, 0x1925, 0x1925, 0x1925, 0x1925, 0x1925, 0x1925, 0x1925, 0x1925, 0x1925, 0x1925, 0x1925, 0x1925, 
	0x1925, 0x1925, 0x1925, 0x1925, 0x1925, 0x1925, 0x1925, 0x1925, 0x2125, 0x2125, 0x1925, 0x1925, 0x1925, 0x1925, 0x1925, 0x1925, 
	0x1925, 0x1925, 0x1925, 0x2125, 0x2125, 0x1925, 0x1925, 0x1925, 0x1925, 0x1945, 0x1945, 0x1945, 0x1925, 0x1945, 0x1945, 0x2145, 
	0x1925, 0x1925, 0x1945, 0x1945, 0x1945, 0x1945, 0x1925, 0x1925, 0x1925, 0x1925, 0x1925, 0x1925, 0x1925, 0x1925, 0x1925, 0x1925, 
	0x1925, 0x1925, 0x1925, 0x1925, 0x1925, 0x1925, 0x1925, 0x1925, 0x1925, 0x1925, 0x1925, 0x1925, 0x1925, 0x1925, 0x1925, 0x1925, 
	0x1945, 0x1945, 0x1945, 0x1925, 0x1925, 0x1925, 0x1925, 0x1925, 0x1925, 0x1925, 0x1925, 0x1925, 0x1925, 0x1925, 0x1925, 0x1925, 
	0x2125, 0x2125, 0x2125, 0x2125, 0x1925, 0x1925, 0x1925, 0x1925, 0x1925, 0x1925, 0x2125, 0x2125, 0x2125, 0x2125, 0x1925, 0x1925, 
	0x2125, 0x1925, 0x1925, 0x1925, 0x1925, 0x1925, 0x1925, 0x2125, 0x2125, 0x2125, 0x2125, 0x2125, 0x2125, 0x1925, 0x1925, 0x1925, 
	0x2125, 0x2125, 0x1925, 0x1925, 0x1925, 0x1925, 0x1925, 0x2125, 0x1925, 0x1925, 0x2125, 0x2125, 0x1925, 0x1925, 0x1925, 0x2145, 
	0x1925, 0x1925, 0x1925, 0x1925, 0x1925, 0x1925, 0x2145, 0x2145, 0x1925, 0x1925, 0x1925, 0x2145, 0x2145, 0x2145, 0x2145, 0x1925, 
	0x1925, 0x1945, 0x1945, 0x1925, 0x1925, 0x1925, 0x1945, 0x1945, 0x1945, 0x1945, 0x1925, 0x1925, 0x1925, 0x1925, 0x1925, 0x1925, 
	0x1925, 0x1925, 0x1925, 0x1945, 0x1945, 0x1945, 0x2145, 0x2145, 0x2145, 0x1925, 0x1925, 0x1925, 0x1925, 0x2125, 0x2125, 0x2125, 
	0x2125, 0x1925, 0x1925, 0x1925, 0x1925, 0x1925, 0x1925, 0x1925, 0x1925, 0x1925, 0x1925, 0x1925, 0x1925, 0x1925, 0x1925, 0x1925, 
	0x2125, 0x2125, 0x1925, 0x1925, 0x1925, 0x1925, 0x1925, 0x1925, 0x1925, 0x1925, 0x1925, 0x1925, 0x1925, 0x1925, 0x1925, 0x1925, 
	0x1925, 0x1945, 0x1925, 0x1925, 0x1925, 0x1945, 0x2145, 0x1945, 0x1925, 0x1945, 0x1945, 0x1945, 0x1925, 0x1925, 0x1925, 0x1925, 
	0x1925, 0x1925, 0x1925, 0x1925, 0x1925, 0x1925, 0x1925, 0x1925, 0x1925, 0x1925, 0x1925, 0x1925, 0x1925, 0x1925, 0x2125, 0x2125, 
	0x1925, 0x1925, 0x1925, 0x1925, 0x1925, 0x1925, 0x1925, 0x1925, 0x2125, 0x2125, 0x2125, 0x2125, 0x2125, 0x1925, 0x1925, 0x1925, 
	0x1925, 0x1925, 0x1925, 0x1925, 0x1925, 0x1925, 0x1925, 0x1925, 0x1925, 0x1925, 0x1945, 0x1945, 0x1945, 0x1945, 0x1945, 0x1945, 
	0x1925, 0x1925, 0x1945, 0x1945, 0x2145, 0x1945, 0x2145, 0x1925, 0x1925, 0x1925, 0x1925, 0x1925, 0x1925, 0x1925, 0x1925, 0x2145, 
	0x1925, 0x1925, 0x1925, 0x1925, 0x1925, 0x1925, 0x1925, 0x1925, 0x1925, 0x1925, 0x1925, 0x2125, 0x1925, 0x1925, 0x1925, 0x1925, 
	0x1945, 0x1945, 0x1925, 0x1925, 0x1925, 0x1925, 0x1925, 0x1925, 0x1925, 0x1925, 0x1925, 0x1925, 0x2125, 0x1925, 0x1925, 0x1925, 
	0x2125, 0x2125, 0x2125, 0x2125, 0x2125, 0x2125, 0x2125, 0x2125, 0x2125, 0x2125, 0x2125, 0x2125, 0x2125, 0x2125, 0x2125, 0x2125, 
	0x2125, 0x1925, 0x1925, 0x1925, 0x1925, 0x1925, 0x1925, 0x2125, 0x2125, 0x2125, 0x2125, 0x2125, 0x2125, 0x1925, 0x1925, 0x1925, 
	0x1925, 0x1925, 0x1925, 0x1925, 0x1925, 0x1925, 0x1925, 0x1925, 0x1905, 0x1925, 0x2125, 0x1925, 0x1925, 0x1905, 0x1925, 0x2145, 
	0x1925, 0x1925, 0x1925, 0x1925, 0x1925, 0x1925, 0x2145, 0x2145, 0x1925, 0x1925, 0x1925, 0x2145, 0x2145, 0x2145, 0x2145, 0x1925, 
	0x1925, 0x1945, 0x1925, 0x1925, 0x1925, 0x1925, 0x1945, 0x1945, 0x1945, 0x1945, 0x1925, 0x1925, 0x1925, 0x1925, 0x1925, 0x1925, 
	0x1925, 0x1925, 0x1925, 0x1945, 0x2145, 0x2145, 0x2145, 0x2145, 0x2145, 0x2125, 0x2125, 0x2125, 0x2125, 0x2125, 0x2145, 0x2145, 
	0x2125, 0x1925, 0x1925, 0x1925, 0x1925, 0x1925, 0x1925, 0x1925, 0x2146, 0x2125, 0x1925, 0x1925, 0x2125, 0x2125, 0x1925, 0x1925, 
	0x2125, 0x2125, 0x1925, 0x1925, 0x1925, 0x1925, 0x1925, 0x1925, 0x1925, 0x1925, 0x1925, 0x1925, 0x1925, 0x1925, 0x1925, 0x1925, 
	0x1925, 0x1945, 0x1925, 0x1925, 0x1925, 0x1945, 0x2145, 0x1925, 0x1925, 0x1925, 0x1945, 0x1945, 0x1925, 0x1925, 0x1925, 0x1925, 
	0x2145, 0x1925, 0x1925, 0x1905, 0x1925, 0x1925, 0x1925, 0x1905, 0x1925, 0x1925, 0x1925, 0x1925, 0x1925, 0x1925, 0x2125, 0x2125, 
	0x1925, 0x1925, 0x1925, 0x1925, 0x1925, 0x1925, 0x2125, 0x2125, 0x1925, 0x1925, 0x1925, 0x2125, 0x2145, 0x2145, 0x1925, 0x1925, 
	0x1925, 0x1925, 0x1925, 0x1925, 0x1925, 0x1925, 0x1925, 0x1925, 0x1925, 0x1925, 0x1925, 0x1925, 0x1925, 0x1945, 0x1945, 0x1945, 
	0x1925, 0x1945, 0x1945, 0x2145, 0x2145, 0x2145, 0x2125, 0x2125, 0x2125, 0x2125, 0x2125, 0x1925, 0x1925, 0x1925, 0x1925, 0x2145, 
	0x1925, 0x1925, 0x1925, 0x1925, 0x1925, 0x1925, 0x1925, 0x2145, 0x2145, 0x2145, 0x2145, 0x2145, 0x1925, 0x1925, 0x1925, 0x1925, 
	0x2145, 0x1925, 0x1925, 0x1925, 0x1925, 0x1925, 0x1925, 0x1925, 0x1925, 0x1925, 0x2145, 0x2125, 0x2125, 0x2125, 0x2125, 0x2125, 
	0x1925, 0x2125, 0x2146, 0x2146, 0x2125, 0x2125, 0x2125, 0x2146, 0x2125, 0x2125, 0x2125, 0x2125, 0x2125, 0x2125, 0x2125, 0x2125, 
	0x2145, 0x2145, 0x2125, 0x1925, 0x1925, 0x1925, 0x1925, 0x1925, 0x2125, 0x2125, 0x1925, 0x1925, 0x1925, 0x1925, 0x1925, 0x1925, 
	0x1925, 0x1925, 0x1925, 0x1925, 0x1925, 0x1925, 0x1925, 0x1925, 0x1925, 0x1925, 0x1925, 0x1925, 0x1925, 0x1925, 0x1925, 0x2145, 
	0x1925, 0x1925, 0x1925, 0x1925, 0x1925, 0x1925, 0x1925, 0x1925, 0x2145, 0x1925, 0x1925, 0x1925, 0x2145, 0x2145, 0x2145, 0x1945, 
	0x1925, 0x1945, 0x1945, 0x1945, 0x1925, 0x1925, 0x1945, 0x1945, 0x1925, 0x1925, 0x1945, 0x1925, 0x1925, 0x1925, 0x1925, 0x1925, 
	0x1924, 0x1925, 0x1925, 0x1925, 0x1945, 0x1945, 0x1925, 0x1925, 0x1925, 0x1925, 0x1925, 0x2125, 0x2125, 0x2125, 0x2125, 0x2125, 
	0x1925, 0x1925, 0x1925, 0x1925, 0x1925, 0x1925, 0x1925, 0x1925, 0x1925, 0x1925, 0x1925, 0x1925, 0x1925, 0x1925, 0x1925, 0x1925, 
	0x1925, 0x1925, 0x1925, 0x1925, 0x1925, 0x1925, 0x1925, 0x1925, 0x1925, 0x1925, 0x1925, 0x1925, 0x1925, 0x1925, 0x1925, 0x1925, 
	0x1925, 0x1945, 0x1925, 0x1925, 0x1925, 0x1925, 0x1925, 0x1925, 0x1925, 0x1925, 0x1925, 0x1925, 0x1925, 0x1925, 0x1925, 0x1925, 
	0x1925, 0x1925, 0x1925, 0x1925, 0x1925, 0x1925, 0x1925, 0x1925, 0x1925, 0x1925, 0x1925, 0x1925, 0x1925, 0x1925, 0x1925, 0x1925, 
	0x1925, 0x1925, 0x1925, 0x1925, 0x1925, 0x1925, 0x1925, 0x1925, 0x1925, 0x1925, 0x1925, 0x1925, 0x1925, 0x1925, 0x1925, 0x1925, 
	0x1925, 0x1925, 0x1925, 0x1925, 0x1925, 0x1925, 0x1925, 0x1925, 0x1925, 0x1925, 0x1925, 0x1925, 0x1925, 0x1925, 0x1925, 0x1925, 
	0x1925, 0x1925, 0x2145, 0x2145, 0x2145, 0x2125, 0x2125, 0x2125, 0x2125, 0x2125, 0x2125, 0x1925, 0x1925, 0x1925, 0x1925, 0x1925, 
	0x1925, 0x1925, 0x1905, 0x1925, 0x1925, 0x1925, 0x1925, 0x1925, 0x1925, 0x1925, 0x1925, 0x1925, 0x1925, 0x1925, 0x1925, 0x2145, 
	0x2145, 0x2145, 0x2125, 0x2125, 0x2145, 0x2145, 0x2145, 0x2145, 0x1925, 0x1925, 0x2145, 0x2125, 0x2125, 0x2125, 0x2125, 0x2125, 
	0x1925, 0x1925, 0x2125, 0x2125, 0x1925, 0x1925, 0x1925, 0x2125, 0x1925, 0x2125, 0x2125, 0x2125, 0x1925, 0x1925, 0x2125, 0x2125, 
	0x2125, 0x2125, 0x1925, 0x1925, 0x1925, 0x1925, 0x1925, 0x1925, 0x1925, 0x1925, 0x1925, 0x1925, 0x1925, 0x1925, 0x1925, 0x1925, 
	0x1925, 0x1925, 0x1925, 0x1925, 0x1925, 0x1925, 0x1925, 0x1925, 0x1925, 0x1925, 0x1925, 0x1925, 0x1925, 0x1925, 0x1925, 0x2145, 
	0x1925, 0x1925, 0x1925, 0x1925, 0x1925, 0x1925, 0x1925, 0x1925, 0x1925, 0x1925, 0x1925, 0x1925, 0x1925, 0x1945, 0x1945, 0x1925, 
	0x1925, 0x1945, 0x1945, 0x1945, 0x1925, 0x1925, 0x1925, 0x1945, 0x1945, 0x1945, 0x1945, 0x1945, 0x1925, 0x1925, 0x1925, 0x1945, 
	0x1945, 0x1925, 0x1925, 0x1925, 0x1925, 0x1925, 0x1925, 0x1925, 0x1925, 0x1925, 0x1925, 0x2125, 0x2125, 0x2125, 0x1925, 0x1925, 
	0x1925, 0x1925, 0x1925, 0x1925, 0x1925, 0x1925, 0x1925, 0x1925, 0x1925, 0x1925, 0x1925, 0x1925, 0x1925, 0x1925, 0x1925, 0x1925, 
	0x1925, 0x1925, 0x1925, 0x1925, 0x1925, 0x1925, 0x1925, 0x1925, 0x2125, 0x2125, 0x2125, 0x2125, 0x2125, 0x2125, 0x2125, 0x2125, 
	0x1925, 0x1925, 0x1925, 0x1925, 0x1925, 0x1925, 0x1925, 0x1925, 0x1925, 0x1925, 0x1925, 0x1925, 0x1925, 0x1925, 0x1925, 0x1925, 
	0x2145, 0x1925, 0x1925, 0x1925, 0x1925, 0x1925, 0x1925, 0x1925, 0x1925, 0x1925, 0x1925, 0x1925, 0x1925, 0x1925, 0x1925, 0x2125, 
	0x2125, 0x1925, 0x1925, 0x1925, 0x1925, 0x1925, 0x1925, 0x1925, 0x1925, 0x1925, 0x1925, 0x1925, 0x1925, 0x1925, 0x1925, 0x1925, 
	0x1925, 0x1925, 0x1925, 0x1925, 0x1925, 0x1925, 0x1925, 0x1925, 0x1925, 0x1925, 0x1925, 0x1925, 0x1925, 0x1925, 0x1925, 0x1925, 
	0x1945, 0x1945, 0x2145, 0x2125, 0x2125, 0x2125, 0x2125, 0x2125, 0x2125, 0x2125, 0x2125, 0x1925, 0x1925, 0x1925, 0x1925, 0x1925, 
	0x1925, 0x1925, 0x1925, 0x1925, 0x1925, 0x1925, 0x1925, 0x1925, 0x1925, 0x1925, 0x1925, 0x1925, 0x1925, 0x1925, 0x1925, 0x1945, 
	0x1925, 0x1925, 0x1925, 0x1925, 0x1925, 0x1925, 0x1925, 0x1925, 0x1925, 0x1925, 0x1925, 0x1925, 0x1925, 0x1925, 0x1925, 0x1925, 
	0x1925, 0x1925, 0x1925, 0x1925, 0x1925, 0x1925, 0x1925, 0x1925, 0x1925, 0x1925, 0x2125, 0x2125, 0x1925, 0x1925, 0x1925, 0x2125, 
	0x1925, 0x1925, 0x1925, 0x1925, 0x1925, 0x1925, 0x1925, 0x2125, 0x1925, 0x1925, 0x1925, 0x1925, 0x1925, 0x1925, 0x1925, 0x1925, 
	0x1925, 0x1925, 0x1925, 0x1925, 0x1925, 0x1925, 0x1925, 0x1925, 0x1925, 0x1925, 0x1925, 0x1925, 0x1925, 0x1925, 0x1925, 0x2145, 
	0x1925, 0x1925, 0x1925, 0x1925, 0x1925, 0x1925, 0x1925, 0x1925, 0x1925, 0x1925, 0x1925, 0x1925, 0x1925, 0x1925, 0x1925, 0x1925, 
	0x1925, 0x1945, 0x1925, 0x1925, 0x1925, 0x1925, 0x1925, 0x1925, 0x1945, 0x1945, 0x1945, 0x1945, 0x1945, 0x1945, 0x1945, 0x1945, 
	0x1945, 0x1945, 0x1925, 0x1925, 0x1925, 0x1925, 0x1925, 0x1925, 0x1925, 0x1925, 0x1925, 0x1925, 0x1925, 0x1925, 0x1925, 0x1925, 
	0x1925, 0x1925, 0x1925, 0x1925, 0x1925, 0x1925, 0x1925, 0x2125, 0x1925, 0x1925, 0x1925, 0x1925, 0x1925, 0x1925, 0x1925, 0x1925, 
	0x1925, 0x1925, 0x1925, 0x1925, 0x1925, 0x1925, 0x1925, 0x1925, 0x1925, 0x1925, 0x1925, 0x1925, 0x1925, 0x1925, 0x1925, 0x1925, 
	0x1925, 0x1925, 0x1925, 0x1925, 0x1925, 0x1925, 0x1925, 0x1925, 0x1925, 0x1925, 0x1945, 0x1945, 0x2145, 0x2145, 0x2145, 0x2145, 
	0x2145, 0x2125, 0x1925, 0x1925, 0x2125, 0x2125, 0x2125, 0x2125, 0x1925, 0x1925, 0x1925, 0x1925, 0x1925, 0x1925, 0x2125, 0x2125, 
	0x2125, 0x1925, 0x1925, 0x1925, 0x1925, 0x1925, 0x1925, 0x1925, 0x1925, 0x1925, 0x1925, 0x1925, 0x1925, 0x1925, 0x1925, 0x1925, 
	0x1925, 0x1925, 0x1925, 0x1925, 0x1925, 0x1925, 0x1925, 0x1925, 0x1925, 0x1925, 0x1925, 0x1925, 0x1925, 0x1925, 0x1925, 0x1925, 
	0x1945, 0x1945, 0x2145, 0x1925, 0x1925, 0x2125, 0x2125, 0x2125, 0x2125, 0x2125, 0x2125, 0x1925, 0x1925, 0x1925, 0x1945, 0x2145, 
	0x1945, 0x1925, 0x1925, 0x1925, 0x1925, 0x1925, 0x1925, 0x1925, 0x1925, 0x1925, 0x1925, 0x1925, 0x1925, 0x1925, 0x1925, 0x1925, 
	0x1925, 0x1925, 0x1925, 0x1925, 0x1925, 0x1925, 0x1925, 0x1925, 0x1925, 0x1925, 0x1925, 0x1925, 0x1925, 0x1925, 0x1925, 0x1925, 
	0x1925, 0x1925, 0x1925, 0x1925, 0x1925, 0x1925, 0x1925, 0x2125, 0x1925, 0x1925, 0x2125, 0x1925, 0x1925, 0x1925, 0x1925, 0x2125, 
	0x1925, 0x1925, 0x1925, 0x1925, 0x1925, 0x1925, 0x1925, 0x1925, 0x1925, 0x1925, 0x1925, 0x1925, 0x1925, 0x1925, 0x1925, 0x1925, 
	0x1925, 0x1925, 0x1925, 0x1925, 0x1925, 0x1925, 0x1925, 0x1925, 0x1925, 0x1925, 0x1925, 0x1925, 0x1925, 0x1925, 0x1905, 0x1925, 
	0x1925, 0x1925, 0x1925, 0x1925, 0x1925, 0x1925, 0x1925, 0x1925, 0x1925, 0x1925, 0x1925, 0x1925, 0x1925, 0x1925, 0x1925, 0x1925, 
	0x1925, 0x1925, 0x1925, 0x1925, 0x1945, 0x1945, 0x1945, 0x1925, 0x1925, 0x1925, 0x1925, 0x1925, 0x1925, 0x1925, 0x1945, 0x1945, 
	0x1945, 0x1945, 0x1945, 0x1925, 0x1925, 0x1925, 0x1925, 0x1925, 0x1925, 0x1925, 0x1925, 0x1925, 0x1925, 0x1925, 0x1925, 0x1925, 
	0x1925, 0x1925, 0x2125, 0x1925, 0x1925, 0x1925, 0x2125, 0x2146, 0x1925, 0x1925, 0x1925, 0x1925, 0x1925, 0x1925, 0x1925, 0x1925, 
	0x1925, 0x1925, 0x1925, 0x1925, 0x1925, 0x1925, 0x1925, 0x1925, 0x1925, 0x1925, 0x1925, 0x1925, 0x1925, 0x1925, 0x1925, 0x1925, 
	0x1925, 0x1925, 0x1925, 0x1925, 0x1925, 0x1925, 0x1925, 0x1925, 0x1925, 0x1925, 0x1925, 0x1945, 0x2145, 0x2145, 0x2145, 0x2145, 
	0x2145, 0x2125, 0x1925, 0x1925, 0x1925, 0x2125, 0x1925, 0x1925, 0x1925, 0x1925, 0x1925, 0x1925, 0x1925, 0x1925, 0x1925, 0x1925, 
	0x2125, 0x1925, 0x1925, 0x1925, 0x1925, 0x1925, 0x1925, 0x1925, 0x1925, 0x1925, 0x1925, 0x1925, 0x1925, 0x1925, 0x1925, 0x1925, 
	0x1925, 0x1925, 0x1925, 0x1925, 0x1925, 0x1925, 0x1925, 0x1925, 0x1925, 0x1925, 0x1925, 0x1925, 0x1925, 0x1925, 0x1925, 0x1925, 
	0x2145, 0x2145, 0x1925, 0x1925, 0x1925, 0x2125, 0x2125, 0x2125, 0x2125, 0x2125, 0x2125, 0x1925, 0x1925, 0x1925, 0x2145, 0x2145, 
	0x1945, 0x1945, 0x1925, 0x1925, 0x1925, 0x1925, 0x1925, 0x1925, 0x1925, 0x1925, 0x1925, 0x1925, 0x1925, 0x1925, 0x1925, 0x1925, 
	0x1925, 0x1925, 0x1925, 0x1925, 0x1925, 0x1925, 0x1925, 0x1925, 0x2125, 0x1925, 0x1925, 0x1925, 0x1925, 0x1925, 0x1925, 0x1925, 
	0x2125, 0x2125, 0x1925, 0x1925, 0x1925, 0x1925, 0x1925, 0x2125, 0x1925, 0x1925, 0x1925, 0x1925, 0x1925, 0x1925, 0x1925, 0x1925, 
	0x2125, 0x2125, 0x2125, 0x2125, 0x2125, 0x2125, 0x2125, 0x2125, 0x1925, 0x1925, 0x1925, 0x1925, 0x1925, 0x1925, 0x1925, 0x1925, 
	0x1925, 0x1925, 0x1925, 0x1925, 0x1925, 0x1925, 0x1925, 0x1925, 0x1925, 0x1925, 0x1925, 0x1925, 0x1925, 0x1925, 0x1905, 0x1925, 
	0x1925, 0x1925, 0x1925, 0x1925, 0x1925, 0x1925, 0x1925, 0x1925, 0x1925, 0x1925, 0x1925, 0x1925, 0x1925, 0x1925, 0x1945, 0x1925, 
	0x1925, 0x1925, 0x1925, 0x1925, 0x1945, 0x1945, 0x1945, 0x1945, 0x1925, 0x1925, 0x1925, 0x1925, 0x1925, 0x1925, 0x1945, 0x1945, 
	0x1925, 0x1925, 0x1925, 0x1925, 0x1925, 0x1925, 0x1925, 0x1925, 0x1925, 0x1925, 0x1925, 0x1925, 0x1925, 0x1925, 0x1925, 0x1925, 
	0x1925, 0x1925, 0x2125, 0x2125, 0x1925, 0x1925, 0x1925, 0x2146, 0x2125, 0x1925, 0x1925, 0x2125, 0x2125, 0x1925, 0x1925, 0x1925, 
	0x2125, 0x1925, 0x1925, 0x1925, 0x2125, 0x2125, 0x1925, 0x1925, 0x1925, 0x1925, 0x1925, 0x1925, 0x1925, 0x1925, 0x1925, 0x1925, 
	0x1925, 0x1925, 0x1925, 0x1925, 0x1925, 0x1925, 0x1925, 0x1925, 0x1925, 0x1925, 0x1925, 0x1925, 0x1945, 0x2145, 0x2145, 0x1925, 
	0x2145, 0x2125, 0x1925, 0x1925, 0x1925, 0x1925, 0x1925, 0x1925, 0x1925, 0x1925, 0x1925, 0x1925, 0x1925, 0x1925, 0x1925, 0x1925, 
	0x1925, 0x1925, 0x1925, 0x1925, 0x1925, 0x1925, 0x1925, 0x1925, 0x1925, 0x1925, 0x1925, 0x1925, 0x1925, 0x1925, 0x1925, 0x1925, 
	0x1925, 0x1925, 0x1925, 0x1925, 0x1925, 0x1925, 0x1925, 0x1925, 0x1925, 0x1925, 0x1925, 0x1925, 0x1925, 0x1925, 0x1925, 0x1925, 
	0x1925, 0x1925, 0x1925, 0x1925, 0x1925, 0x2125, 0x2125, 0x2145, 0x1925, 0x2125, 0x2125, 0x2125, 0x1925, 0x1925, 0x1925, 0x1925, 
	0x1925, 0x1925, 0x1925, 0x1925, 0x1925, 0x1925, 0x1925, 0x1925, 0x1925, 0x1925, 0x1925, 0x1925, 0x1925, 0x1925, 0x1925, 0x1925, 
	0x2125, 0x2125, 0x2125, 0x1925, 0x1925, 0x1925, 0x1925, 0x1925, 0x1925, 0x1925, 0x1925, 0x1925, 0x1925, 0x1925, 0x2125, 0x2125, 
	0x1925, 0x1925, 0x1925, 0x1925, 0x1925, 0x1925, 0x1925, 0x1925, 0x1925, 0x1925, 0x1925, 0x1925, 0x1925, 0x1925, 0x1925, 0x1925, 
	0x1925, 0x1925, 0x1925, 0x1925, 0x1925, 0x1925, 0x1925, 0x2125, 0x1925, 0x1925, 0x1925, 0x1925, 0x1925, 0x1925, 0x1925, 0x1925, 
	0x1925, 0x1925, 0x1925, 0x1925, 0x1925, 0x1925, 0x1925, 0x1925, 0x1925, 0x1925, 0x1925, 0x1925, 0x1925, 0x1925, 0x1925, 0x1925, 
	0x1925, 0x1925, 0x1925, 0x1925, 0x1925, 0x1925, 0x1925, 0x1925, 0x1925, 0x1925, 0x1925, 0x1925, 0x1925, 0x1925, 0x1925, 0x1925, 
	0x1925, 0x1925, 0x1925, 0x1945, 0x1945, 0x1945, 0x1945, 0x1945, 0x1925, 0x1925, 0x1925, 0x1925, 0x1925, 0x1925, 0x1945, 0x1945, 
	0x1945, 0x1925, 0x1925, 0x1925, 0x1925, 0x1925, 0x1925, 0x1925, 0x1925, 0x1925, 0x1925, 0x1925, 0x1925, 0x1925, 0x1925, 0x1925, 
	0x1925, 0x1925, 0x1925, 0x1925, 0x1925, 0x1925, 0x1925, 0x2125, 0x2125, 0x1925, 0x1925, 0x2125, 0x2125, 0x1925, 0x1925, 0x1925, 
	0x1925, 0x1925, 0x1925, 0x1925, 0x1925, 0x1925, 0x1925, 0x1925, 0x1925, 0x1925, 0x1925, 0x1925, 0x1925, 0x1925, 0x1925, 0x1925, 
	0x1925, 0x1925, 0x1925, 0x1925, 0x1925, 0x1925, 0x1925, 0x1925, 0x1925, 0x1925, 0x1925, 0x1925, 0x1945, 0x1945, 0x1925, 0x1925, 
	0x1925, 0x1925, 0x1925, 0x1925, 0x1925, 0x1925, 0x1925, 0x1925, 0x1925, 0x1925, 0x1925, 0x1925, 0x1925, 0x1925, 0x1925, 0x1925, 
	0x1925, 0x1925, 0x1925, 0x1925, 0x1925, 0x1925, 0x1925, 0x1925, 0x1925, 0x1925, 0x1925, 0x1925, 0x1925, 0x1925, 0x1925, 0x1925, 
	0x1925, 0x1925, 0x1925, 0x1925, 0x1925, 0x1925, 0x1925, 0x1925, 0x1925, 0x1925, 0x1925, 0x1925, 0x1925, 0x1925, 0x1925, 0x1925, 
	0x1925, 0x1925, 0x1925, 0x1925, 0x1925, 0x2125, 0x2125, 0x2125, 0x1925, 0x1925, 0x2125, 0x2125, 0x1925, 0x1925, 0x1925, 0x1925, 
	0x1925, 0x1925, 0x1925, 0x1925, 0x1925, 0x1925, 0x1925, 0x1925, 0x1925, 0x1925, 0x1925, 0x1925, 0x1925, 0x1925, 0x1925, 0x1925, 
	0x2125, 0x2125, 0x2125, 0x1925, 0x1925, 0x1925, 0x1925, 0x1925, 0x1925, 0x1925, 0x1925, 0x1925, 0x1925, 0x1925, 0x1925, 0x2125, 
	0x1925, 0x1925, 0x1925, 0x1925, 0x1925, 0x1925, 0x1925, 0x1925, 0x2125, 0x1925, 0x1925, 0x1925, 0x2125, 0x2125, 0x1925, 0x1925, 
	0x1925, 0x1925, 0x1925, 0x1925, 0x1925, 0x1925, 0x1925, 0x1925, 0x1925, 0x1925, 0x1925, 0x1925, 0x1925, 0x1925, 0x1925, 0x1925, 
	0x1925, 0x1925, 0x1925, 0x1925, 0x1925, 0x1925, 0x1925, 0x1925, 0x1905, 0x1925, 0x1905, 0x1925, 0x1925, 0x1925, 0x1925, 0x1925, 
	0x1925, 0x1925, 0x1925, 0x1925, 0x1925, 0x1925, 0x1925, 0x1925, 0x1925, 0x1925, 0x1925, 0x1925, 0x1925, 0x1925, 0x1925, 0x1925, 
	0x1925, 0x1945, 0x1945, 0x1945, 0x1945, 0x1945, 0x1945, 0x1945, 0x1925, 0x1925, 0x1945, 0x1945, 0x1945, 0x1945, 0x1945, 0x1945, 
	0x1945, 0x1945, 0x1925, 0x1925, 0x1925, 0x1925, 0x1925, 0x1925, 0x1925, 0x1925, 0x1925, 0x1925, 0x1925, 0x1925, 0x1925, 0x1925, 
	0x1925, 0x1925, 0x1925, 0x1925, 0x1925, 0x1925, 0x1925, 0x1925, 0x1925, 0x1925, 0x1925, 0x1925, 0x1925, 0x1925, 0x1925, 0x1925, 
	0x1925, 0x1925, 0x1905, 0x1925, 0x1925, 0x1925, 0x1925, 0x1925, 0x1925, 0x1925, 0x1925, 0x1925, 0x1925, 0x1925, 0x1925, 0x1925, 
	0x1925, 0x1925, 0x1925, 0x1925, 0x1925, 0x1925, 0x1925, 0x1945, 0x1925, 0x1925, 0x1925, 0x1945, 0x1945, 0x1945, 0x1925, 0x1925, 
	0x1925, 0x1925, 0x1925, 0x1925, 0x1925, 0x2125, 0x2145, 0x2145, 0x1925, 0x1925, 0x1925, 0x1925, 0x1925, 0x1925, 0x1925, 0x1925, 
	0x1925, 0x1925, 0x1925, 0x1925, 0x1925, 0x1925, 0x1925, 0x1925, 0x1925, 0x1925, 0x1925, 0x1925, 0x1925, 0x1925, 0x1925, 0x1925, 
	0x1925, 0x1925, 0x1925, 0x1925, 0x1925, 0x1925, 0x1925, 0x1925, 0x1925, 0x1925, 0x1925, 0x1925, 0x1925, 0x1925, 0x1925, 0x2125, 
	0x1925, 0x2125, 0x2125, 0x2125, 0x1925, 0x1925, 0x1925, 0x1925, 0x1925, 0x1925, 0x2125, 0x2125, 0x1925, 0x1925, 0x1925, 0x1925, 
	0x2125, 0x1925, 0x1925, 0x1925, 0x1925, 0x1925, 0x1925, 0x1925, 0x1925, 0x1925, 0x1925, 0x1925, 0x1925, 0x1925, 0x1925, 0x1925, 
	0x2125, 0x2125, 0x1925, 0x1925, 0x1925, 0x1925, 0x1925, 0x1925, 0x1925, 0x1925, 0x1925, 0x1925, 0x2125, 0x1925, 0x1925, 0x1925, 
	0x1925, 0x1925, 0x1925, 0x2125, 0x2125, 0x2125, 0x1925, 0x1925, 0x2125, 0x1925, 0x1925, 0x1925, 0x2125, 0x2145, 0x2125, 0x1925, 
	0x2125, 0x2125, 0x2125, 0x2125, 0x2125, 0x2125, 0x2125, 0x2125, 0x1925, 0x1925, 0x1925, 0x1925, 0x1925, 0x1925, 0x1925, 0x1925, 
	0x1925, 0x1925, 0x1925, 0x1925, 0x1925, 0x1925, 0x1925, 0x1925, 0x1905, 0x1905, 0x1905, 0x1925, 0x1925, 0x1925, 0x1905, 0x1925, 
	0x1925, 0x1925, 0x1924, 0x1924, 0x1924, 0x1925, 0x1925, 0x1925, 0x1925, 0x1925, 0x1925, 0x1925, 0x1925, 0x1925, 0x1925, 0x1925, 
	0x1945, 0x1945, 0x2145, 0x1945, 0x1945, 0x1925, 0x1945, 0x1945, 0x1925, 0x1925, 0x1945, 0x1945, 0x1945, 0x1945, 0x1945, 0x1945, 
	0x1925, 0x1945, 0x1945, 0x1925, 0x1925, 0x1925, 0x1925, 0x1925, 0x1925, 0x1925, 0x1925, 0x1925, 0x1925, 0x1925, 0x1925, 0x1925, 
	0x1925, 0x1925, 0x1925, 0x1925, 0x1925, 0x1925, 0x1925, 0x1925, 0x1925, 0x1925, 0x1925, 0x1925, 0x1925, 0x1925, 0x1925, 0x1925, 
	0x1925, 0x1925, 0x1925, 0x1925, 0x1925, 0x1925, 0x1925, 0x1925, 0x1925, 0x1925, 0x1925, 0x1925, 0x1925, 0x1925, 0x1925, 0x1925, 
	0x2125, 0x1925, 0x1925, 0x2145, 0x1945, 0x1925, 0x1945, 0x2145, 0x1925, 0x1925, 0x1945, 0x1945, 0x1925, 0x1925, 0x1925, 0x1925, 
	0x2145, 0x1925, 0x1925, 0x1925, 0x1925, 0x1925, 0x1925, 0x1925, 0x1925, 0x1925, 0x1925, 0x1925, 0x1925, 0x1925, 0x1925, 0x1925, 
	0x1925, 0x1925, 0x1925, 0x1925, 0x1925, 0x1925, 0x1925, 0x1925, 0x1925, 0x1925, 0x1925, 0x1925, 0x1925, 0x1925, 0x1925, 0x1925, 
	0x1925, 0x1925, 0x1925, 0x1925, 0x1925, 0x1925, 0x1925, 0x1925, 0x1925, 0x1925, 0x1925, 0x1925, 0x1925, 0x1925, 0x1925, 0x2125, 
	0x2125, 0x2125, 0x2125, 0x2125, 0x2125, 0x1925, 0x1925, 0x1925, 0x2125, 0x2125, 0x2125, 0x2125, 0x1925, 0x1925, 0x2125, 0x2125, 
	0x2125, 0x1925, 0x1925, 0x1925, 0x1925, 0x1925, 0x1925, 0x1925, 0x1925, 0x1925, 0x1925, 0x1925, 0x1925, 0x1925, 0x1925, 0x2125, 
	0x1925, 0x1925, 0x1925, 0x1925, 0x1925, 0x1925, 0x1925, 0x1925, 0x1925, 0x2125, 0x2125, 0x2125, 0x2125, 0x2125, 0x1925, 0x1925
};